symbol,date,set,setupId,family,readyTime,score,quality,trend,structure,trader,classification,outcome,R,trigger,stop,invalidation,t1,t2,rr,extension,vwap,ema9,ema20,relVol,why
"ABNB","2026-08-31","BLIND","PULLBACK_CONTINUATION@182.88","PULLBACK_CONTINUATION","13:35",6,"Neutral","UP","VALID STRUCTURE","ACTIONABLE","VALID","NO FILL","",183.35,182.85,182.88,184.22,184.55,1.74,-0.08,185.41,183.23,183.18,1.57,""
"ABNB","2026-08-31","BLIND","PULLBACK_CONTINUATION@183.33","PULLBACK_CONTINUATION","13:51",6,"Neutral","UP","VALID STRUCTURE","ACTIONABLE","VALID","NO FILL","",183.75,183.3,183.33,184.55,184.57,1.77,-0.37,185.2,183.66,183.54,3.65,""
"ABNB","2026-09-01","BLIND","PULLBACK_CONTINUATION@182.37","PULLBACK_CONTINUATION","13:13",9,"Strong","UP","VALID STRUCTURE","ACTIONABLE","VALID","NO FILL","",182.7,182.34,182.37,183.36,183.39,1.84,-0.08,182.51,182.64,182.51,1.26,""
"ABNB","2026-09-01","BLIND","PULLBACK_CONTINUATION@182.80","PULLBACK_CONTINUATION","13:32",9,"Strong","UP","VALID STRUCTURE","ACTIONABLE","VALID","NO FILL","",183,182.77,182.8,183.36,183.39,1.59,0.56,182.54,182.94,182.86,1.2,""
"ABNB","2026-09-01","BLIND","PULLBACK_CONTINUATION@183.22","PULLBACK_CONTINUATION","13:52",8,"Strong","UP","VALID STRUCTURE","ACTIONABLE","VALID","NO FILL","",183.49,183.19,183.22,184.14,184.22,2.13,-0.23,182.58,183.37,183.24,1.1,""
"ABNB","2026-09-01","BLIND","PULLBACK_CONTINUATION@182.13","PULLBACK_CONTINUATION","15:50",7,"Good","UP","VALID STRUCTURE","QUESTIONABLE","AMBIGUOUS","NO FILL","",182.56,182.09,182.13,183.36,183.39,1.68,-0.83,182.77,182.46,182.42,2.12,"entry within 15 minutes of the close"
"ABNB","2026-09-02","BLIND","STRUCTURAL_BASE|10:33|10:36","STRUCTURAL_BASE","10:40",7,"Neutral","RANGE","VALID STRUCTURE","ACTIONABLE","VALID","NO FILL","",181.26,180.54,180.6,182.8,183.1,2.14,0.58,181.39,181.07,181.03,1.23,""
"ABNB","2026-09-02","BLIND","STRUCTURAL_BASE|12:07|12:09","STRUCTURAL_BASE","12:16",7,"Good","RANGE","VALID STRUCTURE","ACTIONABLE","VALID","NO FILL","",182.65,182.43,182.46,183.1,183.28,2.09,1.01,181.55,182.61,182.52,1.37,""
"ABNB","2026-09-03","BLIND","PULLBACK_CONTINUATION|11:22|11:19","PULLBACK_CONTINUATION","11:26",7,"Good","UP","VALID STRUCTURE","ACTIONABLE","VALID","NO FILL","",186.3,186.03,186.06,186.85,187,1.99,-0.33,185.21,186.14,185.88,0.45,""
"ABNB","2026-09-03","BLIND","PULLBACK_CONTINUATION@186.06","PULLBACK_CONTINUATION","11:28",7,"Good","UP","VALID STRUCTURE","ACTIONABLE","VALID","NO FILL","",186.4,186.02,186.06,187,187.34,1.59,-0.03,185.22,186.28,186,0.23,""
"ABNB","2026-09-03","BLIND","PULLBACK_CONTINUATION@185.54","PULLBACK_CONTINUATION","13:28",8,"Strong","UP","VALID STRUCTURE","ACTIONABLE","VALID","NO FILL","",186.01,185.51,185.54,186.85,187,1.68,-0.3,185.66,185.92,185.87,0.97,""
"ABNB","2026-09-03","BLIND","PULLBACK_CONTINUATION@185.28","PULLBACK_CONTINUATION","15:07",6,"Good","UP","VALID STRUCTURE","ACTIONABLE","VALID","NO FILL","",185.56,185.26,185.28,186.18,186.29,2.05,-0.57,185.67,185.45,185.39,0.8,""
"ABNB","2026-09-04","BLIND","PULLBACK_CONTINUATION@181.95","PULLBACK_CONTINUATION","13:09",7,"Good","UP","VALID STRUCTURE","ACTIONABLE","VALID","NO FILL","",182.39,181.93,181.95,184.51,183.55,4.56,-0.51,182.13,182.26,182.17,0.87,""
"ABNB","2026-09-04","BLIND","PULLBACK_CONTINUATION@182.25","PULLBACK_CONTINUATION","13:22",7,"Good","UP","VALID STRUCTURE","ACTIONABLE","VALID","NO FILL","",182.46,182.23,182.25,183,184.51,2.34,-0.12,182.14,182.39,182.33,1.05,""
"ARM","2026-08-31","BLIND","PULLBACK_CONTINUATION@239.05","PULLBACK_CONTINUATION","09:53",7,"Good","UP","VALID STRUCTURE","ACTIONABLE","VALID","NO FILL","",243.05,238.81,239.05,251.52,255.76,2,-0.18,240.95,242.37,241.59,0.62,""
"ARM","2026-08-31","BLIND","PULLBACK_CONTINUATION@239.30","PULLBACK_CONTINUATION","13:52",6,"Neutral","UP","VALID STRUCTURE","ACTIONABLE","VALID","NO FILL","",239.68,239.26,239.3,240.51,241.03,1.98,-0.11,240.22,239.83,239.57,1.48,""
"ARM","2026-08-31","BLIND","PULLBACK_CONTINUATION@240.29","PULLBACK_CONTINUATION","14:02",7,"Good","UP","VALID STRUCTURE","ACTIONABLE","VALID","NO FILL","",240.64,240.24,240.29,241.26,241.87,1.55,-0.06,240.23,240.42,240.14,0.91,""
"ARM","2026-08-31","BLIND","PULLBACK_CONTINUATION@240.52","PULLBACK_CONTINUATION","14:11",8,"Good","UP","VALID STRUCTURE","ACTIONABLE","VALID","NO FILL","",240.95,240.48,240.52,241.87,241.93,1.96,-0.39,240.24,240.71,240.49,1.78,""
"ARM","2026-08-31","BLIND","PULLBACK_CONTINUATION@240.71","PULLBACK_CONTINUATION","14:24",8,"Good","UP","VALID STRUCTURE","ACTIONABLE","VALID","NO FILL","",241.03,240.66,240.71,241.87,241.93,2.3,-0.54,240.26,240.9,240.77,1.37,""
"ARM","2026-08-31","BLIND","STRUCTURAL_BASE|14:19|14:24","STRUCTURAL_BASE","14:33",7,"Neutral","RANGE","VALID STRUCTURE","ACTIONABLE","VALID","NO FILL","",241.17,240.67,240.71,241.93,242.12,1.52,0.24,240.27,240.96,240.88,1.57,""
"ARM","2026-08-31","BLIND","RECLAIM_CONTINUATION|שפל 14:31@240.64|14:44","RECLAIM_CONTINUATION","14:55",7,"Good","UP","VALID STRUCTURE","ACTIONABLE","VALID","WIN",0.94,240.92,240.54,240.59,241.51,241.87,1.56,-0.77,240.3,241.02,240.96,0.37,""
"ARM","2026-08-31","BLIND","PULLBACK_CONTINUATION|15:06|15:03","PULLBACK_CONTINUATION","15:10",7,"Good","UP","VALID STRUCTURE","ACTIONABLE","VALID","NO FILL","",241.04,240.82,240.85,241.51,241.87,2.16,-0.65,240.32,241,240.99,1.2,""
"ARM","2026-08-31","BLIND","PULLBACK_CONTINUATION@241.00","PULLBACK_CONTINUATION","15:35",7,"Good","UP","VALID STRUCTURE","ACTIONABLE","VALID","NO FILL","",241.57,240.96,241,243.4,243.7,3.01,-0.06,240.37,241.37,241.21,1.09,""
"ARM","2026-08-31","BLIND","PULLBACK_CONTINUATION@241.38","PULLBACK_CONTINUATION","15:40",8,"Good","UP","VALID STRUCTURE","ACTIONABLE","VALID","NO FILL","",241.59,241.34,241.38,242.12,243.4,2.15,-0.07,240.39,241.47,241.33,1.81,""
"ARM","2026-08-31","BLIND","PULLBACK_CONTINUATION@241.39","PULLBACK_CONTINUATION","15:43",7,"Good","UP","VALID STRUCTURE","ACTIONABLE","VALID","NO FILL","",241.78,241.35,241.39,243.4,243.7,3.76,-0.37,240.41,241.59,241.43,2.13,""
"ARM","2026-09-01","BLIND","PULLBACK_CONTINUATION@234.43","PULLBACK_CONTINUATION","13:40",8,"Strong","UP","VALID STRUCTURE","ACTIONABLE","VALID","NO FILL","",234.88,234.37,234.43,235.8,235.96,1.78,-0.12,233.05,234.72,234.59,0.61,""
"ARM","2026-09-01","BLIND","RECLAIM_CONTINUATION|VWAP@233.19|14:47","RECLAIM_CONTINUATION","14:56",6,"Good","RANGE","VALID STRUCTURE","ACTIONABLE","VALID","WIN",0.68,233.72,233.1,233.16,234.76,234.8,1.69,-0.2,233.19,233.71,233.66,0.65,""
"ARM","2026-09-01","BLIND","PULLBACK_CONTINUATION@234.33","PULLBACK_CONTINUATION","15:13",8,"Strong","UP","VALID STRUCTURE","ACTIONABLE","VALID","NO FILL","",234.89,234.28,234.33,235.96,235.98,1.75,-0.34,233.23,234.64,234.38,0.4,""
"ARM","2026-09-02","BLIND","PULLBACK_CONTINUATION@231.88","PULLBACK_CONTINUATION","10:21",7,"Neutral","UP","VALID STRUCTURE","ACTIONABLE","VALID","NO FILL","",232.92,231.75,231.88,236.44,235.85,3,-0.02,233.37,232.83,232.56,1.43,""
"ARM","2026-09-02","BLIND","PULLBACK_CONTINUATION@231.79","PULLBACK_CONTINUATION","12:17",7,"Good","UP","VALID STRUCTURE","ACTIONABLE","VALID","NO FILL","",232.77,231.73,231.79,234.41,234.66,1.57,-0.04,232.41,232.41,232.22,0.15,""
"ARM","2026-09-02","BLIND","STRUCTURAL_BASE|12:29|12:32","STRUCTURAL_BASE","12:38",6,"Neutral","RANGE","VALID STRUCTURE","ACTIONABLE","VALID","NO FILL","",233.41,232.89,232.96,234.41,234.66,1.92,0.15,232.46,233.25,233.11,1.13,""
"ARM","2026-09-02","BLIND","PULLBACK_CONTINUATION|13:32|13:29","PULLBACK_CONTINUATION","13:38",6,"Good","UP","VALID STRUCTURE","ACTIONABLE","VALID","NO FILL","",233.38,233.16,233.19,234.41,234.66,4.58,-0.38,232.49,233.32,233.19,0.37,""
"ARM","2026-09-02","BLIND","PULLBACK_CONTINUATION@233.20","PULLBACK_CONTINUATION","13:42",7,"Good","UP","VALID STRUCTURE","ACTIONABLE","VALID","NO FILL","",233.43,233.16,233.2,234.41,234.66,3.67,-1.02,232.49,233.39,233.26,0.58,""
"ARM","2026-09-02","BLIND","STRUCTURAL_BASE|14:54|14:55","STRUCTURAL_BASE","15:01",7,"Good","RANGE","VALID STRUCTURE","ACTIONABLE","VALID","NO FILL","",233.39,233.09,233.12,233.86,233.88,1.56,0.99,232.6,233.31,233.31,2.61,""
"ARM","2026-09-03","BLIND","PULLBACK_CONTINUATION@235.63","PULLBACK_CONTINUATION","11:17",9,"Strong","UP","VALID STRUCTURE","ACTIONABLE","VALID","NO FILL","",237.21,235.47,235.63,240.69,242.43,2,-0.17,231.69,236.72,235.82,1.41,""
"ARM","2026-09-03","BLIND","PULLBACK_CONTINUATION@240.18","PULLBACK_CONTINUATION","13:26",9,"Strong","UP","VALID STRUCTURE","ACTIONABLE","VALID","NO FILL","",241,240.09,240.18,242.82,243.73,2,-0.03,234.29,240.69,240.44,2.28,""
"ARM","2026-09-03","BLIND","PULLBACK_CONTINUATION@240.87","PULLBACK_CONTINUATION","13:48",9,"Strong","UP","VALID STRUCTURE","ACTIONABLE","VALID","NO FILL","",242.25,240.8,240.87,245.16,246.61,2,-0.03,234.74,241.61,241.28,1.7,""
"ARM","2026-09-03","BLIND","PULLBACK_CONTINUATION@241.61","PULLBACK_CONTINUATION","15:40",8,"Strong","UP","VALID STRUCTURE","ACTIONABLE","VALID","NO FILL","",241.95,241.55,241.61,242.56,242.78,1.55,-0.32,236.61,241.88,241.87,0.84,""
"ARM","2026-09-03","BLIND","PULLBACK_CONTINUATION@241.54","PULLBACK_CONTINUATION","15:59",9,"Strong","UP","VALID STRUCTURE","QUESTIONABLE","AMBIGUOUS","NO FILL","",242.4,241.46,241.54,244.07,244.76,1.77,-0.14,237.34,242.06,241.86,13.72,"entry within 15 minutes of the close"
"ARM","2026-09-04","BLIND","PULLBACK_CONTINUATION@251.69","PULLBACK_CONTINUATION","09:55",7,"Good","UP","VALID STRUCTURE","ACTIONABLE","VALID","NO FILL","",253.86,251.42,251.69,258.75,261.19,2,-0.01,251.01,252.93,252.16,0.47,""
"ARM","2026-09-04","BLIND","PULLBACK_CONTINUATION@249.48","PULLBACK_CONTINUATION","15:48",6,"Neutral","UP","VALID STRUCTURE","QUESTIONABLE","AMBIGUOUS","NO FILL","",250.34,249.42,249.48,251.75,251.84,1.53,-0.39,251.87,250.9,250.59,1.63,"entry within 15 minutes of the close"
"ARM","2026-09-04","BLIND","PULLBACK_CONTINUATION@250.22","PULLBACK_CONTINUATION","15:58",8,"Good","UP","VALID STRUCTURE","QUESTIONABLE","AMBIGUOUS","NO FILL","",251.89,250.11,250.22,254.61,254.93,1.53,-0.33,251.84,251.41,251.09,5.51,"entry within 15 minutes of the close"
"COIN","2026-08-31","BLIND","PULLBACK_CONTINUATION@177.23","PULLBACK_CONTINUATION","10:19",6,"Neutral","UP","VALID STRUCTURE","ACTIONABLE","VALID","NO FILL","",178.18,177.11,177.23,179.8,180.86,1.51,-0.43,177.99,177.9,177.79,0.44,""
"COIN","2026-08-31","BLIND","PULLBACK_CONTINUATION@178.73","PULLBACK_CONTINUATION","10:39",6,"Neutral","UP","VALID STRUCTURE","ACTIONABLE","VALID","NO FILL","",179.86,178.63,178.73,182.32,183.55,2,-0.59,178.2,179.43,178.97,0.31,""
"COIN","2026-08-31","BLIND","STRUCTURAL_BASE|10:46|10:48","STRUCTURAL_BASE","11:00",6,"Neutral","RANGE","VALID STRUCTURE","ACTIONABLE","VALID","NO FILL","",181.5,180.37,180.5,183.76,184.88,2,1.15,178.9,181.44,180.98,1.23,""
"COIN","2026-08-31","BLIND","PULLBACK_CONTINUATION@182.07","PULLBACK_CONTINUATION","12:07",7,"Good","RANGE","VALID STRUCTURE","ACTIONABLE","VALID","NO FILL","",182.74,181.98,182.07,184.26,185.03,2,0.38,179.84,182.54,182.42,1.89,""
"COIN","2026-08-31","BLIND","PULLBACK_CONTINUATION@183.33","PULLBACK_CONTINUATION","12:43",8,"Strong","UP","VALID STRUCTURE","ACTIONABLE","VALID","NO FILL","",184.31,183.26,183.33,186.42,187.47,2,-0.06,180.3,183.87,183.51,0.84,""
"COIN","2026-08-31","BLIND","PULLBACK_CONTINUATION@184.22","PULLBACK_CONTINUATION","12:55",9,"Strong","UP","VALID STRUCTURE","ACTIONABLE","VALID","NO FILL","",185.18,184.14,184.22,187.26,188.31,2,-0.5,180.61,184.81,184.39,1.42,""
"COIN","2026-08-31","BLIND","STRUCTURAL_BASE|12:59|13:02","STRUCTURAL_BASE","13:11",8,"Good","RANGE","VALID STRUCTURE","ACTIONABLE","VALID","NO FILL","",185.89,184.82,184.9,188.03,189.1,2,0.12,180.87,185.55,185.27,1.25,""
"COIN","2026-08-31","BLIND","PULLBACK_CONTINUATION@186.81","PULLBACK_CONTINUATION","14:55",9,"Strong","UP","VALID STRUCTURE","ACTIONABLE","VALID","NO FILL","",189,186.72,186.81,193.55,195.83,2,-0.31,182.67,188.8,188.43,1.68,""
"COIN","2026-09-01","BLIND","PULLBACK_CONTINUATION|10:29|10:25","PULLBACK_CONTINUATION","10:38",7,"Strong","UP","VALID STRUCTURE","ACTIONABLE","VALID","NO FILL","",182.65,181.87,181.99,183.99,184.61,1.71,-1.24,181.18,182.57,182.35,0.33,""
"COIN","2026-09-02","BLIND","PULLBACK_CONTINUATION@172.05","PULLBACK_CONTINUATION","09:52",7,"Good","UP","VALID STRUCTURE","QUESTIONABLE","AMBIGUOUS","NO FILL","",177.34,171.84,172.05,188.34,193.84,2,-0.2,174.45,176.74,175.76,1.1,"risk wider than 2% of price"
"COIN","2026-09-02","BLIND","PULLBACK_CONTINUATION@175.75","PULLBACK_CONTINUATION","12:04",6,"Good","UP","VALID STRUCTURE","ACTIONABLE","VALID","NO FILL","",176.3,175.7,175.75,177.25,177.33,1.57,-0.05,176.2,176.09,176.1,0.51,""
"COIN","2026-09-02","BLIND","PULLBACK_CONTINUATION@176.11","PULLBACK_CONTINUATION","12:12",8,"Strong","UP","VALID STRUCTURE","ACTIONABLE","VALID","NO FILL","",176.41,176.05,176.11,177.06,177.25,1.81,-0.41,176.2,176.28,176.22,0.43,""
"COIN","2026-09-02","BLIND","STRUCTURAL_BASE|12:08|12:13","STRUCTURAL_BASE","12:17",7,"Good","RANGE","VALID STRUCTURE","ACTIONABLE","VALID","NO FILL","",176.51,176.04,176.11,177.25,177.33,1.59,0.81,176.21,176.39,176.3,1.46,""
"COIN","2026-09-02","BLIND","PULLBACK_CONTINUATION@176.54","PULLBACK_CONTINUATION","14:24",8,"Strong","UP","VALID STRUCTURE","ACTIONABLE","VALID","NO FILL","",177.12,176.49,176.54,178.08,178.3,1.54,-0.15,176.2,176.88,176.77,0.92,""
"COIN","2026-09-02","BLIND","PULLBACK_CONTINUATION|14:31|14:25","PULLBACK_CONTINUATION","14:36",9,"Strong","UP","VALID STRUCTURE","ACTIONABLE","VALID","NO FILL","",177.13,176.71,176.76,177.9,178.03,1.84,-0.94,176.23,176.99,176.93,3.52,""
"COIN","2026-09-03","BLIND","PULLBACK_CONTINUATION@191.74","PULLBACK_CONTINUATION","11:33",8,"Strong","UP","VALID STRUCTURE","ACTIONABLE","VALID","NO FILL","",192.69,191.65,191.74,194.76,195.8,2,-0.03,187.83,192.23,191.86,1.17,""
"COIN","2026-09-03","BLIND","PULLBACK_CONTINUATION@192.51","PULLBACK_CONTINUATION","13:12",7,"Strong","UP","VALID STRUCTURE","ACTIONABLE","VALID","NO FILL","",193.46,192.44,192.51,195.85,196,2.35,-0.45,189.27,193.19,193.08,0.41,""
"COIN","2026-09-04","BLIND","PULLBACK_CONTINUATION@184.72","PULLBACK_CONTINUATION","10:02",6,"Neutral","UP","VALID STRUCTURE","ACTIONABLE","VALID","NO FILL","",186.12,184.55,184.72,189,190.04,1.84,-0.49,186,185.67,185.62,0.53,""
"COIN","2026-09-04","BLIND","PULLBACK_CONTINUATION@183.80","PULLBACK_CONTINUATION","11:29",6,"Neutral","UP","VALID STRUCTURE","ACTIONABLE","VALID","NO FILL","",184.73,183.72,183.8,186.27,186.4,1.53,-0.38,185.29,184.94,184.66,3.72,""
"COIN","2026-09-04","BLIND","PULLBACK_CONTINUATION|12:47|12:44","PULLBACK_CONTINUATION","12:51",7,"Good","UP","VALID STRUCTURE","ACTIONABLE","VALID","NO FILL","",186.15,185.69,185.75,187.28,189,2.44,-0.06,185.43,186.02,185.9,0.26,""
"CRDO","2026-08-31","BLIND","PULLBACK_CONTINUATION@227.71","PULLBACK_CONTINUATION","11:27",6,"Neutral","UP","VALID STRUCTURE","ACTIONABLE","VALID","NO FILL","",228.93,227.59,227.71,231.47,232.09,1.89,-0.25,230.92,228.97,228.62,2.25,""
"CRDO","2026-08-31","BLIND","PULLBACK_CONTINUATION@223.91","PULLBACK_CONTINUATION","15:37",6,"Neutral","UP","VALID STRUCTURE","ACTIONABLE","VALID","NO FILL","",224.89,223.83,223.91,227.09,227.42,2.07,-0.03,228.31,224.53,224.29,1.48,""
"CRDO","2026-08-31","BLIND","PULLBACK_CONTINUATION@223.05","PULLBACK_CONTINUATION","15:59",6,"Neutral","UP","VALID STRUCTURE","QUESTIONABLE","AMBIGUOUS","NO FILL","",226,222.88,223.05,231.47,232.09,1.75,-0.06,227.61,225.21,224.67,11.25,"entry within 15 minutes of the close"
"CRDO","2026-09-01","BLIND","PULLBACK_CONTINUATION@217.02","PULLBACK_CONTINUATION","11:36",7,"Good","UP","VALID STRUCTURE","ACTIONABLE","VALID","NO FILL","",218,216.88,217.02,221.74,220.79,3.35,-0.01,215.91,217.51,216.88,0.7,""
"CRDO","2026-09-01","BLIND","PULLBACK_CONTINUATION@214.88","PULLBACK_CONTINUATION","12:51",6,"Neutral","UP","VALID STRUCTURE","ACTIONABLE","VALID","NO FILL","",215.69,214.77,214.88,217.92,220.45,2.43,-0.55,216.24,215.46,215.42,1.25,""
"CRDO","2026-09-01","BLIND","PULLBACK_CONTINUATION@215.02","PULLBACK_CONTINUATION","12:59",7,"Good","UP","VALID STRUCTURE","ACTIONABLE","VALID","NO FILL","",216.56,214.92,215.02,220.45,221.74,2.37,-0.01,216.24,216.06,215.77,0.89,""
"CRDO","2026-09-01","BLIND","PULLBACK_CONTINUATION@210.72","PULLBACK_CONTINUATION","14:56",6,"Neutral","UP","VALID STRUCTURE","ACTIONABLE","VALID","NO FILL","",212.01,210.6,210.72,214.36,215.16,1.67,-0.01,214.74,211.75,211.53,1.21,""
"CRDO","2026-09-01","BLIND","PULLBACK_CONTINUATION@211.99","PULLBACK_CONTINUATION","15:05",6,"Neutral","UP","VALID STRUCTURE","ACTIONABLE","VALID","NO FILL","",212.82,211.9,211.99,214.36,215.16,1.67,-0.02,214.7,212.53,212.13,3.16,""
"CRDO","2026-09-02","BLIND","PULLBACK_CONTINUATION@164.32","PULLBACK_CONTINUATION","14:59",6,"Neutral","UP","VALID STRUCTURE","ACTIONABLE","VALID","NO FILL","",165.11,164.19,164.32,167,168.03,2.05,-0.65,170.55,165,164.73,1.22,""
"CRDO","2026-09-03","BLIND","PULLBACK_CONTINUATION@165.57","PULLBACK_CONTINUATION","11:04",6,"Neutral","UP","VALID STRUCTURE","ACTIONABLE","VALID","NO FILL","",167.43,165.41,165.57,170.65,171.1,1.6,-0.02,167.13,167.11,166.6,0.6,""
"CRDO","2026-09-03","BLIND","PULLBACK_CONTINUATION@167.47","PULLBACK_CONTINUATION","11:27",6,"Neutral","UP","VALID STRUCTURE","ACTIONABLE","VALID","NO FILL","",168.28,167.32,167.47,170.65,171.1,2.47,-0.03,167.18,168.06,167.74,0.35,""
"CRDO","2026-09-04","BLIND","PULLBACK_CONTINUATION|12:28|12:21","PULLBACK_CONTINUATION","12:34",8,"Strong","UP","VALID STRUCTURE","ACTIONABLE","VALID","NO FILL","",170.1,169.16,169.25,171.64,171.65,1.64,-0.71,168.33,169.99,169.86,0.99,""
"CRDO","2026-09-04","BLIND","STRUCTURAL_BASE|12:44|12:46","STRUCTURAL_BASE","12:50",6,"Good","RANGE","VALID STRUCTURE","ACTIONABLE","VALID","NO FILL","",170.16,169.56,169.62,171.09,171.64,1.55,0.85,168.38,170.05,169.99,0.31,""
"CRDO","2026-09-04","BLIND","RECLAIM_CONTINUATION|שפל 13:51@169.86|13:46","RECLAIM_CONTINUATION","14:01",6,"Good","RANGE","VALID STRUCTURE","ACTIONABLE","VALID","LOSS",-1,170.36,169.55,169.61,171.64,171.65,1.58,-0.04,168.57,170.18,170.15,0.28,""
"CRDO","2026-09-04","BLIND","RECLAIM_CONTINUATION|שפל 14:07@169.95|14:12","RECLAIM_CONTINUATION","14:43",6,"Good","RANGE","VALID STRUCTURE","ACTIONABLE","VALID","LOSS",-1,170.23,169.78,169.83,170.93,170.99,1.57,0.59,168.65,170.51,170.49,0.29,""
"CRDO","2026-09-04","BLIND","STRUCTURAL_BASE|15:30|15:36","STRUCTURAL_BASE","15:43",7,"Good","RANGE","VALID STRUCTURE","ACTIONABLE","VALID","NO FILL","",170.31,169.53,169.59,171.64,171.65,1.7,0.17,168.78,170.11,170.04,1.11,""
"DDOG","2026-08-31","BLIND","PULLBACK_CONTINUATION@233.67","PULLBACK_CONTINUATION","12:21",7,"Good","UP","VALID STRUCTURE","ACTIONABLE","VALID","NO FILL","",234.14,233.63,233.67,235.47,237.36,2.6,-0.06,234.23,233.98,233.9,0.64,""
"DDOG","2026-08-31","BLIND","PULLBACK_CONTINUATION@237.87","PULLBACK_CONTINUATION","15:28",7,"Good","UP","VALID STRUCTURE","ACTIONABLE","VALID","NO FILL","",238.74,237.82,237.87,240.58,241.5,2,-0.53,234.93,238.26,237.92,1.08,""
"DDOG","2026-08-31","BLIND","PULLBACK_CONTINUATION@238.78","PULLBACK_CONTINUATION","15:44",8,"Good","UP","VALID STRUCTURE","ACTIONABLE","VALID","NO FILL","",239.43,238.71,238.78,240.88,241.6,2,-0.04,235.31,239.12,238.85,5.27,""
"DDOG","2026-09-02","BLIND","RECLAIM_CONTINUATION|VWAP@214.87|10:51","RECLAIM_CONTINUATION","10:53",6,"Good","UP","VALID STRUCTURE","ACTIONABLE","VALID","LOSS",-1,215.13,214.55,214.68,216.35,216.63,2.12,-0.29,214.87,215.32,215.33,0.54,""
"DDOG","2026-09-02","BLIND","PULLBACK_CONTINUATION@209.43","PULLBACK_CONTINUATION","14:18",6,"Neutral","UP","VALID STRUCTURE","ACTIONABLE","VALID","NO FILL","",210.27,209.36,209.43,211.78,211.88,1.66,-0.99,213,210.42,210.31,1.33,""
"DDOG","2026-09-02","BLIND","PULLBACK_CONTINUATION@209.66","PULLBACK_CONTINUATION","15:15",6,"Neutral","UP","VALID STRUCTURE","ACTIONABLE","VALID","NO FILL","",210.54,209.52,209.66,212.14,212.48,1.57,-0.08,212.56,210.3,210.09,1.24,""
"DDOG","2026-09-03","BLIND","PULLBACK_CONTINUATION@214.34","PULLBACK_CONTINUATION","11:12",7,"Good","UP","VALID STRUCTURE","ACTIONABLE","VALID","NO FILL","",215.11,214.24,214.34,221,217.28,6.79,-0.03,215.56,215,214.57,0.35,""
"DDOG","2026-09-03","BLIND","PULLBACK_CONTINUATION@213.65","PULLBACK_CONTINUATION","14:14",6,"Neutral","UP","VALID STRUCTURE","ACTIONABLE","VALID","NO FILL","",214.33,213.58,213.65,215.57,215.78,1.66,0.39,215.11,214.2,214.13,5.44,""
"DDOG","2026-09-03","BLIND","PULLBACK_CONTINUATION@214.13","PULLBACK_CONTINUATION","14:27",7,"Good","UP","VALID STRUCTURE","ACTIONABLE","VALID","NO FILL","",214.61,214.08,214.13,215.57,215.78,1.8,-0.04,215.1,214.57,214.41,0.85,""
"DDOG","2026-09-04","BLIND","STRUCTURAL_BASE|11:45|11:49","STRUCTURAL_BASE","11:53",7,"Good","RANGE","VALID STRUCTURE","ACTIONABLE","VALID","NO FILL","",213.03,212.56,212.61,213.79,213.89,1.6,0.14,213.04,212.94,212.93,0.45,""
"DDOG","2026-09-04","BLIND","PULLBACK_CONTINUATION@212.61","PULLBACK_CONTINUATION","12:01",8,"Strong","UP","VALID STRUCTURE","ACTIONABLE","VALID","NO FILL","",213.2,212.55,212.61,214.29,214.61,1.68,-0.02,213.04,213.04,212.99,0.34,""
"DDOG","2026-09-04","BLIND","PULLBACK_CONTINUATION@212.62","PULLBACK_CONTINUATION","12:15",8,"Strong","UP","VALID STRUCTURE","ACTIONABLE","VALID","NO FILL","",213.08,212.57,212.62,213.89,213.97,1.59,-0.06,213.03,212.96,212.93,0.88,""
"DDOG","2026-09-04","BLIND","PULLBACK_CONTINUATION@212.21","PULLBACK_CONTINUATION","14:07",8,"Good","UP","VALID STRUCTURE","ACTIONABLE","VALID","NO FILL","",212.64,212.17,212.21,213.36,213.49,1.54,-0.04,212.86,212.74,212.55,4.74,""
"DDOG","2026-09-04","BLIND","PULLBACK_CONTINUATION@213.43","PULLBACK_CONTINUATION","14:34",7,"Good","UP","VALID STRUCTURE","ACTIONABLE","VALID","NO FILL","",213.66,213.39,213.43,214.13,214.29,1.72,-0.06,212.9,213.58,213.48,0.84,""
"HOOD","2026-08-31","BLIND","STRUCTURAL_BASE|11:34|11:37","STRUCTURAL_BASE","11:42",7,"Good","RANGE","VALID STRUCTURE","ACTIONABLE","VALID","NO FILL","",103.09,102.7,102.74,104.17,104.07,2.76,0.42,102.09,102.98,102.89,0.69,""
"HOOD","2026-08-31","BLIND","PULLBACK_CONTINUATION@102.74","PULLBACK_CONTINUATION","11:48",7,"Good","UP","VALID STRUCTURE","ACTIONABLE","VALID","NO FILL","",103.09,102.7,102.74,104.17,104.07,2.76,-0.67,102.11,103.16,103.04,0.4,""
"HOOD","2026-08-31","BLIND","PULLBACK_CONTINUATION@104.81","PULLBACK_CONTINUATION","15:53",9,"Strong","UP","VALID STRUCTURE","QUESTIONABLE","AMBIGUOUS","NO FILL","",105.43,104.77,104.81,106.76,107.42,2,-0.32,103.03,105.18,105.09,2.37,"entry within 15 minutes of the close"
"HOOD","2026-09-01","BLIND","RECLAIM_CONTINUATION|VWAP@105.09|09:55","RECLAIM_CONTINUATION","09:57",6,"Good","RANGE","VALID STRUCTURE","ACTIONABLE","VALID","WIN",1.43,105.31,104.51,104.67,106.53,106.96,1.53,-0.19,105.09,105.13,105.12,0.34,""
"HOOD","2026-09-01","BLIND","RECLAIM_CONTINUATION|VWAP@105.15|10:12","RECLAIM_CONTINUATION","10:14",6,"Good","RANGE","VALID STRUCTURE","ACTIONABLE","VALID","LOSS",-1,105.47,104.71,104.85,106.96,107.38,1.95,-0.09,105.15,105.44,105.38,0.28,""
"HOOD","2026-09-02","BLIND","PULLBACK_CONTINUATION@103.90","PULLBACK_CONTINUATION","10:22",7,"Good","UP","VALID STRUCTURE","QUESTIONABLE","AMBIGUOUS","NO FILL","",106.62,103.79,103.9,112.28,115.11,2,-0.12,104.51,106.24,105.8,1.04,"risk wider than 2% of price"
"HOOD","2026-09-02","BLIND","PULLBACK_CONTINUATION@105.81","PULLBACK_CONTINUATION","10:26",8,"Strong","UP","VALID STRUCTURE","ACTIONABLE","VALID","NO FILL","",107.21,105.7,105.81,110.22,111.73,2,-0.02,104.66,106.69,106.19,0.95,""
"HOOD","2026-09-02","BLIND","PULLBACK_CONTINUATION@105.31","PULLBACK_CONTINUATION","12:10",8,"Strong","UP","VALID STRUCTURE","ACTIONABLE","VALID","NO FILL","",105.63,105.27,105.31,106.48,106.61,2.33,-0.29,105.28,105.57,105.48,0.36,""
"HOOD","2026-09-02","BLIND","RECLAIM_CONTINUATION|שפל 13:56@105.81|14:02","RECLAIM_CONTINUATION","14:23",6,"Good","RANGE","VALID STRUCTURE","ACTIONABLE","VALID","WIN",1.42,106.07,105.56,105.61,106.84,106.97,1.52,0.07,105.38,105.93,105.88,0.31,""
"HOOD","2026-09-02","BLIND","PULLBACK_CONTINUATION|14:28|14:25","PULLBACK_CONTINUATION","14:33",8,"Strong","UP","VALID STRUCTURE","ACTIONABLE","VALID","NO FILL","",106.29,105.98,106.02,106.84,106.97,1.79,-0.08,105.4,106.19,106.08,0.92,""
"HOOD","2026-09-02","BLIND","PULLBACK_CONTINUATION@106.02","PULLBACK_CONTINUATION","14:35",8,"Strong","UP","VALID STRUCTURE","ACTIONABLE","VALID","NO FILL","",106.36,105.99,106.02,106.97,107.14,1.65,-0.61,105.4,106.26,106.14,1.15,""
"HOOD","2026-09-02","BLIND","STRUCTURAL_BASE|14:28|14:35","STRUCTURAL_BASE","14:44",7,"Good","RANGE","VALID STRUCTURE","ACTIONABLE","VALID","NO FILL","",106.56,105.99,106.02,107.46,107.99,1.58,0,105.41,106.37,106.28,0.96,""
"HOOD","2026-09-03","BLIND","RECLAIM_CONTINUATION|שפל 12:31@122.67|12:45","RECLAIM_CONTINUATION","12:56",6,"Good","RANGE","VALID STRUCTURE","ACTIONABLE","VALID","WIN",0.84,122.89,122.49,122.54,123.56,123.59,1.69,0.12,120.72,122.96,122.94,0.17,""
"HOOD","2026-09-03","BLIND","STRUCTURAL_BASE|12:53|12:57","STRUCTURAL_BASE","13:02",7,"Good","RANGE","VALID STRUCTURE","ACTIONABLE","VALID","NO FILL","",123.16,122.79,122.83,123.78,124.04,1.68,0.21,120.74,123.06,123.01,0.16,""
"HOOD","2026-09-04","BLIND","PULLBACK_CONTINUATION@119.96","PULLBACK_CONTINUATION","09:51",6,"Neutral","UP","VALID STRUCTURE","ACTIONABLE","VALID","NO FILL","",121,119.73,119.96,123.75,124.18,2.16,-0.05,121.6,121.62,121.48,0.24,""
"HOOD","2026-09-04","BLIND","PULLBACK_CONTINUATION@121.51","PULLBACK_CONTINUATION","09:58",7,"Good","UP","VALID STRUCTURE","ACTIONABLE","VALID","NO FILL","",122.1,121.4,121.51,123.75,123.86,2.35,-0.17,121.62,121.86,121.7,0.22,""
"HOOD","2026-09-04","BLIND","PULLBACK_CONTINUATION@121.71","PULLBACK_CONTINUATION","10:34",7,"Good","UP","VALID STRUCTURE","ACTIONABLE","VALID","NO FILL","",122.39,121.63,121.71,123.75,124.3,1.78,-0.12,121.74,122.14,122.05,0.44,""
"HOOD","2026-09-04","BLIND","PULLBACK_CONTINUATION|11:12|11:08","PULLBACK_CONTINUATION","11:19",8,"Strong","UP","VALID STRUCTURE","ACTIONABLE","VALID","NO FILL","",122.57,122.05,122.1,123.75,123.87,2.27,-0.35,121.82,122.46,122.38,0.38,""
"HOOD","2026-09-04","BLIND","PULLBACK_CONTINUATION@122.81","PULLBACK_CONTINUATION","14:30",8,"Strong","UP","VALID STRUCTURE","ACTIONABLE","VALID","NO FILL","",123.11,122.77,122.81,123.61,123.68,1.5,-0.35,122.45,123.04,122.99,0.57,""
"SHOP","2026-08-31","BLIND","PULLBACK_CONTINUATION@146.49","PULLBACK_CONTINUATION","11:11",7,"Good","UP","VALID STRUCTURE","ACTIONABLE","VALID","NO FILL","",147.66,146.4,146.49,151.28,150.8,2.88,-0.1,146.78,147.32,147.06,0.31,""
"SHOP","2026-08-31","BLIND","STRUCTURAL_BASE|14:50|14:54","STRUCTURAL_BASE","15:00",7,"Good","RANGE","VALID STRUCTURE","ACTIONABLE","VALID","NO FILL","",147.82,147.63,147.66,148.18,151.28,1.93,0.91,146.95,147.77,147.7,2.66,""
"SHOP","2026-09-01","BLIND","PULLBACK_CONTINUATION@141.66","PULLBACK_CONTINUATION","10:16",6,"Neutral","UP","VALID STRUCTURE","ACTIONABLE","VALID","NO FILL","",142.31,141.59,141.66,144.08,144.25,2.45,-0.8,142.99,142.25,142.22,1.71,""
"SHOP","2026-09-01","BLIND","PULLBACK_CONTINUATION@143.92","PULLBACK_CONTINUATION","10:39",7,"Good","UP","VALID STRUCTURE","ACTIONABLE","VALID","NO FILL","",144.5,143.84,143.92,145.54,146.14,1.59,-0.18,143.14,144.17,143.76,0.63,""
"SHOP","2026-09-01","BLIND","PULLBACK_CONTINUATION@144.08","PULLBACK_CONTINUATION","10:46",7,"Good","UP","VALID STRUCTURE","ACTIONABLE","VALID","NO FILL","",144.46,144.02,144.08,145.54,145.57,2.45,-0.04,143.19,144.31,144.05,0.27,""
"SHOP","2026-09-02","BLIND","PULLBACK_CONTINUATION@140.08","PULLBACK_CONTINUATION","10:41",9,"Strong","UP","VALID STRUCTURE","ACTIONABLE","VALID","NO FILL","",140.48,140.03,140.08,141.24,141.6,1.7,-0.48,140.26,140.42,140.35,1.35,""
"SHOP","2026-09-02","BLIND","PULLBACK_CONTINUATION@139.84","PULLBACK_CONTINUATION","13:04",7,"Good","UP","VALID STRUCTURE","ACTIONABLE","VALID","NO FILL","",140.13,139.82,139.84,140.6,140.94,1.5,-0.11,140.14,140.04,139.96,0.2,""
"SHOP","2026-09-02","BLIND","PULLBACK_CONTINUATION@140.12","PULLBACK_CONTINUATION","13:12",6,"Good","UP","VALID STRUCTURE","ACTIONABLE","VALID","NO FILL","",140.51,140.09,140.12,141.24,141.25,1.75,-0.57,140.14,140.35,140.19,0.44,""
"SHOP","2026-09-02","BLIND","PULLBACK_CONTINUATION@140.33","PULLBACK_CONTINUATION","14:02",7,"Good","UP","VALID STRUCTURE","ACTIONABLE","VALID","NO FILL","",140.6,140.31,140.33,141.08,141.1,1.64,-0.32,140.17,140.49,140.42,0.89,""
"SHOP","2026-09-02","BLIND","PULLBACK_CONTINUATION@139.98","PULLBACK_CONTINUATION","15:37",8,"Good","UP","VALID STRUCTURE","ACTIONABLE","VALID","NO FILL","",140.37,139.96,139.98,141.08,141.1,1.71,-0.61,140.18,140.25,140.19,1.2,""
"SHOP","2026-09-03","BLIND","PULLBACK_CONTINUATION@143.69","PULLBACK_CONTINUATION","11:27",6,"Good","UP","VALID STRUCTURE","ACTIONABLE","VALID","NO FILL","",143.98,143.65,143.69,145.34,145.53,4.12,-0.6,144.03,143.94,143.78,0.83,""
"SHOP","2026-09-03","BLIND","REVERSAL|11:18|11:00","REVERSAL","11:38",7,"Good","UP","VALID STRUCTURE","ACTIONABLE","VALID","NO FILL","",143.98,143.65,143.69,145.34,145.53,4.11,-1.41,144.03,144.16,144.05,0.14,""
"SHOP","2026-09-03","BLIND","STRUCTURAL_BASE|13:20|13:22","STRUCTURAL_BASE","13:26",6,"Neutral","RANGE","VALID STRUCTURE","ACTIONABLE","VALID","NO FILL","",144.05,143.78,143.8,145.34,145.53,4.7,0.21,143.97,143.99,143.95,0.52,""
"SHOP","2026-09-03","BLIND","STRUCTURAL_BASE|13:41|13:44","STRUCTURAL_BASE","13:50",6,"Neutral","RANGE","VALID STRUCTURE","ACTIONABLE","VALID","NO FILL","",144.48,144.22,144.25,145.34,145.53,3.36,0.46,144,144.41,144.36,0.47,""
"SHOP","2026-09-03","BLIND","PULLBACK_CONTINUATION@144.44","PULLBACK_CONTINUATION","14:00",7,"Good","UP","VALID STRUCTURE","ACTIONABLE","VALID","NO FILL","",144.69,144.42,144.44,145.34,145.53,2.4,-0.11,144.02,144.61,144.52,0.74,""
"SHOP","2026-09-04","BLIND","PULLBACK_CONTINUATION@147.52","PULLBACK_CONTINUATION","10:38",8,"Strong","UP","VALID STRUCTURE","ACTIONABLE","VALID","NO FILL","",148.3,147.46,147.52,149.97,150.81,2,-0.21,146.69,148.05,147.8,0.49,""
"SHOP","2026-09-04","BLIND","PULLBACK_CONTINUATION@145.19","PULLBACK_CONTINUATION","15:24",6,"Neutral","UP","VALID STRUCTURE","ACTIONABLE","VALID","NO FILL","",145.53,145.16,145.19,146.11,146.13,1.58,-0.04,146.93,145.73,145.62,1.31,""
"SMCI","2026-08-31","BLIND","PULLBACK_CONTINUATION@37.07","PULLBACK_CONTINUATION","09:57",7,"Good","UP","VALID STRUCTURE","ACTIONABLE","VALID","NO FILL","",37.35,37.02,37.07,38.01,38.35,2,-0.3,36.73,37.21,37,0.78,""
"SMCI","2026-08-31","BLIND","STRUCTURAL_BASE|12:17|12:20","STRUCTURAL_BASE","12:27",7,"Good","RANGE","VALID STRUCTURE","ACTIONABLE","VALID","NO FILL","",37.32,37.24,37.26,37.45,37.54,1.8,0.25,37.06,37.3,37.29,0.91,""
"SMCI","2026-08-31","BLIND","PULLBACK_CONTINUATION@37.27","PULLBACK_CONTINUATION","15:27",8,"Strong","UP","VALID STRUCTURE","ACTIONABLE","VALID","NO FILL","",37.34,37.26,37.27,37.49,37.54,1.91,-0.67,37.13,37.31,37.29,0.54,""
"SMCI","2026-08-31","BLIND","RECLAIM_CONTINUATION|VWAP@37.14|15:42","RECLAIM_CONTINUATION","15:46",7,"Good","UP","VALID STRUCTURE","QUESTIONABLE","AMBIGUOUS","EOD",-0.19,37.29,37.09,37.11,37.59,37.78,1.52,-0.15,37.14,37.26,37.27,1.66,"entry within 15 minutes of the close"
"SMCI","2026-09-01","BLIND","RECLAIM_CONTINUATION|VWAP@36.1|10:40","RECLAIM_CONTINUATION","10:43",6,"Neutral","UP","VALID STRUCTURE","ACTIONABLE","VALID","WIN",1.37,36.23,36.03,36.05,36.6,36.73,1.85,-0.24,36.1,36.17,36.11,0.46,""
"SMCI","2026-09-01","BLIND","PULLBACK_CONTINUATION@36.75","PULLBACK_CONTINUATION","11:40",7,"Good","UP","VALID STRUCTURE","ACTIONABLE","VALID","NO FILL","",36.98,36.74,36.75,37.47,37.71,2,-0.36,36.19,36.85,36.75,0.84,""
"SMCI","2026-09-01","BLIND","REVERSAL|11:36|11:15","REVERSAL","11:45",8,"Good","UP","VALID STRUCTURE","ACTIONABLE","VALID","NO FILL","",37.06,36.73,36.75,37.71,38.04,2,-0.13,36.22,36.93,36.84,0.74,""
"SMCI","2026-09-01","BLIND","PULLBACK_CONTINUATION@36.82","PULLBACK_CONTINUATION","11:47",7,"Good","UP","VALID STRUCTURE","ACTIONABLE","VALID","NO FILL","",37.13,36.8,36.82,37.79,38.12,2,-0.42,36.23,37,36.89,0.55,""
"SMCI","2026-09-01","BLIND","PULLBACK_CONTINUATION|12:46|12:36","PULLBACK_CONTINUATION","12:50",6,"Good","UP","VALID STRUCTURE","ACTIONABLE","VALID","NO FILL","",36.57,36.47,36.48,36.84,36.98,2.59,-0.09,36.31,36.56,36.57,0.49,""
"SMCI","2026-09-01","BLIND","RECLAIM_CONTINUATION|שפל 13:19@36.38|13:26","RECLAIM_CONTINUATION","13:40",6,"Good","UP","VALID STRUCTURE","ACTIONABLE","VALID","LOSS",-1,36.45,36.37,36.38,36.59,36.61,1.77,-1.93,36.32,36.45,36.45,0.18,""
"SMCI","2026-09-01","BLIND","RECLAIM_CONTINUATION|VWAP@36.33|14:17","RECLAIM_CONTINUATION","14:32",6,"Good","UP","VALID STRUCTURE","ACTIONABLE","VALID","LOSS",-1,36.38,36.3,36.31,36.55,36.58,2.1,-0.97,36.33,36.39,36.39,0.39,""
"SMCI","2026-09-02","BLIND","PULLBACK_CONTINUATION@36.34","PULLBACK_CONTINUATION","14:12",7,"Good","UP","VALID STRUCTURE","ACTIONABLE","VALID","NO FILL","",36.45,36.33,36.34,37.8,37.88,11.28,-0.19,36.55,36.48,36.43,1.09,""
"SMCI","2026-09-02","BLIND","PULLBACK_CONTINUATION@36.77","PULLBACK_CONTINUATION","15:32",6,"Good","UP","VALID STRUCTURE","ACTIONABLE","VALID","NO FILL","",36.9,36.75,36.77,37.8,37.88,6.12,-0.08,36.57,36.84,36.81,0.78,""
"SMCI","2026-09-02","BLIND","PULLBACK_CONTINUATION@36.83","PULLBACK_CONTINUATION","15:44",8,"Good","UP","VALID STRUCTURE","ACTIONABLE","VALID","NO FILL","",36.98,36.82,36.83,37.8,37.88,5.1,-0.69,36.58,36.92,36.88,1.79,""
"SMCI","2026-09-02","BLIND","PULLBACK_CONTINUATION|15:50|15:45","PULLBACK_CONTINUATION","15:54",8,"Good","UP","VALID STRUCTURE","QUESTIONABLE","AMBIGUOUS","NO FILL","",37,36.87,36.89,37.8,37.88,6.38,-0.16,36.59,36.96,36.93,2.61,"entry within 15 minutes of the close"
"SMCI","2026-09-03","BLIND","PULLBACK_CONTINUATION@37.47","PULLBACK_CONTINUATION","12:11",9,"Strong","UP","VALID STRUCTURE","ACTIONABLE","VALID","NO FILL","",37.79,37.45,37.47,38.48,38.82,2,-0.45,36.72,37.66,37.51,1.75,""
"SMCI","2026-09-03","BLIND","PULLBACK_CONTINUATION@37.28","PULLBACK_CONTINUATION","12:43",6,"Good","UP","VALID STRUCTURE","ACTIONABLE","VALID","NO FILL","",37.41,37.27,37.28,37.7,37.88,1.97,-0.4,36.81,37.36,37.37,0.69,""
"SMCI","2026-09-03","BLIND","PULLBACK_CONTINUATION@37.39","PULLBACK_CONTINUATION","13:13",8,"Strong","UP","VALID STRUCTURE","ACTIONABLE","VALID","NO FILL","",37.53,37.38,37.39,37.88,37.92,2.3,-0.24,36.84,37.49,37.45,0.55,""
"SMCI","2026-09-03","BLIND","RECLAIM_CONTINUATION|שפל 13:49@37.63|14:24","RECLAIM_CONTINUATION","14:36",6,"Good","RANGE","VALID STRUCTURE","ACTIONABLE","VALID","WIN",0.61,37.7,37.59,37.6,37.88,37.98,1.63,-0.75,36.98,37.71,37.71,0.67,""
"SMCI","2026-09-03","BLIND","REVERSAL|14:40|14:28","REVERSAL","14:47",8,"Good","RANGE","VALID STRUCTURE","ACTIONABLE","VALID","NO FILL","",37.98,37.74,37.76,38.45,38.69,2,-0.39,37.03,37.91,37.84,4.95,""
"SMCI","2026-09-04","BLIND","PULLBACK_CONTINUATION@39.26","PULLBACK_CONTINUATION","10:25",8,"Strong","UP","VALID STRUCTURE","ACTIONABLE","VALID","NO FILL","",39.53,39.23,39.26,40.14,40.44,2,-0.35,38.9,39.43,39.33,1.17,""
"SMCI","2026-09-04","BLIND","STRUCTURAL_BASE|12:22|12:24","STRUCTURAL_BASE","12:31",7,"Good","RANGE","VALID STRUCTURE","ACTIONABLE","VALID","NO FILL","",40.59,40.43,40.45,40.91,41.07,2,0.35,39.43,40.54,40.47,1.1,""
"SMCI","2026-09-04","BLIND","PULLBACK_CONTINUATION@40.49","PULLBACK_CONTINUATION","12:47",8,"Strong","UP","VALID STRUCTURE","ACTIONABLE","VALID","NO FILL","",40.65,40.47,40.49,41,41.18,2,-0.46,39.49,40.61,40.57,0.93,""
"SNOW","2026-08-31","BLIND","PULLBACK_CONTINUATION@325.71","PULLBACK_CONTINUATION","12:35",6,"Good","UP","VALID STRUCTURE","ACTIONABLE","VALID","NO FILL","",326.22,325.65,325.71,327.15,327.2,1.64,-0.04,326.11,326.05,325.97,0.3,""
"SNOW","2026-08-31","BLIND","RECLAIM_CONTINUATION|שפל 13:01@326.48|13:11","RECLAIM_CONTINUATION","13:23",6,"Neutral","RANGE","VALID STRUCTURE","ACTIONABLE","VALID","WIN",1.36,327.21,326.07,326.17,329.12,332.65,1.67,0.18,326.2,326.79,326.69,1.26,""
"SNOW","2026-08-31","BLIND","PULLBACK_CONTINUATION|13:35|13:26","PULLBACK_CONTINUATION","13:41",7,"Good","UP","VALID STRUCTURE","ACTIONABLE","VALID","NO FILL","",327.01,326.49,326.56,329.12,332.65,4.03,-0.45,326.23,326.89,326.87,0.52,""
"SNOW","2026-08-31","BLIND","STRUCTURAL_BASE|13:35|13:43","STRUCTURAL_BASE","13:48",6,"Neutral","RANGE","VALID STRUCTURE","ACTIONABLE","VALID","NO FILL","",327.27,326.5,326.56,329.12,332.65,2.41,0.95,326.25,327.19,327.05,1.45,""
"SNOW","2026-08-31","BLIND","REVERSAL|14:07|13:43","REVERSAL","14:11",6,"Good","RANGE","VALID STRUCTURE","ACTIONABLE","VALID","NO FILL","",329.81,328.95,329.04,332.65,331.96,3.3,-0.3,326.63,329.46,328.95,0.77,""
"SNOW","2026-08-31","BLIND","PULLBACK_CONTINUATION@329.80","PULLBACK_CONTINUATION","15:33",7,"Good","UP","VALID STRUCTURE","ACTIONABLE","VALID","NO FILL","",330.87,329.71,329.8,332.65,333.76,1.54,-0.03,327.27,330.77,330.57,1.16,""
"SNOW","2026-09-01","BLIND","PULLBACK_CONTINUATION@318.01","PULLBACK_CONTINUATION","15:09",6,"Neutral","UP","VALID STRUCTURE","ACTIONABLE","VALID","NO FILL","",319.21,317.92,318.01,321.7,321.77,1.94,-0.3,321.75,319.02,318.89,2.42,""
"SNOW","2026-09-01","BLIND","PULLBACK_CONTINUATION@318.50","PULLBACK_CONTINUATION","15:14",6,"Neutral","UP","VALID STRUCTURE","ACTIONABLE","VALID","NO FILL","",319.67,318.41,318.5,321.7,321.77,1.61,-0.09,321.7,319.35,319.12,1.45,""
"SNOW","2026-09-02","BLIND","PULLBACK_CONTINUATION@310.30","PULLBACK_CONTINUATION","09:56",7,"Good","UP","VALID STRUCTURE","ACTIONABLE","VALID","NO FILL","",312.01,310.05,310.3,314.99,316.91,1.52,-0.32,311.06,311.46,311.19,0.93,""
"SNOW","2026-09-02","BLIND","PULLBACK_CONTINUATION@314.45","PULLBACK_CONTINUATION","10:35",8,"Strong","UP","VALID STRUCTURE","ACTIONABLE","VALID","NO FILL","",315.88,314.3,314.45,319.04,320.63,2,-0.39,311.9,315.08,314.32,0.62,""
"SNOW","2026-09-02","BLIND","PULLBACK_CONTINUATION@306.85","PULLBACK_CONTINUATION","15:02",6,"Neutral","UP","VALID STRUCTURE","ACTIONABLE","VALID","NO FILL","",308.39,306.74,306.85,311.5,311.99,1.89,-0.37,309.99,307.66,307.42,1.37,""
"SNOW","2026-09-03","BLIND","PULLBACK_CONTINUATION@365.20","PULLBACK_CONTINUATION","11:57",7,"Good","UP","VALID STRUCTURE","ACTIONABLE","VALID","NO FILL","",368.06,364.93,365.2,372.8,374.02,1.52,-0.11,373.09,370.33,368.79,0.96,""
"SNOW","2026-09-03","BLIND","PULLBACK_CONTINUATION@371.50","PULLBACK_CONTINUATION","12:28",7,"Good","UP","VALID STRUCTURE","ACTIONABLE","VALID","NO FILL","",374.47,371.21,371.5,380.33,384.56,1.8,-0.45,372.93,373.13,372.03,0.51,""
"SNOW","2026-09-04","BLIND","PULLBACK_CONTINUATION@346.09","PULLBACK_CONTINUATION","10:33",8,"Good","UP","VALID STRUCTURE","ACTIONABLE","VALID","NO FILL","",349.01,345.86,346.09,356.83,356.88,2.49,-1.34,349.56,348.2,347.72,3.3,""
"UBER","2026-08-31","BLIND","PULLBACK_CONTINUATION@75.87","PULLBACK_CONTINUATION","13:33",6,"Neutral","UP","VALID STRUCTURE","ACTIONABLE","VALID","NO FILL","",75.94,75.86,75.87,76.13,76.15,2.28,-1.18,76.11,75.98,75.95,2.14,""
"UBER","2026-08-31","BLIND","PULLBACK_CONTINUATION@76.05","PULLBACK_CONTINUATION","15:09",7,"Good","UP","VALID STRUCTURE","ACTIONABLE","VALID","NO FILL","",76.14,76.04,76.05,78.29,76.39,21.3,-0.47,76.09,76.12,76.09,0.47,""
"UBER","2026-08-31","BLIND","PULLBACK_CONTINUATION@76.01","PULLBACK_CONTINUATION","15:42",8,"Good","UP","VALID STRUCTURE","ACTIONABLE","VALID","NO FILL","",76.29,75.99,76.01,78.29,77.05,6.63,-0.17,76.1,76.22,76.15,3.27,""
"UBER","2026-09-01","BLIND","REVERSAL|10:21|10:07","REVERSAL","10:25",6,"Neutral","RANGE","VALID STRUCTURE","ACTIONABLE","VALID","NO FILL","",75.74,75.28,75.31,76.66,77.12,2,-0.42,75.09,75.52,75.36,0.83,""
"UBER","2026-09-01","BLIND","PULLBACK_CONTINUATION@75.55","PULLBACK_CONTINUATION","11:59",8,"Strong","UP","VALID STRUCTURE","ACTIONABLE","VALID","NO FILL","",75.64,75.53,75.55,76.11,75.91,4.42,-0.19,75.29,75.6,75.57,1.07,""
"UBER","2026-09-01","BLIND","STRUCTURAL_BASE|12:43|12:46","STRUCTURAL_BASE","12:53",7,"Good","RANGE","VALID STRUCTURE","ACTIONABLE","VALID","NO FILL","",75.54,75.42,75.43,75.74,76.11,1.65,0,75.32,75.5,75.48,0.11,""
"UBER","2026-09-01","BLIND","RECLAIM_CONTINUATION|שפל 12:48@75.45|13:09","RECLAIM_CONTINUATION","13:11",8,"Strong","UP","VALID STRUCTURE","ACTIONABLE","VALID","LOSS",-1,75.54,75.4,75.41,76.11,75.89,4.04,0,75.33,75.49,75.49,0.37,""
"UBER","2026-09-02","BLIND","PULLBACK_CONTINUATION@76.06","PULLBACK_CONTINUATION","10:59",8,"Good","UP","VALID STRUCTURE","ACTIONABLE","VALID","NO FILL","",76.31,76.03,76.06,76.79,77.01,1.72,-0.39,76,76.24,76.14,1.52,""
"UBER","2026-09-02","BLIND","PULLBACK_CONTINUATION@76.81","PULLBACK_CONTINUATION","12:27",8,"Strong","UP","VALID STRUCTURE","ACTIONABLE","VALID","NO FILL","",77.02,76.78,76.81,77.49,77.73,2,-0.14,76.18,76.95,76.85,0.53,""
"UBER","2026-09-02","BLIND","RECLAIM_CONTINUATION|שפל 12:55@76.81|13:12","RECLAIM_CONTINUATION","13:14",6,"Good","UP","VALID STRUCTURE","ACTIONABLE","VALID","LOSS",-1,76.87,76.73,76.75,77.19,77.24,2.24,-0.31,76.31,76.84,76.86,0.75,""
"UBER","2026-09-02","BLIND","RECLAIM_CONTINUATION|שפל 13:02@76.82|13:12","RECLAIM_CONTINUATION","13:28",7,"Good","RANGE","VALID STRUCTURE","ACTIONABLE","VALID","LOSS",-1,76.91,76.73,76.75,77.19,77.24,1.52,0.15,76.33,76.88,76.87,1.45,""
"UBER","2026-09-02","BLIND","PULLBACK_CONTINUATION@76.75","PULLBACK_CONTINUATION","15:06",8,"Strong","UP","VALID STRUCTURE","ACTIONABLE","VALID","NO FILL","",76.84,76.74,76.75,77.01,77.19,1.74,-0.19,76.41,76.8,76.78,0.53,""
"UBER","2026-09-03","BLIND","PULLBACK_CONTINUATION@75.59","PULLBACK_CONTINUATION","13:35",6,"Neutral","UP","VALID STRUCTURE","ACTIONABLE","VALID","NO FILL","",75.71,75.58,75.59,76.11,76.83,3.06,-0.47,76.46,75.82,75.76,1.45,""
"UBER","2026-09-03","BLIND","PULLBACK_CONTINUATION@75.76","PULLBACK_CONTINUATION","15:41",6,"Neutral","UP","VALID STRUCTURE","ACTIONABLE","VALID","NO FILL","",75.96,75.73,75.76,76.83,78.24,3.86,-0.28,76.31,75.86,75.8,3.38,""
"UBER","2026-09-04","BLIND","PULLBACK_CONTINUATION@75.47","PULLBACK_CONTINUATION","13:09",7,"Good","UP","VALID STRUCTURE","ACTIONABLE","VALID","NO FILL","",75.66,75.46,75.47,76.71,76.73,5.3,-0.94,75.68,75.63,75.6,0.49,""
"UBER","2026-09-04","BLIND","PULLBACK_CONTINUATION@75.87","PULLBACK_CONTINUATION","13:29",8,"Good","UP","VALID STRUCTURE","ACTIONABLE","VALID","NO FILL","",76.14,75.85,75.87,76.71,76.73,1.95,-0.33,75.7,76.03,75.92,1.22,""
"UBER","2026-09-04","BLIND","PULLBACK_CONTINUATION@76.18","PULLBACK_CONTINUATION","14:01",7,"Good","UP","VALID STRUCTURE","ACTIONABLE","VALID","NO FILL","",76.3,76.17,76.18,76.71,76.73,3.11,-0.82,75.74,76.24,76.19,1.01,""
"UBER","2026-09-04","BLIND","PULLBACK_CONTINUATION@76.24","PULLBACK_CONTINUATION","14:31",7,"Good","UP","VALID STRUCTURE","ACTIONABLE","VALID","NO FILL","",76.35,76.23,76.24,76.71,76.73,2.94,-0.43,75.78,76.32,76.31,1,""