symbol,date,time,kind,identical
ABBV,2026-09-03,13:12,READY,true
ADBE,2026-09-04,14:50,READY,true
ADI,2026-09-01,15:55,READY,true
AMT,2026-09-01,15:37,READY,true
AMT,2026-09-02,15:36,READY,true
AMT,2026-09-03,14:00,READY,true
APH,2026-09-02,11:24,READY,true
APH,2026-09-03,14:30,READY,true
APP,2026-09-02,10:22,READY,true
APP,2026-09-02,14:07,READY,true
ABBV,2026-09-01,10:17,ARMED,true
ABBV,2026-09-02,12:13,ARMED,true
ABBV,2026-09-03,10:04,ARMED,true
ABBV,2026-09-04,09:44,SETUP,true
ABT,2026-09-01,11:15,ARMED,true
ABT,2026-09-02,10:01,ARMED,true
ABT,2026-09-03,11:05,ARMED,true
ABT,2026-09-04,10:10,SETUP,true
ADBE,2026-09-01,10:08,ARMED,true
ADBE,2026-09-02,09:49,SETUP,true