symbol_date,time,kind,identical
ABBV|2026-09-01,11:23,READY,true
ABBV|2026-09-03,13:12,READY,true
ABNB|2026-09-01,15:15,READY,true
ABT|2026-08-28,15:20,READY,true
ABT|2026-08-31,14:57,READY,true
ADBE|2026-08-28,15:11,READY,true
ADBE|2026-09-04,14:50,READY,true
ADI|2026-09-01,14:40,READY,true
ADI|2026-09-01,15:00,READY,true
ADI|2026-09-01,15:55,READY,true
ABBV|2026-08-31,09:44,ARMED,true
ABBV|2026-09-01,10:17,ARMED,true
ABBV|2026-09-02,12:13,ARMED,true
ABBV|2026-09-03,10:04,ARMED,true
ABBV|2026-09-04,09:44,SETUP,true
ABNB|2026-08-31,09:56,ARMED,true
ABNB|2026-09-01,10:20,SETUP,true
ABNB|2026-09-02,09:48,SETUP,true
ABNB|2026-09-03,09:44,SETUP,true
ABNB|2026-09-04,11:28,ARMED,true