symbol,date,set,setupId,readyTime,localTrend,quality,score,reclaimLevel,reclaimLevelName,barsHoldingReclaim,hlConfirmed,relVol,distVwapAtr,emaAligned,extensionAtr,rr,targetSource,structuralTarget,riskPctOfPrice,hour,structuralValidity,R,outcome,exitReason,mfeR,maeR,minutesHeld,tradeEdge,same_reclaim_level_recently_traded,bars_since_prior_attempt,prior_attempt_outcome,new_pivot_since_prior_attempt,new_structure_since_prior_attempt,churn_candidate_block,rootCause
"ABBV","2026-09-01","BLIND","RECLAIM_CONTINUATION|VWAP|START_11:15","11:23","UP","Good",8,260.07,"VWAP",9,true,2.21,1.74,true,0.16,4.1,"structural",true,0.131,"11:00","VALID",-1,"LOSS","stop",0.15,-1.43,13,"STRONG",false,"","","","",false,"H. VALID SETUP THAT LOST"
"ABBV","2026-09-03","BLIND","RECLAIM_CONTINUATION|PIVOT_12:43|START_13:02","13:12","RANGE","Good",6,260.6,"שפל 12:43",11,true,0.42,4.1,true,0,7.18,"structural",true,0.18,"13:00","VALID",0.45,"WIN","time",1.02,-0.89,89,"STRONG",false,"","","","",false,""
"ABNB","2026-09-01","BLIND","RECLAIM_CONTINUATION|VWAP|START_15:06","15:15","RANGE","Good",6,182.82,"VWAP",2,true,1.2,1.32,false,0.4,1.52,"structural",true,0.191,"15:00","AMBIGUOUS",-1,"LOSS","stop",0.29,-1.07,4,"AMBIGUOUS",false,"","","","",false,"H. VALID SETUP THAT LOST"
"ABT","2026-08-28","BLIND","RECLAIM_CONTINUATION|PIVOT_14:58|START_15:10","15:20","RANGE","Good",6,112.34,"שפל 14:58",11,true,0.52,10.56,true,0.44,1.86,"structural",true,0.071,"15:00","VALID",0.92,"WIN","target1",0.92,-0.17,3,"ACCEPTABLE",false,"","","","",false,""
"ABT","2026-08-31","BLIND","RECLAIM_CONTINUATION|PIVOT_14:05|START_14:51","14:57","RANGE","Good",6,110.42,"שפל 14:05",7,true,1.16,4.7,true,0.18,1.68,"structural",true,0.081,"14:00","VALID",-1,"LOSS","stop",1.32,-1,12,"ACCEPTABLE",false,"","","","",false,"H. VALID SETUP THAT LOST"
"ADBE","2026-08-28","BLIND","RECLAIM_CONTINUATION|VWAP|START_15:08","15:11","RANGE","Good",6,292.06,"VWAP",4,true,0.81,1.35,true,0.04,2.2,"structural",true,0.15,"15:00","VALID",-1,"LOSS","stop",0.62,-1.17,11,"STRONG",false,"","","","",false,"H. VALID SETUP THAT LOST"
"ADBE","2026-09-04","BLIND","RECLAIM_CONTINUATION|PIVOT_14:41|START_14:37","14:50","RANGE","Good",6,268.13,"שפל 14:41",14,true,0.26,6.4,true,0.4,1.65,"structural",true,0.22,"14:00","VALID",-1,"LOSS","stop",0.62,-1.14,38,"ACCEPTABLE",false,"","","","",false,"H. VALID SETUP THAT LOST"
"ADI","2026-09-01","BLIND","RECLAIM_CONTINUATION|PIVOT_14:19|START_14:38","14:40","UP","Strong",8,353.06,"שפל 14:19",3,true,0.45,3.08,true,0,2.75,"structural",true,0.085,"14:00","VALID",-1,"LOSS","stop",0,-1.27,1,"ACCEPTABLE",true,3,"FAILED",false,false,true,"F. CHURN — same level, no new structure"
"ADI","2026-09-01","BLIND","RECLAIM_CONTINUATION|VWAP|START_14:49","15:00","RANGE","Good",7,352.5,"VWAP",12,true,2.89,4.12,true,0.51,2.48,"structural",true,0.331,"15:00","VALID",0.55,"WIN","close",0.83,-0.27,58,"STRONG",false,"","","","",false,""
"ADI","2026-09-01","BLIND","RECLAIM_CONTINUATION|PIVOT_15:21|START_15:40","15:55","RANGE","Good",6,353.76,"שפל 15:21",16,true,9.35,2.96,false,0.23,3.34,"structural",true,0.201,"15:00","VALID",0.69,"WIN","close",0.76,-0.47,3,"STRONG",false,"","","","",false,""
"ADP","2026-08-31","BLIND","RECLAIM_CONTINUATION|VWAP|START_10:06","10:15","RANGE","Good",6,286.1,"VWAP",6,true,0.89,2.79,true,0.41,1.7,"structural",true,0.168,"10:00","VALID",0.58,"WIN","time",1.63,-0.54,89,"ACCEPTABLE",false,"","","","",false,""
"ADP","2026-08-31","BLIND","RECLAIM_CONTINUATION|VWAP|START_12:00","12:02","UP","Good",7,286.51,"VWAP",3,true,1.92,1.97,false,0.37,2.13,"structural",true,0.031,"12:00","VALID",-1,"LOSS","stop",0,-1.83,2,"ACCEPTABLE",false,"","","","",false,"H. VALID SETUP THAT LOST"
"ADP","2026-09-02","BLIND","RECLAIM_CONTINUATION|VWAP|START_09:50","10:01","UP","Good",6,280.65,"VWAP",11,true,0.11,0.2,true,0.12,6.99,"structural",true,0.118,"10:00","VALID",-1,"LOSS","stop",0.04,-1.03,1,"STRONG",false,"","","","",false,"H. VALID SETUP THAT LOST"
"ADP","2026-09-02","BLIND","RECLAIM_CONTINUATION|VWAP|START_12:40","12:51","RANGE","Good",6,280.49,"VWAP",12,true,0.46,3.09,true,0.26,2.95,"structural",true,0.11,"12:00","VALID",2.84,"WIN","target1",2.9,-0.62,76,"STRONG",false,"","","","",false,""
"ALAB","2026-09-04","BLIND","RECLAIM_CONTINUATION|VWAP|START_10:33","10:46","UP","Good",6,311.39,"VWAP",14,true,0.25,1.81,false,0.44,1.87,"structural",true,0.7,"10:00","VALID",1.25,"WIN","target1",1.27,-0.31,11,"ACCEPTABLE",false,"","","","",false,""
"AMD","2026-08-28","BLIND","RECLAIM_CONTINUATION|PIVOT_10:42|START_11:09","11:12","UP","Good",6,475.84,"שפל 10:42",4,true,0.48,2.49,false,-0.03,1.67,"structural",true,0.193,"11:00","VALID",-1,"LOSS","stop",0.61,-1.08,2,"ACCEPTABLE",false,"","","","",false,"H. VALID SETUP THAT LOST"
"AMT","2026-08-31","BLIND","RECLAIM_CONTINUATION|VWAP|START_10:40","10:52","UP","Good",7,174.31,"VWAP",13,true,0.69,3.97,true,0.56,3.13,"structural",true,0.223,"10:00","VALID",2.9,"WIN","target1",2.99,0,72,"STRONG",false,"","","","",false,""
"AMT","2026-09-01","BLIND","RECLAIM_CONTINUATION|VWAP|START_15:35","15:37","RANGE","Neutral",6,175.52,"VWAP",3,true,2.41,1,true,0,1.51,"structural",true,0.125,"15:00","VALID",-1,"LOSS","stop",0.18,-1.04,4,"ACCEPTABLE",false,"","","","",false,"H. VALID SETUP THAT LOST"
"AMT","2026-09-02","BLIND","RECLAIM_CONTINUATION|VWAP|START_15:34","15:36","UP","Good",8,173.13,"VWAP",3,true,2.51,1.1,true,0.03,1.92,"structural",true,0.162,"15:00","VALID",-1,"LOSS","stop",0.58,-1.28,12,"ACCEPTABLE",false,"","","","",false,"H. VALID SETUP THAT LOST"
"AMT","2026-09-03","BLIND","RECLAIM_CONTINUATION|PIVOT_13:41|START_13:37","14:00","RANGE","Good",6,177.95,"שפל 13:41",24,true,0.81,22.31,true,0,2,"r-multiple",false,0.152,"14:00","VALID",-1,"LOSS","stop",0.09,-1.23,1,"ACCEPTABLE",false,"","","","",false,"G. BAD TARGET / R:R"
"APH","2026-09-02","BLIND","RECLAIM_CONTINUATION|VWAP|START_11:21","11:24","RANGE","Good",6,79.16,"VWAP",4,true,0.46,1.72,true,-0.05,2.93,"structural",true,0.24,"11:00","VALID",2.7,"WIN","target1",3.67,-0.08,3,"STRONG",false,"","","","",false,""
"APH","2026-09-03","BLIND","RECLAIM_CONTINUATION|PIVOT_14:06|START_14:13","14:30","RANGE","Good",6,81.07,"שפל 14:06",18,true,0.56,11.71,true,0.35,2.78,"structural",true,0.111,"14:00","VALID",2.3,"WIN","target1",3.3,-0.9,12,"STRONG",false,"","","","",false,""
"APP","2026-08-31","BLIND","RECLAIM_CONTINUATION|VWAP|START_12:41","12:43","UP","Good",8,309.76,"VWAP",3,true,1.27,1.5,true,-0.04,1.63,"structural",true,0.155,"12:00","VALID",1.36,"WIN","target1",1.71,-0.53,20,"ACCEPTABLE",false,"","","","",false,""
"APP","2026-09-02","BLIND","RECLAIM_CONTINUATION|VWAP|START_10:03","10:22","RANGE","Good",7,309.78,"VWAP",20,true,1.32,3.08,true,0.32,2,"r-multiple",false,1.049,"10:00","VALID",0.09,"WIN","time",0.36,-0.98,89,"ACCEPTABLE",false,"","","","",false,""
"APP","2026-09-02","BLIND","RECLAIM_CONTINUATION|PIVOT_13:25|START_14:05","14:07","UP","Strong",7,318.21,"שפל 13:25",3,true,1.06,17.46,true,1.17,1.53,"structural",true,0.17,"14:00","VALID",0.57,"WIN","target1",0.76,-0.41,10,"ACCEPTABLE",false,"","","","",false,""
"APP","2026-09-04","BLIND","RECLAIM_CONTINUATION|PIVOT_15:31|START_15:41","15:49","RANGE","Good",6,320.16,"שפל 15:31",9,true,1,5.5,true,0.51,2.52,"structural",true,0.281,"15:00","VALID",-1,"LOSS","stop",0.76,-1.04,6,"STRONG",false,"","","","",false,"H. VALID SETUP THAT LOST"
"ASML","2026-09-04","BLIND","RECLAIM_CONTINUATION|VWAP|START_11:41","11:59","RANGE","Good",6,1705.12,"VWAP",19,true,0.07,2.07,true,0.12,1.79,"structural",true,0.21,"11:00","VALID",1.38,"WIN","target1",1.52,-0.33,49,"ACCEPTABLE",false,"","","","",false,""
"AXP","2026-08-31","BLIND","RECLAIM_CONTINUATION|VWAP|START_10:56","11:06","UP","Strong",7,331.43,"VWAP",11,true,0.25,2.04,true,0.05,1.59,"structural",true,0.148,"11:00","VALID",-1,"LOSS","stop",0,-1.33,2,"ACCEPTABLE",true,11,"FAILED",false,false,true,"F. CHURN — same level, no new structure"
"AXP","2026-09-02","BLIND","RECLAIM_CONTINUATION|VWAP|START_15:22","15:24","UP","Good",7,329.63,"VWAP",3,true,1.75,2.21,true,0.75,4.3,"structural",true,0.082,"15:00","VALID",0.24,"WIN","close",1.47,-0.66,34,"ACCEPTABLE",false,"","","","",false,""
"AXP","2026-09-03","BLIND","RECLAIM_CONTINUATION|VWAP|START_11:53","11:55","UP","Good",6,330.44,"VWAP",3,true,0.25,1.11,true,0,1.55,"structural",true,0.06,"11:00","VALID",-1,"LOSS","stop",0,-1.15,0,"ACCEPTABLE",false,"","","","",false,"H. VALID SETUP THAT LOST"
"AXP","2026-09-03","BLIND","RECLAIM_CONTINUATION|VWAP|START_14:31","14:38","UP","Good",6,330.44,"VWAP",8,true,0.6,0.73,true,0.18,3.1,"structural",true,0.027,"14:00","VALID",-1,"LOSS","stop",0.15,-1.23,3,"STRONG",false,"","","","",false,"H. VALID SETUP THAT LOST"
"BAC","2026-08-28","BLIND","RECLAIM_CONTINUATION|VWAP|START_09:49","10:07","UP","Good",8,61.72,"VWAP",18,true,1.32,2.8,true,0.11,2,"r-multiple",false,0.71,"10:00","VALID",0.7,"WIN","time",1.24,-0.76,89,"ACCEPTABLE",false,"","","","",false,""
"BAC","2026-08-28","BLIND","RECLAIM_CONTINUATION|PIVOT_11:08|START_11:44","11:58","UP","Strong",7,62.24,"שפל 11:08",15,true,0.22,10.08,true,-0.67,3.69,"structural",true,0.128,"11:00","VALID",-0.3,"LOSS","time",1.41,-0.77,89,"STRONG",false,"","","","",false,"H. VALID SETUP THAT LOST"
"BAC","2026-09-01","BLIND","RECLAIM_CONTINUATION|VWAP|START_09:47","09:58","UP","Good",6,62.14,"VWAP",11,true,0.73,1.32,true,0.2,1.93,"structural",true,0.321,"09:00","VALID",1.7,"WIN","target1",1.79,-0.33,17,"ACCEPTABLE",false,"","","","",false,""
"BKNG","2026-08-31","BLIND","RECLAIM_CONTINUATION|VWAP|START_10:30","10:38","RANGE","Good",6,201.41,"VWAP",9,true,0.73,1.75,true,0.15,4.55,"structural",true,0.243,"10:00","VALID",-1,"LOSS","stop",0.65,-1.17,32,"STRONG",false,"","","","",false,"H. VALID SETUP THAT LOST"
"BKNG","2026-09-01","BLIND","RECLAIM_CONTINUATION|VWAP|START_11:26","11:37","RANGE","Good",6,199.34,"VWAP",11,true,0.34,2.1,true,-1.31,3.7,"structural",true,0.185,"11:00","VALID",-1,"LOSS","stop",0.06,-1.04,2,"STRONG",false,"","","","",false,"H. VALID SETUP THAT LOST"
"BKNG","2026-09-02","BLIND","RECLAIM_CONTINUATION|VWAP|START_11:31","11:41","UP","Strong",8,198.48,"VWAP",11,true,0.29,1.04,true,0.14,1.82,"structural",true,0.151,"11:00","VALID",-1,"LOSS","stop",0.17,-1.06,5,"ACCEPTABLE",false,"","","","",false,"H. VALID SETUP THAT LOST"
"BKNG","2026-09-04","BLIND","RECLAIM_CONTINUATION|VWAP|START_10:57","10:59","UP","Good",7,193.32,"VWAP",3,true,0.72,0.69,true,0.05,7.5,"structural",true,0.145,"10:00","VALID",3.15,"WIN","time",3.58,-0.82,89,"ACCEPTABLE",false,"","","","",false,""
"BKNG","2026-09-04","BLIND","RECLAIM_CONTINUATION|VWAP|START_14:40","14:43","UP","Good",6,193.59,"VWAP",4,true,0.37,1.15,false,0.12,1.53,"structural",true,0.093,"14:00","VALID",-1,"LOSS","stop",0.23,-1.05,25,"ACCEPTABLE",true,4,"FAILED",false,false,true,"F. CHURN — same level, no new structure"
"BKNG","2026-09-04","BLIND","RECLAIM_CONTINUATION|PIVOT_14:51|START_15:23","15:25","RANGE","Good",6,193.54,"שפל 14:51",3,true,0.6,0.75,true,0.09,2.3,"structural",true,0.114,"15:00","VALID",-1,"LOSS","stop",0.05,-1.27,9,"ACCEPTABLE",false,"","","","",false,"H. VALID SETUP THAT LOST"
"BLK","2026-08-31","BLIND","RECLAIM_CONTINUATION|VWAP|START_12:38","12:41","UP","Strong",8,1152.06,"VWAP",4,true,5.75,2.24,true,0.64,1.67,"structural",true,0.07,"12:00","VALID",1.1,"WIN","target1",1.2,-0.25,28,"ACCEPTABLE",true,7,"FAILED",false,false,true,""
"BLK","2026-09-02","BLIND","RECLAIM_CONTINUATION|VWAP|START_10:05","10:08","UP","Good",7,1131.81,"VWAP",4,true,0.77,1.26,true,0.33,1.95,"structural",true,0.114,"10:00","VALID",0.83,"WIN","target1",1.05,-0.93,11,"ACCEPTABLE",false,"","","","",false,""
"BLK","2026-09-03","BLIND","RECLAIM_CONTINUATION|VWAP|START_09:34","09:55","UP","Good",7,1125,"VWAP",13,true,1.7,3.02,true,0.65,2,"r-multiple",false,0.603,"09:00","VALID",-1,"LOSS","stop",0.52,-1.03,13,"ACCEPTABLE",false,"","","","",false,"G. BAD TARGET / R:R"
"BLK","2026-09-04","BLIND","RECLAIM_CONTINUATION|PIVOT_13:19|START_13:31","13:43","RANGE","Good",7,1120.33,"שפל 13:19",13,true,14.09,6.57,true,0.35,1.51,"structural",true,0.103,"13:00","VALID",-1,"LOSS","stop",0,-1.11,5,"ACCEPTABLE",false,"","","","",false,"H. VALID SETUP THAT LOST"
"BMY","2026-08-31","BLIND","RECLAIM_CONTINUATION|PIVOT_12:36|START_13:05","13:22","UP","Good",6,66.55,"שפל 12:36",18,true,0.37,7.32,false,0.4,2.03,"structural",true,0.075,"13:00","VALID",-1,"LOSS","stop",0,-1.17,7,"STRONG",false,"","","","",false,"H. VALID SETUP THAT LOST"
"BMY","2026-09-02","BLIND","RECLAIM_CONTINUATION|PIVOT_13:01|START_13:44","13:50","RANGE","Good",6,67.27,"שפל 13:01",7,true,1.03,6.07,true,0.54,6.8,"structural",true,0.089,"13:00","VALID",5,"WIN","target1",5.27,-0.47,89,"STRONG",true,12,"FAILED",false,false,true,""
"BRK-B","2026-08-27","BLIND","RECLAIM_CONTINUATION|PIVOT_14:19|START_14:27","14:42","RANGE","Good",6,503.84,"שפל 14:19",3,true,0.58,9.13,true,0.43,2.74,"structural",true,0.097,"14:00","VALID",-1,"LOSS","stop",0.34,-1.31,26,"ACCEPTABLE",false,"","","","",false,"H. VALID SETUP THAT LOST"
"BRK-B","2026-09-03","BLIND","RECLAIM_CONTINUATION|VWAP|START_15:06","15:08","RANGE","Good",7,507.36,"VWAP",3,true,2,0.79,true,-0.09,1.5,"structural",true,0.053,"15:00","VALID",-1,"LOSS","stop",1.29,-1.22,20,"ACCEPTABLE",false,"","","","",false,"H. VALID SETUP THAT LOST"
"BRK-B","2026-09-03","BLIND","RECLAIM_CONTINUATION|VWAP|START_15:34","15:38","RANGE","Good",6,507.38,"VWAP",5,true,0.91,1.28,true,-0.07,1.68,"structural",true,0.097,"15:00","VALID",0.56,"WIN","close",1.17,-0.98,20,"ACCEPTABLE",true,4,"FAILED",false,false,true,""
"BRK-B","2026-09-03","BLIND","RECLAIM_CONTINUATION|VWAP|START_15:48","15:50","UP","Good",7,507.39,"VWAP",3,true,4.96,1.44,false,0.37,1.59,"structural",true,0.071,"15:00","VALID",-1,"LOSS","stop",0.23,-1.14,4,"ACCEPTABLE",true,12,"EARLIER READY",true,true,false,"H. VALID SETUP THAT LOST"
"BSX","2026-09-04","BLIND","RECLAIM_CONTINUATION|VWAP|START_10:00","10:19","RANGE","Good",6,47.37,"VWAP",19,true,1.39,4.51,true,1.13,2,"r-multiple",false,0.839,"10:00","VALID",0.04,"WIN","time",0.24,-0.57,89,"ACCEPTABLE",false,"","","","",false,""
"BX","2026-09-04","BLIND","RECLAIM_CONTINUATION|PIVOT_13:40|START_13:56","14:06","UP","Strong",7,136.63,"שפל 13:40",11,true,0.49,8.08,true,0.73,1.57,"structural",true,0.11,"14:00","VALID",0.9,"WIN","target1",1.05,0,18,"ACCEPTABLE",false,"","","","",false,""
"C","2026-09-01","BLIND","RECLAIM_CONTINUATION|PIVOT_10:00|START_09:56","10:09","RANGE","Good",6,132.46,"שפל 10:00",14,true,0.92,6.18,true,0.41,2,"r-multiple",false,0.369,"10:00","VALID",1.94,"WIN","target1",2.08,-0.11,8,"ACCEPTABLE",false,"","","","",false,""
"CAT","2026-08-31","BLIND","RECLAIM_CONTINUATION|PIVOT_15:16|START_15:34","15:36","RANGE","Neutral",6,795.81,"שפל 15:16",3,true,1.58,5.17,true,-0.09,3.56,"structural",true,0.213,"15:00","VALID",0.21,"WIN","close",1.04,-0.92,22,"ACCEPTABLE",false,"","","","",false,""
"CAT","2026-09-01","BLIND","RECLAIM_CONTINUATION|VWAP|START_11:40","11:47","RANGE","Good",6,782.37,"VWAP",8,true,1.16,1.72,true,-0.01,1.89,"structural",true,0.144,"11:00","VALID",-1,"LOSS","stop",0.09,-1.12,9,"ACCEPTABLE",false,"","","","",false,"H. VALID SETUP THAT LOST"
"CAT","2026-09-02","BLIND","RECLAIM_CONTINUATION|PIVOT_13:25|START_13:21","13:33","RANGE","Good",7,783.89,"שפל 13:25",13,true,1.33,6.05,true,-0.07,1.81,"structural",true,0.18,"13:00","VALID",-1,"LOSS","stop",0.19,-1.09,48,"ACCEPTABLE",false,"","","","",false,"H. VALID SETUP THAT LOST"
"CAT","2026-09-03","BLIND","RECLAIM_CONTINUATION|VWAP|START_14:36","14:39","UP","Good",6,794.21,"VWAP",4,true,0.98,0.96,false,0.14,1.84,"structural",true,0.073,"14:00","VALID",-1,"LOSS","stop",0.69,-1.6,7,"ACCEPTABLE",false,"","","","",false,"H. VALID SETUP THAT LOST"
"CB","2026-08-31","BLIND","RECLAIM_CONTINUATION|VWAP|START_11:47","11:52","UP","Good",7,339.35,"VWAP",5,true,0.63,1.14,true,0.32,1.98,"structural",true,0.077,"11:00","VALID",-1,"LOSS","stop",0.17,-1,2,"ACCEPTABLE",true,11,"FAILED",true,true,false,"H. VALID SETUP THAT LOST"
"CB","2026-09-04","BLIND","RECLAIM_CONTINUATION|VWAP|START_10:34","10:40","RANGE","Good",6,345.81,"VWAP",7,true,0.45,1.85,true,0.59,1.64,"structural",true,0.075,"10:00","VALID",-1,"LOSS","stop",0.11,-1.32,5,"ACCEPTABLE",true,15,"FAILED",true,true,false,"H. VALID SETUP THAT LOST"
"CME","2026-08-31","BLIND","RECLAIM_CONTINUATION|VWAP|START_10:07","10:10","RANGE","Good",6,286,"VWAP",4,true,0.2,1.91,true,0.48,1.5,"structural",true,0.129,"10:00","VALID",1.49,"WIN","target1",1.68,-0.22,9,"ACCEPTABLE",false,"","","","",false,""
"CME","2026-08-31","BLIND","RECLAIM_CONTINUATION|VWAP|START_11:49","11:51","RANGE","Good",6,286.52,"VWAP",3,true,0.59,0.65,true,0.07,2.62,"structural",true,0.084,"11:00","VALID",-1,"LOSS","stop",0.72,-11.25,52,"ACCEPTABLE",false,"","","","",false,"H. VALID SETUP THAT LOST"
"CME","2026-09-04","BLIND","RECLAIM_CONTINUATION|VWAP|START_11:05","11:07","RANGE","Good",6,280.91,"VWAP",3,true,0.41,1.31,true,-0.04,3.5,"structural",true,0.132,"11:00","VALID",-1,"LOSS","stop",0,-1.16,2,"ACCEPTABLE",false,"","","","",false,"H. VALID SETUP THAT LOST"
"COIN","2026-09-02","BLIND","RECLAIM_CONTINUATION|VWAP|START_09:40","09:46","UP","Good",7,173.99,"VWAP",7,true,0.58,3.33,true,0.12,2,"r-multiple",false,2.114,"09:00","VALID",0.08,"WIN","time",0.48,-0.19,89,"ACCEPTABLE",false,"","","","",false,""
"COIN","2026-09-02","BLIND","RECLAIM_CONTINUATION|PIVOT_13:51|START_14:02","14:18","RANGE","Good",7,176.59,"שפל 13:51",1,true,2.08,3.89,true,0.15,1.68,"structural",true,0.266,"14:00","INVALID",-1,"LOSS","stop",1.3,-1.02,34,"NO EDGE",false,"","","","",false,"A. FALSE RECLAIM"
"COST","2026-08-31","BLIND","RECLAIM_CONTINUATION|VWAP|START_10:50","11:01","UP","Good",6,946.1,"VWAP",12,true,0.21,0.88,true,0.08,2.83,"structural",true,0.058,"11:00","VALID",-1,"LOSS","stop",1.67,-1.13,21,"STRONG",false,"","","","",false,"H. VALID SETUP THAT LOST"
"CRDO","2026-09-03","BLIND","RECLAIM_CONTINUATION|VWAP|START_11:14","11:25","UP","Neutral",6,167.17,"VWAP",12,true,0.33,1.75,true,0.39,1.56,"structural",true,1.012,"11:00","VALID",1.21,"WIN","target1",1.25,-0.26,46,"ACCEPTABLE",false,"","","","",false,""
"CRDO","2026-09-04","BLIND","RECLAIM_CONTINUATION|PIVOT_13:51|START_13:46","14:01","RANGE","Good",6,169.86,"שפל 13:51",16,true,0.28,7.58,true,-0.04,1.58,"structural",true,0.475,"14:00","VALID",-1,"LOSS","stop",0.68,-1.16,68,"ACCEPTABLE",false,"","","","",false,"H. VALID SETUP THAT LOST"
"CRM","2026-08-28","BLIND","RECLAIM_CONTINUATION|VWAP|START_13:24","13:29","RANGE","Good",6,259.04,"VWAP",6,true,0.45,1.73,true,0.31,1.58,"structural",true,0.123,"13:00","VALID",1.42,"WIN","target1",1.52,0,2,"ACCEPTABLE",false,"","","","",false,""
"CRM","2026-08-28","BLIND","RECLAIM_CONTINUATION|VWAP|START_15:09","15:12","RANGE","Good",6,259.2,"VWAP",4,true,0.41,1.24,true,-0.08,1.53,"structural",true,0.366,"15:00","VALID",-1,"LOSS","stop",0.26,-1.59,10,"ACCEPTABLE",false,"","","","",false,"H. VALID SETUP THAT LOST"
"CRM","2026-08-31","BLIND","RECLAIM_CONTINUATION|VWAP|START_10:08","10:13","RANGE","Good",6,257.74,"VWAP",6,true,0.52,0.7,true,0.06,2.09,"structural",true,0.31,"10:00","VALID",2.09,"WIN","target1",2.55,-0.2,13,"STRONG",true,14,"FAILED",true,true,false,""
"CRM","2026-09-03","BLIND","RECLAIM_CONTINUATION|VWAP|START_13:29","13:32","RANGE","Good",6,265.19,"VWAP",4,true,0.48,1.86,true,0.44,1.5,"structural",true,0.256,"13:00","VALID",1.22,"WIN","target1",1.26,-0.49,36,"ACCEPTABLE",false,"","","","",false,""
"CRWD","2026-08-28","BLIND","RECLAIM_CONTINUATION|VWAP|START_12:30","12:35","RANGE","Good",6,215.94,"VWAP",6,true,0.26,1.53,true,0.2,1.8,"structural",true,0.328,"12:00","VALID",1.75,"WIN","target1",1.82,-0.26,11,"ACCEPTABLE",true,19,"FAILED",true,true,false,""
"CSCO","2026-08-31","BLIND","RECLAIM_CONTINUATION|VWAP|START_12:40","12:48","UP","Good",7,110.33,"VWAP",9,true,0.52,1.34,true,0,2.02,"structural",true,0.136,"12:00","VALID",1.23,"WIN","time",1.77,-0.09,89,"STRONG",false,"","","","",false,""
"CSCO","2026-08-31","BLIND","RECLAIM_CONTINUATION|PIVOT_14:05|START_14:44","15:00","UP","Good",6,110.56,"שפל 14:05",17,true,0.95,7.08,false,0.28,3.38,"structural",true,0.108,"15:00","VALID",2.79,"WIN","target1",2.89,-0.82,44,"STRONG",false,"","","","",false,""
"CSCO","2026-08-31","BLIND","RECLAIM_CONTINUATION|PIVOT_14:54|START_15:08","15:17","RANGE","Good",6,110.59,"שפל 14:54",4,true,0.78,6.05,true,0.23,3.7,"structural",true,0.099,"15:00","VALID",3.55,"WIN","target1",3.68,-0.09,27,"STRONG",false,"","","","",false,""
"CSCO","2026-09-03","BLIND","RECLAIM_CONTINUATION|VWAP|START_14:20","14:48","UP","Strong",6,108.83,"VWAP",27,true,0.72,2.09,true,0.99,1.54,"structural",true,0.101,"14:00","VALID",-1,"LOSS","stop",0.68,-1.8,40,"ACCEPTABLE",false,"","","","",false,"H. VALID SETUP THAT LOST"
"CVX","2026-08-28","BLIND","RECLAIM_CONTINUATION|PIVOT_14:02|START_14:18","14:25","RANGE","Good",6,201.42,"שפל 14:02",8,true,1.7,5.06,false,0.24,1.52,"structural",true,0.099,"14:00","VALID",-1,"LOSS","stop",0.75,-1.07,19,"ACCEPTABLE",true,9,"FAILED",true,true,false,"H. VALID SETUP THAT LOST"
"CVX","2026-09-01","BLIND","RECLAIM_CONTINUATION|VWAP|START_11:22","11:24","RANGE","Neutral",6,208.92,"VWAP",2,true,3.27,1.56,true,0.32,2.43,"structural",true,0.134,"11:00","AMBIGUOUS",-1,"LOSS","stop",0.26,-1.03,15,"AMBIGUOUS",true,14,"FAILED",true,true,false,"H. VALID SETUP THAT LOST"
"CVX","2026-09-01","BLIND","RECLAIM_CONTINUATION|VWAP|START_11:30","11:34","UP","Good",7,208.93,"VWAP",5,true,0.42,1,true,0.41,1.83,"structural",true,0.086,"11:00","VALID",-1,"LOSS","stop",0.2,-1,5,"ACCEPTABLE",true,5,"FAILED",false,false,true,"F. CHURN — same level, no new structure"
"CVX","2026-09-02","BLIND","RECLAIM_CONTINUATION|VWAP|START_10:10","10:12","UP","Good",7,211.12,"VWAP",3,true,0.52,0.68,true,0.3,4.56,"structural",true,0.156,"10:00","VALID",2.74,"WIN","time",2.84,-0.79,89,"ACCEPTABLE",false,"","","","",false,""
"DDOG","2026-09-02","BLIND","RECLAIM_CONTINUATION|VWAP|START_10:34","10:45","UP","Good",6,214.84,"VWAP",12,true,0.71,2.27,true,0.62,3.49,"structural",true,0.547,"10:00","VALID",-1,"LOSS","stop",0.08,-1.33,10,"STRONG",false,"","","","",false,"H. VALID SETUP THAT LOST"
"DDOG","2026-09-02","BLIND","RECLAIM_CONTINUATION|VWAP|START_10:51","10:53","UP","Good",6,214.87,"VWAP",3,true,0.54,0.97,false,0.46,2.12,"structural",true,0.27,"10:00","VALID",-1,"LOSS","stop",0.28,-1.65,2,"ACCEPTABLE",true,7,"EARLIER READY",false,false,true,"F. CHURN — same level, no new structure"
"DE","2026-09-01","BLIND","RECLAIM_CONTINUATION|VWAP|START_13:46","13:53","UP","Strong",8,669.06,"VWAP",8,true,0.38,2.46,true,0.07,1.6,"structural",true,0.094,"13:00","VALID",1.55,"WIN","target1",1.74,0,1,"ACCEPTABLE",true,14,"FAILED",true,true,false,""
"DE","2026-09-02","BLIND","RECLAIM_CONTINUATION|VWAP|START_14:05","14:08","RANGE","Good",6,685.37,"VWAP",4,true,0.84,0.88,true,-0.03,2.04,"structural",true,0.114,"14:00","VALID",-1,"LOSS","stop",0.72,-1.81,6,"STRONG",false,"","","","",false,"H. VALID SETUP THAT LOST"
"DE","2026-09-04","BLIND","RECLAIM_CONTINUATION|VWAP|START_11:34","11:50","UP","Strong",6,697.71,"VWAP",17,true,0.53,3.05,true,0.61,1.76,"structural",true,0.292,"11:00","VALID",-1,"LOSS","stop",0.4,-1.12,77,"ACCEPTABLE",false,"","","","",false,"H. VALID SETUP THAT LOST"
"DUK","2026-08-31","BLIND","RECLAIM_CONTINUATION|VWAP|START_13:01","13:10","RANGE","Good",6,119.71,"VWAP",10,true,1.46,4.44,false,0,1.53,"structural",true,0.183,"13:00","VALID",1.55,"WIN","target1",1.59,-0.39,81,"ACCEPTABLE",false,"","","","",false,""
"DUK","2026-09-03","BLIND","RECLAIM_CONTINUATION|VWAP|START_10:19","10:30","UP","Good",6,121.11,"VWAP",8,true,0.5,1.6,true,0.9,1.9,"structural",true,0.091,"10:00","VALID",-1,"LOSS","stop",0.14,-1.1,4,"ACCEPTABLE",false,"","","","",false,"H. VALID SETUP THAT LOST"
"DUK","2026-09-04","BLIND","RECLAIM_CONTINUATION|VWAP|START_10:53","10:59","RANGE","Good",6,121.1,"VWAP",7,true,2.96,0.69,true,-0.07,1.79,"structural",true,0.091,"10:00","VALID",1.82,"WIN","target1",1.82,-0.27,17,"ACCEPTABLE",false,"","","","",false,""
"FISV","2026-08-31","BLIND","RECLAIM_CONTINUATION|VWAP|START_12:23","12:25","UP","Good",6,53.41,"VWAP",3,true,0.47,2.78,false,0.11,2.68,"structural",true,0.318,"12:00","VALID",-1,"LOSS","stop",0,-1.15,11,"ACCEPTABLE",false,"","","","",false,"H. VALID SETUP THAT LOST"
"FISV","2026-09-01","BLIND","RECLAIM_CONTINUATION|VWAP|START_10:17","10:20","UP","Good",7,52.35,"VWAP",4,true,0.18,1.89,true,0.36,3.35,"structural",true,0.248,"10:00","VALID",-1,"LOSS","stop",2.07,-1.03,37,"STRONG",false,"","","","",false,"H. VALID SETUP THAT LOST"
"GE","2026-08-28","BLIND","RECLAIM_CONTINUATION|VWAP|START_14:31","14:33","UP","Good",7,343.12,"VWAP",3,true,0.87,0.64,true,0.08,1.9,"structural",true,0.067,"14:00","VALID",1.03,"WIN","target1",1.26,-0.24,19,"ACCEPTABLE",false,"","","","",false,""
"GE","2026-09-03","BLIND","RECLAIM_CONTINUATION|VWAP|START_13:16","13:18","RANGE","Good",6,331.66,"VWAP",3,true,0.94,1.55,true,0.06,1.94,"structural",true,0.102,"13:00","VALID",-1,"LOSS","stop",1.74,-1.1,29,"ACCEPTABLE",false,"","","","",false,"H. VALID SETUP THAT LOST"
"GE","2026-09-03","BLIND","RECLAIM_CONTINUATION|VWAP|START_14:22","14:45","RANGE","Good",6,331.68,"VWAP",24,true,0.42,3.23,true,0.09,1.55,"structural",true,0.117,"14:00","VALID",1.38,"WIN","target1",1.55,-0.55,15,"ACCEPTABLE",false,"","","","",false,""
"GE","2026-09-04","BLIND","RECLAIM_CONTINUATION|VWAP|START_10:25","10:28","UP","Good",7,333.88,"VWAP",4,true,0.44,1.02,true,0.11,1.6,"structural",true,0.171,"10:00","VALID",-1,"LOSS","stop",0.08,-1.11,8,"ACCEPTABLE",true,9,"FAILED",true,true,false,"H. VALID SETUP THAT LOST"
"GE","2026-09-04","BLIND","RECLAIM_CONTINUATION|VWAP|START_11:44","11:51","UP","Good",6,333.85,"VWAP",8,true,0.68,0.75,true,0.22,1.85,"structural",true,0.069,"11:00","VALID",-1,"LOSS","stop",0.85,-1.13,7,"ACCEPTABLE",false,"","","","",false,"H. VALID SETUP THAT LOST"
"GILD","2026-09-04","BLIND","RECLAIM_CONTINUATION|VWAP|START_13:33","13:45","RANGE","Good",6,150.56,"VWAP",13,true,0.71,3.09,true,0,1.55,"structural",true,0.186,"13:00","VALID",-1,"LOSS","stop",0.42,-1.1,72,"ACCEPTABLE",false,"","","","",false,"H. VALID SETUP THAT LOST"
"HD","2026-08-31","BLIND","RECLAIM_CONTINUATION|PIVOT_14:10|START_14:26","14:28","RANGE","Good",6,328.03,"שפל 14:10",3,true,1,4.05,true,0.5,1.89,"structural",true,0.131,"14:00","VALID",-1,"LOSS","stop",0.83,-1.02,47,"ACCEPTABLE",false,"","","","",false,"H. VALID SETUP THAT LOST"
"HD","2026-09-02","BLIND","RECLAIM_CONTINUATION|VWAP|START_10:50","10:53","RANGE","Good",6,320.69,"VWAP",4,true,0.56,1.61,true,0.05,1.52,"structural",true,0.153,"10:00","VALID",-1,"LOSS","stop",0.95,-1.08,15,"ACCEPTABLE",true,8,"FAILED",true,true,false,"H. VALID SETUP THAT LOST"
"HD","2026-09-04","BLIND","RECLAIM_CONTINUATION|PIVOT_12:30|START_13:06","13:08","UP","Good",6,320.43,"שפל 12:30",3,true,0.38,11.37,false,0.47,2.02,"structural",true,0.094,"13:00","VALID",-1,"LOSS","stop",0.49,-1.05,18,"ACCEPTABLE",false,"","","","",false,"H. VALID SETUP THAT LOST"
"HON","2026-09-03","BLIND","RECLAIM_CONTINUATION|VWAP|START_12:02","12:14","UP","Good",7,206.83,"VWAP",13,true,0.62,2.32,true,0.09,6,"structural",true,0.179,"12:00","VALID",2.04,"WIN","time",3.57,-0.78,89,"STRONG",true,18,"FAILED",true,true,false,""
"HOOD","2026-09-01","BLIND","RECLAIM_CONTINUATION|VWAP|START_09:55","09:57","RANGE","Good",6,105.09,"VWAP",3,true,0.34,0.51,true,0.12,1.53,"structural",true,0.76,"09:00","VALID",1.43,"WIN","target1",1.43,-0.81,37,"ACCEPTABLE",true,5,"FAILED",true,true,false,""
"HOOD","2026-09-01","BLIND","RECLAIM_CONTINUATION|VWAP|START_10:12","10:14","RANGE","Good",6,105.15,"VWAP",3,true,0.28,0.94,true,0.37,1.95,"structural",true,0.721,"10:00","VALID",-1,"LOSS","stop",0.02,-1.04,4,"ACCEPTABLE",true,16,"EARLIER READY",false,false,true,"F. CHURN — same level, no new structure"
"HOOD","2026-09-02","BLIND","RECLAIM_CONTINUATION|PIVOT_13:56|START_14:02","14:23","RANGE","Good",6,105.81,"שפל 13:56",6,true,0.31,5.01,true,0.14,1.52,"structural",true,0.481,"14:00","VALID",1.42,"WIN","target1",1.68,-0.13,60,"ACCEPTABLE",false,"","","","",false,""
"HOOD","2026-09-03","BLIND","RECLAIM_CONTINUATION|PIVOT_12:31|START_12:45","12:58","RANGE","Good",6,122.67,"שפל 12:31",14,true,0.16,13.55,true,0.6,1.69,"structural",true,0.325,"12:00","VALID",1.23,"WIN","target1",1.37,-0.81,36,"ACCEPTABLE",false,"","","","",false,""
"ICE","2026-09-01","BLIND","RECLAIM_CONTINUATION|VWAP|START_09:53","10:00","RANGE","Good",6,159.95,"VWAP",6,true,0.43,0.91,true,0.32,2.08,"structural",true,0.356,"10:00","VALID",-1,"LOSS","stop",1,-1,51,"STRONG",true,13,"FAILED",true,true,false,"H. VALID SETUP THAT LOST"
"ICE","2026-09-02","BLIND","RECLAIM_CONTINUATION|VWAP|START_11:59","12:08","UP","Good",7,158.65,"VWAP",10,true,3.25,1.63,false,-0.07,1.83,"structural",true,0.239,"12:00","VALID",-1,"LOSS","stop",0,-1.24,3,"ACCEPTABLE",false,"","","","",false,"H. VALID SETUP THAT LOST"
"ICE","2026-09-03","BLIND","RECLAIM_CONTINUATION|VWAP|START_11:28","11:31","RANGE","Good",6,161.36,"VWAP",4,true,0.15,1.86,true,0.34,1.96,"structural",true,0.155,"11:00","VALID",-1,"LOSS","stop",0.59,-1,8,"ACCEPTABLE",true,10,"FAILED",false,false,true,"F. CHURN — same level, no new structure"
"ICE","2026-09-03","BLIND","RECLAIM_CONTINUATION|VWAP|START_11:40","11:42","UP","Good",6,161.37,"VWAP",3,true,0.76,2.32,true,0.74,1.8,"structural",true,0.173,"11:00","VALID",1.45,"WIN","target1",1.45,-0.06,14,"ACCEPTABLE",true,11,"EARLIER READY",false,false,true,""
"INTC","2026-08-28","BLIND","RECLAIM_CONTINUATION|VWAP|START_10:29","10:33","RANGE","Good",6,91.98,"VWAP",5,true,0.39,0.6,true,-0.04,3.38,"structural",true,0.326,"10:00","VALID",-1,"LOSS","stop",2.53,-1.3,18,"STRONG",false,"","","","",false,"H. VALID SETUP THAT LOST"
"INTU","2026-09-01","BLIND","RECLAIM_CONTINUATION|VWAP|START_10:08","10:13","UP","Good",7,351.59,"VWAP",6,true,0.55,1.25,true,0.6,2.2,"structural",true,0.25,"10:00","VALID",-1,"LOSS","stop",0.23,-1.11,4,"STRONG",false,"","","","",false,"H. VALID SETUP THAT LOST"
"INTU","2026-09-02","BLIND","RECLAIM_CONTINUATION|VWAP|START_09:49","10:03","UP","Good",6,345.78,"VWAP",13,true,0.42,0.48,true,0.41,1.65,"structural",true,0.448,"10:00","VALID",-1,"LOSS","stop",0.11,-1.53,5,"ACCEPTABLE",false,"","","","",false,"H. VALID SETUP THAT LOST"
"ISRG","2026-08-31","BLIND","RECLAIM_CONTINUATION|VWAP|START_09:57","09:59","UP","Neutral",6,367.94,"VWAP",3,true,0.17,0.84,true,0.06,1.85,"structural",true,0.141,"09:00","VALID",-1,"LOSS","stop",0,-1.38,0,"ACCEPTABLE",false,"","","","",false,"H. VALID SETUP THAT LOST"
"JNJ","2026-09-01","BLIND","RECLAIM_CONTINUATION|PIVOT_14:02|START_14:27","14:34","UP","Good",6,269.97,"שפל 14:02",8,true,1.3,8.04,true,0.72,1.63,"structural",true,0.111,"14:00","VALID",0.9,"WIN","target1",0.94,-0.39,29,"ACCEPTABLE",false,"","","","",false,""
"JNJ","2026-09-04","BLIND","RECLAIM_CONTINUATION|PIVOT_11:31|START_11:41","12:00","RANGE","Good",6,276.28,"שפל 11:31",20,true,0.28,4.33,true,0.29,3.95,"structural",true,0.105,"12:00","VALID",-1,"LOSS","stop",0.6,-1.32,49,"STRONG",false,"","","","",false,"H. VALID SETUP THAT LOST"
"JPM","2026-09-01","BLIND","RECLAIM_CONTINUATION|VWAP|START_09:56","10:00","RANGE","Good",7,356.17,"VWAP",5,true,1.7,0.98,true,0.14,2.03,"structural",true,0.247,"10:00","VALID",1.74,"WIN","target1",1.92,-0.46,15,"STRONG",true,14,"FAILED",true,true,false,""
"JPM","2026-09-01","BLIND","RECLAIM_CONTINUATION|VWAP|START_12:00","12:10","UP","Strong",6,357.57,"VWAP",11,true,0.21,2.66,true,0.86,2.89,"structural",true,0.187,"12:00","VALID",-1,"LOSS","stop",0.22,-1.16,9,"STRONG",false,"","","","",false,"H. VALID SETUP THAT LOST"
"KLAC","2026-09-02","BLIND","RECLAIM_CONTINUATION|PIVOT_11:12|START_11:25","11:36","RANGE","Good",6,170.72,"שפל 11:12",12,true,0.57,5.71,true,0.28,1.8,"structural",true,0.345,"11:00","VALID",1.19,"WIN","time",1.56,-0.5,89,"ACCEPTABLE",false,"","","","",false,""
"KLAC","2026-09-03","BLIND","RECLAIM_CONTINUATION|VWAP|START_10:33","10:47","RANGE","Good",6,168.67,"VWAP",3,true,0.32,1.83,true,0.54,1.65,"structural",true,0.355,"10:00","VALID",1.12,"WIN","target1",1.14,-0.13,6,"ACCEPTABLE",false,"","","","",false,""
"KLAC","2026-09-03","BLIND","RECLAIM_CONTINUATION|PIVOT_15:12|START_15:19","15:34","UP","Strong",7,171.91,"שפל 15:12",16,true,0.94,12.03,true,-0.04,1.61,"structural",true,0.128,"15:00","VALID",1.53,"WIN","target1",2.2,0,9,"ACCEPTABLE",false,"","","","",false,""
"KLAC","2026-09-04","BLIND","RECLAIM_CONTINUATION|PIVOT_14:14|START_14:42","14:44","UP","Good",6,185.14,"שפל 14:14",3,true,0.55,5.74,false,0.17,1.72,"structural",true,0.14,"14:00","VALID",-1,"LOSS","stop",0.28,-1.67,6,"ACCEPTABLE",false,"","","","",false,"H. VALID SETUP THAT LOST"
"KLAC","2026-09-04","BLIND","RECLAIM_CONTINUATION|VWAP|START_15:29","15:32","RANGE","Good",6,184.53,"VWAP",4,true,0.82,2.48,true,-0.02,1.5,"structural",true,0.384,"15:00","VALID",1.51,"WIN","target1",1.54,-0.13,19,"ACCEPTABLE",false,"","","","",false,""
"KO","2026-08-31","BLIND","RECLAIM_CONTINUATION|VWAP|START_11:28","11:33","RANGE","Good",6,89.2,"VWAP",3,true,0.63,1.83,true,0.53,2.05,"structural",true,0.078,"11:00","VALID",-1,"LOSS","stop",0.44,-1.06,8,"ACCEPTABLE",false,"","","","",false,"H. VALID SETUP THAT LOST"
"KO","2026-09-02","BLIND","RECLAIM_CONTINUATION|VWAP|START_10:24","10:26","RANGE","Neutral",6,87.97,"VWAP",2,true,1.2,1.2,true,0.46,1.82,"structural",true,0.102,"10:00","AMBIGUOUS",-1,"LOSS","stop",0.18,-1.27,6,"AMBIGUOUS",false,"","","","",false,"H. VALID SETUP THAT LOST"
"LIN","2026-08-31","BLIND","RECLAIM_CONTINUATION|VWAP|START_09:55","09:58","RANGE","Good",6,490.79,"VWAP",4,true,0.11,0.89,true,0.31,2.06,"structural",true,0.13,"09:00","VALID",-1,"LOSS","stop",1.39,-1.06,26,"STRONG",false,"","","","",false,"H. VALID SETUP THAT LOST"
"LLY","2026-09-04","BLIND","RECLAIM_CONTINUATION|VWAP|START_12:16","12:18","UP","Good",7,1146.01,"VWAP",3,true,0.81,1.27,true,0.57,5.15,"structural",true,0.077,"12:00","VALID",-1,"LOSS","stop",0.23,-1.28,5,"ACCEPTABLE",true,18,"FAILED",true,true,false,"H. VALID SETUP THAT LOST"
"LMT","2026-08-31","BLIND","RECLAIM_CONTINUATION|PIVOT_12:51|START_13:06","13:08","UP","Good",7,560.92,"שפל 12:51",3,true,0.8,4.27,true,0.21,2,"structural",true,0.167,"13:00","VALID",0.09,"WIN","time",0.89,-0.42,89,"ACCEPTABLE",false,"","","","",false,""
"LOW","2026-09-02","BLIND","RECLAIM_CONTINUATION|VWAP|START_12:26","12:35","UP","Good",6,201.26,"VWAP",10,true,0.49,1.3,true,0.25,1.7,"structural",true,0.07,"12:00","VALID",0.95,"WIN","target1",1.32,-0.16,9,"ACCEPTABLE",true,14,"FAILED",true,true,false,""
"LOW","2026-09-03","BLIND","RECLAIM_CONTINUATION|PIVOT_13:59|START_14:06","14:28","RANGE","Good",6,202.34,"שפל 13:59",23,true,0.67,10.26,true,0.21,1.83,"structural",true,0.222,"14:00","VALID",-1,"LOSS","stop",1.44,-1.4,86,"ACCEPTABLE",false,"","","","",false,"H. VALID SETUP THAT LOST"
"LOW","2026-09-04","BLIND","RECLAIM_CONTINUATION|VWAP|START_11:03","11:08","RANGE","Good",6,201.82,"VWAP",6,true,1.39,1.36,false,0.56,1.78,"structural",true,0.084,"11:00","VALID",1.82,"WIN","target1",2.12,-0.29,9,"ACCEPTABLE",false,"","","","",false,""
"LOW","2026-09-04","BLIND","RECLAIM_CONTINUATION|VWAP|START_11:28","11:33","UP","Good",6,201.89,"VWAP",6,true,0.81,1.45,false,0.07,2.03,"structural",true,0.114,"11:00","VALID",2,"WIN","target1",2.22,-0.43,37,"STRONG",true,7,"FAILED",true,true,false,""
"LRCX","2026-08-31","BLIND","RECLAIM_CONTINUATION|VWAP|START_11:20","11:28","RANGE","Good",6,300.79,"VWAP",9,true,0.54,1.94,true,-0.02,1.54,"structural",true,0.219,"11:00","VALID",-1,"LOSS","stop",0.14,-1.35,1,"ACCEPTABLE",false,"","","","",false,"H. VALID SETUP THAT LOST"
"LRCX","2026-09-04","BLIND","RECLAIM_CONTINUATION|VWAP|START_15:34","15:43","RANGE","Neutral",6,304.62,"VWAP",10,true,1.39,1.74,true,0.3,3.42,"structural",true,0.243,"15:00","VALID",2.86,"WIN","target1",3.36,-0.07,12,"STRONG",false,"","","","",false,""
"MA","2026-09-02","BLIND","RECLAIM_CONTINUATION|VWAP|START_13:15","13:17","RANGE","Good",6,588.04,"VWAP",3,true,1.65,2.4,true,1.02,1.96,"structural",true,0.097,"13:00","VALID",-1,"LOSS","stop",0.05,-1.17,12,"ACCEPTABLE",false,"","","","",false,"H. VALID SETUP THAT LOST"
"MA","2026-09-02","BLIND","RECLAIM_CONTINUATION|PIVOT_13:15|START_13:41","13:45","RANGE","Good",6,587.82,"שפל 13:15",5,true,0.34,0.94,true,-0.03,1.6,"structural",true,0.08,"13:00","VALID",1.6,"WIN","target1",2,-0.6,11,"ACCEPTABLE",false,"","","","",false,""
"MCD","2026-08-28","BLIND","RECLAIM_CONTINUATION|VWAP|START_13:59","14:15","RANGE","Good",7,263.32,"VWAP",14,true,2.21,3.6,true,0.19,1.97,"structural",true,0.197,"14:00","VALID",1.85,"WIN","target1",1.91,-0.16,85,"ACCEPTABLE",false,"","","","",false,""
"MCD","2026-08-31","BLIND","RECLAIM_CONTINUATION|VWAP|START_09:49","09:53","UP","Good",6,264.11,"VWAP",5,true,0.28,0.9,true,-0.04,2.16,"structural",true,0.136,"09:00","VALID",-1,"LOSS","stop",1.78,-1.33,38,"STRONG",false,"","","","",false,"H. VALID SETUP THAT LOST"
"MCD","2026-08-31","BLIND","RECLAIM_CONTINUATION|PIVOT_12:38|START_13:06","13:33","UP","Good",6,265.06,"שפל 12:38",28,true,0.19,5.4,false,0.58,1.68,"structural",true,0.068,"13:00","VALID",1.09,"WIN","target1",1.22,-0.15,5,"ACCEPTABLE",false,"","","","",false,""
"MCD","2026-09-01","BLIND","RECLAIM_CONTINUATION|VWAP|START_10:16","10:18","UP","Good",7,261.99,"VWAP",2,true,0.27,1.42,true,0.32,2.8,"structural",true,0.164,"10:00","AMBIGUOUS",2.81,"WIN","target1",3.26,-0.4,8,"AMBIGUOUS",true,12,"FAILED",true,true,false,""
"MCD","2026-09-04","BLIND","RECLAIM_CONTINUATION|VWAP|START_12:50","12:52","RANGE","Neutral",6,256.67,"VWAP",3,true,1.46,1.44,true,0.5,1.5,"structural",true,0.035,"12:00","VALID",0.76,"WIN","target1",0.76,-0.12,1,"ACCEPTABLE",true,15,"FAILED",true,true,false,""
"MDLZ","2026-08-28","BLIND","RECLAIM_CONTINUATION|VWAP|START_11:17","11:20","UP","Good",7,62.46,"VWAP",4,true,0.41,1.33,true,0.15,2.92,"structural",true,0.112,"11:00","VALID",-1,"LOSS","stop",0.3,-1,10,"STRONG",false,"","","","",false,"H. VALID SETUP THAT LOST"
"MDLZ","2026-08-28","BLIND","RECLAIM_CONTINUATION|VWAP|START_11:25","11:28","UP","Good",7,62.46,"VWAP",4,true,0.47,1.4,true,0,2.41,"structural",true,0.128,"11:00","VALID",-1,"LOSS","stop",0,-1,2,"STRONG",true,5,"EARLIER READY",true,true,false,"H. VALID SETUP THAT LOST"
"MDLZ","2026-08-28","BLIND","RECLAIM_CONTINUATION|PIVOT_11:16|START_11:40","11:44","RANGE","Good",6,62.44,"שפל 11:16",5,true,0.35,1.42,true,0,2.59,"structural",true,0.128,"11:00","VALID",-1,"LOSS","stop",2,-1.11,39,"STRONG",false,"","","","",false,"H. VALID SETUP THAT LOST"
"MDLZ","2026-08-31","BLIND","RECLAIM_CONTINUATION|VWAP|START_10:44","10:48","UP","Good",7,62.14,"VWAP",2,true,0.26,1,true,0.4,2.09,"structural",true,0.113,"10:00","AMBIGUOUS",1.1,"WIN","target1",2,-0.15,13,"AMBIGUOUS",false,"","","","",false,""
"MDLZ","2026-08-31","BLIND","RECLAIM_CONTINUATION|VWAP|START_15:02","15:05","RANGE","Good",6,62.19,"VWAP",2,true,2.62,1.09,false,0.27,2,"structural",true,0.048,"15:00","AMBIGUOUS",-1,"LOSS","stop",0.57,-1,5,"AMBIGUOUS",false,"","","","",false,"H. VALID SETUP THAT LOST"
"MDLZ","2026-09-02","BLIND","RECLAIM_CONTINUATION|PIVOT_11:49|START_12:01","12:10","UP","Good",6,62.37,"שפל 11:49",3,true,1.08,11.62,false,0.43,2.22,"structural",true,0.144,"12:00","VALID",-1,"LOSS","stop",0.87,-1.09,29,"ACCEPTABLE",true,10,"FAILED",true,true,false,"H. VALID SETUP THAT LOST"
"MDLZ","2026-09-03","BLIND","RECLAIM_CONTINUATION|VWAP|START_12:33","12:42","UP","Good",8,61.37,"VWAP",9,true,1.66,1.48,true,0.25,9.65,"structural",true,0.147,"12:00","VALID",-1,"LOSS","stop",0.68,-1,33,"STRONG",false,"","","","",false,"H. VALID SETUP THAT LOST"
"MDT","2026-09-03","BLIND","RECLAIM_CONTINUATION|PIVOT_12:35|START_12:45","13:00","UP","Good",6,92.5,"שפל 12:35",16,true,0.9,10.17,false,0,13.83,"structural",true,0.086,"13:00","VALID",-1,"LOSS","stop",3.5,-1,89,"STRONG",false,"","","","",false,"H. VALID SETUP THAT LOST"
"META","2026-08-28","BLIND","RECLAIM_CONTINUATION|VWAP|START_10:18","10:20","UP","Good",6,579.35,"VWAP",3,true,0.46,0.58,false,-0.07,2.34,"structural",true,0.259,"10:00","VALID",-1,"LOSS","stop",0.81,-1.77,4,"ACCEPTABLE",true,2,"FAILED",false,false,true,"F. CHURN — same level, no new structure"
"MRK","2026-09-01","BLIND","RECLAIM_CONTINUATION|VWAP|START_15:11","15:13","RANGE","Neutral",6,149.55,"VWAP",3,true,2.27,2.42,true,0.33,3.75,"structural",true,0.247,"15:00","VALID",-1,"LOSS","stop",0.34,-1.12,41,"ACCEPTABLE",false,"","","","",false,"H. VALID SETUP THAT LOST"
"MRSH","2026-08-31","BLIND","RECLAIM_CONTINUATION|VWAP|START_13:35","13:43","UP","Good",7,190.68,"VWAP",9,true,1.57,3,true,0.99,4.71,"structural",true,0.121,"13:00","VALID",-1,"LOSS","stop",0.3,-1.43,21,"STRONG",true,17,"FAILED",true,true,false,"H. VALID SETUP THAT LOST"
"MRSH","2026-08-31","BLIND","RECLAIM_CONTINUATION|VWAP|START_14:26","14:34","RANGE","Good",7,190.69,"VWAP",6,true,2.99,1.35,true,0,1.66,"structural",true,0.073,"14:00","VALID",-1,"LOSS","stop",0.5,-2.14,11,"ACCEPTABLE",false,"","","","",false,"H. VALID SETUP THAT LOST"
"MRVL","2026-09-01","BLIND","RECLAIM_CONTINUATION|PIVOT_11:43|START_11:58","12:00","UP","Good",6,208.49,"שפל 11:43",3,true,0.25,10.56,false,-0.09,1.67,"structural",true,0.311,"12:00","VALID",1.68,"WIN","target1",1.78,-0.09,13,"ACCEPTABLE",false,"","","","",false,""
"MS","2026-09-03","BLIND","RECLAIM_CONTINUATION|VWAP|START_10:17","10:19","UP","Good",6,215.72,"VWAP",1,true,0.66,0.86,false,0.58,1.78,"structural",true,0.246,"10:00","INVALID",-1,"LOSS","stop",0.35,-1.11,11,"NO EDGE",false,"","","","",false,"A. FALSE RECLAIM"
"MS","2026-09-03","BLIND","RECLAIM_CONTINUATION|VWAP|START_14:33","14:42","UP","Strong",8,216.32,"VWAP",10,true,0.3,1.57,true,0.21,1.56,"structural",true,0.055,"14:00","VALID",-1,"LOSS","stop",0.55,-1.15,10,"ACCEPTABLE",true,10,"FAILED",true,true,false,"H. VALID SETUP THAT LOST"
"MU","2026-08-28","BLIND","RECLAIM_CONTINUATION|VWAP|START_15:48","15:55","UP","Good",7,929.49,"VWAP",8,true,3.08,2.91,true,1,1.94,"structural",true,0.483,"15:00","VALID",-0.32,"LOSS","close",0.17,-0.53,3,"ACCEPTABLE",false,"","","","",false,"H. VALID SETUP THAT LOST"
"MU","2026-09-02","BLIND","RECLAIM_CONTINUATION|VWAP|START_12:53","13:12","UP","Good",6,942.92,"VWAP",3,true,0.33,0.73,false,-0.08,1.7,"structural",true,0.339,"13:00","VALID",1.7,"WIN","target1",1.81,-0.09,33,"ACCEPTABLE",false,"","","","",false,""
"MU","2026-09-02","BLIND","RECLAIM_CONTINUATION|VWAP|START_13:10","13:21","RANGE","Good",6,942.94,"VWAP",12,true,0.34,2.91,true,0.55,3.23,"structural",true,0.392,"13:00","VALID",1.49,"WIN","time",1.75,-0.93,89,"STRONG",true,9,"EARLIER READY",false,false,true,""
"MU","2026-09-04","BLIND","RECLAIM_CONTINUATION|PIVOT_11:27|START_11:48","12:04","UP","Strong",7,997.55,"שפל 11:27",6,true,0.21,3.8,true,0.05,2.04,"structural",true,0.24,"12:00","VALID",2.04,"WIN","target1",2.22,-0.36,19,"STRONG",false,"","","","",false,""
"NEE","2026-08-31","BLIND","RECLAIM_CONTINUATION|PIVOT_13:54|START_14:11","14:14","UP","Strong",8,82.21,"שפל 13:54",4,true,0.83,11.58,true,0,1.55,"structural",true,0.097,"14:00","VALID",1.47,"WIN","target1",1.82,-0.53,24,"ACCEPTABLE",false,"","","","",false,""
"NEE","2026-09-01","BLIND","RECLAIM_CONTINUATION|VWAP|START_09:57","10:07","UP","Good",6,82.69,"VWAP",8,true,0.35,0.35,true,0.19,1.63,"structural",true,0.29,"10:00","VALID",-1,"LOSS","stop",0.12,-1,2,"ACCEPTABLE",false,"","","","",false,"H. VALID SETUP THAT LOST"
"NEE","2026-09-01","BLIND","RECLAIM_CONTINUATION|PIVOT_13:43|START_14:07","14:15","UP","Good",8,82.52,"שפל 13:43",9,true,3.02,1.94,true,0,2,"structural",true,0.254,"14:00","VALID",-1,"LOSS","stop",0.62,-1.04,12,"STRONG",false,"","","","",false,"H. VALID SETUP THAT LOST"
"NFLX","2026-09-01","BLIND","RECLAIM_CONTINUATION|VWAP|START_11:46","11:49","UP","Strong",8,80.99,"VWAP",4,true,0.14,1.16,true,0.16,7.26,"structural",true,0.136,"11:00","VALID",-1,"LOSS","stop",0.65,-1.22,18,"STRONG",true,4,"FAILED",true,true,false,"H. VALID SETUP THAT LOST"
"NFLX","2026-09-02","BLIND","RECLAIM_CONTINUATION|VWAP|START_13:39","13:46","UP","Strong",8,82.18,"VWAP",8,true,0.8,1.68,true,0.49,1.76,"structural",true,0.109,"13:00","VALID",1.27,"WIN","target1",1.5,-0.18,10,"ACCEPTABLE",true,12,"FAILED",true,true,false,""
"NOW","2026-08-31","BLIND","RECLAIM_CONTINUATION|VWAP|START_09:35","09:49","UP","Good",7,144.88,"VWAP",15,true,0.65,3.36,true,0.27,2,"r-multiple",false,2.117,"09:00","VALID",-0.08,"LOSS","time",0.03,-0.84,89,"ACCEPTABLE",false,"","","","",false,"G. BAD TARGET / R:R"
"NOW","2026-08-31","BLIND","RECLAIM_CONTINUATION|VWAP|START_10:35","10:43","UP","Strong",8,145.18,"VWAP",9,true,0.61,1.47,true,-0.04,2.93,"structural",true,0.385,"10:00","VALID",2.91,"WIN","target1",3.02,-0.55,38,"STRONG",true,11,"FAILED",true,true,false,""
"NOW","2026-09-01","BLIND","RECLAIM_CONTINUATION|VWAP|START_09:41","09:45","UP","Good",7,145.65,"VWAP",5,true,0.57,1.51,true,0.5,2,"r-multiple",false,1.092,"09:00","VALID",-1,"LOSS","stop",0,-1.17,5,"ACCEPTABLE",false,"","","","",false,"G. BAD TARGET / R:R"
"NOW","2026-09-01","BLIND","RECLAIM_CONTINUATION|VWAP|START_10:38","10:41","UP","Good",7,145.33,"VWAP",4,true,0.56,0.92,true,0,3.42,"structural",true,0.282,"10:00","VALID",-1,"LOSS","stop",0.75,-1.49,8,"STRONG",false,"","","","",false,"H. VALID SETUP THAT LOST"
"NOW","2026-09-02","BLIND","RECLAIM_CONTINUATION|VWAP|START_09:51","09:55","UP","Good",6,140.7,"VWAP",5,true,0.46,1.09,true,0.38,1.79,"structural",true,0.61,"09:00","VALID",-1,"LOSS","stop",0.1,-1.19,7,"ACCEPTABLE",false,"","","","",false,"H. VALID SETUP THAT LOST"
"NOW","2026-09-04","BLIND","RECLAIM_CONTINUATION|PIVOT_14:18|START_14:42","14:45","UP","Good",7,141.88,"שפל 14:18",4,true,0.96,4.18,true,0.16,16.82,"structural",true,0.134,"14:00","VALID",-1,"LOSS","stop",0.79,-1,25,"STRONG",false,"","","","",false,"H. VALID SETUP THAT LOST"
"ORCL","2026-08-31","BLIND","RECLAIM_CONTINUATION|VWAP|START_10:50","10:52","UP","Neutral",6,148.88,"VWAP",3,true,0.61,1.41,true,0.55,2.21,"structural",true,0.329,"10:00","VALID",1.4,"WIN","target1",1.43,-0.15,14,"ACCEPTABLE",true,3,"FAILED",false,false,true,""
"ORCL","2026-09-02","BLIND","RECLAIM_CONTINUATION|PIVOT_10:12|START_10:31","10:35","UP","Good",6,144.66,"שפל 10:12",5,true,0.51,5.66,false,0.15,1.52,"structural",true,0.317,"10:00","VALID",1.23,"WIN","target1",1.37,-0.6,7,"ACCEPTABLE",false,"","","","",false,""
"PANW","2026-08-28","BLIND","RECLAIM_CONTINUATION|PIVOT_14:55|START_15:05","15:16","UP","Strong",7,370,"שפל 14:55",12,true,0.37,9.93,true,-0.07,1.56,"structural",true,0.27,"15:00","VALID",-1,"LOSS","stop",0.28,-1.17,12,"ACCEPTABLE",false,"","","","",false,"H. VALID SETUP THAT LOST"
"PANW","2026-08-31","BLIND","RECLAIM_CONTINUATION|VWAP|START_13:35","13:38","UP","Good",6,377.22,"VWAP",4,true,0.42,1.26,false,0,1.52,"structural",true,0.154,"13:00","VALID",1.53,"WIN","target1",2.31,-0.59,6,"ACCEPTABLE",false,"","","","",false,""
"PANW","2026-09-04","BLIND","RECLAIM_CONTINUATION|VWAP|START_13:59","14:07","RANGE","Good",6,332.9,"VWAP",9,true,0.43,1.24,true,0.21,1.55,"structural",true,0.189,"14:00","VALID",0.84,"WIN","target1",1.16,-0.12,26,"ACCEPTABLE",false,"","","","",false,""
"PEP","2026-08-28","BLIND","RECLAIM_CONTINUATION|VWAP|START_11:44","11:47","RANGE","Good",6,140.62,"VWAP",4,true,1.08,2.08,true,0.27,1.89,"structural",true,0.121,"11:00","VALID",1.51,"WIN","target1",1.62,-0.38,9,"ACCEPTABLE",false,"","","","",false,""
"PEP","2026-08-31","BLIND","RECLAIM_CONTINUATION|VWAP|START_14:57","15:05","UP","Good",6,140.14,"VWAP",9,true,0.75,1.37,true,0.23,1.53,"structural",true,0.057,"15:00","VALID",-1,"LOSS","stop",0.65,-1,5,"ACCEPTABLE",false,"","","","",false,"H. VALID SETUP THAT LOST"
"PEP","2026-09-04","BLIND","RECLAIM_CONTINUATION|VWAP|START_09:38","09:56","UP","Good",7,138.01,"VWAP",6,true,0.47,1.94,true,0.38,2,"r-multiple",false,0.412,"09:00","VALID",1.55,"WIN","target1",1.63,-0.21,12,"ACCEPTABLE",false,"","","","",false,""
"PG","2026-08-31","BLIND","RECLAIM_CONTINUATION|PIVOT_14:57|START_15:18","15:22","UP","Strong",8,145.21,"שפל 14:57",5,true,0.89,7.17,true,0.37,1.58,"structural",true,0.096,"15:00","VALID",1.25,"WIN","target1",1.31,-0.81,12,"ACCEPTABLE",false,"","","","",false,""
"PG","2026-09-03","BLIND","RECLAIM_CONTINUATION|PIVOT_15:08|START_15:24","15:27","UP","Good",7,147.3,"שפל 15:08",4,true,1.4,1.18,false,0.12,1.97,"structural",true,0.041,"15:00","VALID",-1,"LOSS","stop",0,-1.42,0,"ACCEPTABLE",false,"","","","",false,"H. VALID SETUP THAT LOST"
"PGR","2026-08-31","BLIND","RECLAIM_CONTINUATION|VWAP|START_13:18","13:21","UP","Strong",8,218.33,"VWAP",4,true,1.14,1.16,true,0.11,1.78,"structural",true,0.11,"13:00","VALID",1.39,"WIN","target1",1.5,-0.61,51,"ACCEPTABLE",true,3,"FAILED",false,false,true,""
"PGR","2026-09-01","BLIND","RECLAIM_CONTINUATION|VWAP|START_10:19","10:24","UP","Good",7,218.98,"VWAP",6,true,0.8,1.53,true,0.55,5.8,"structural",true,0.123,"10:00","VALID",1.51,"WIN","time",3.58,0,89,"STRONG",false,"","","","",false,""
"PGR","2026-09-03","BLIND","RECLAIM_CONTINUATION|VWAP|START_11:24","11:27","UP","Good",6,223.84,"VWAP",4,true,0.56,0.87,true,0.12,3.45,"structural",true,0.054,"11:00","VALID",2.79,"WIN","target1",3.21,-0.57,19,"STRONG",false,"","","","",false,""
"PGR","2026-09-03","BLIND","RECLAIM_CONTINUATION|PIVOT_12:28|START_12:50","12:52","UP","Strong",8,224.41,"שפל 12:28",3,true,0.5,8.2,true,0.3,2.48,"structural",true,0.018,"12:00","VALID",-1,"LOSS","stop",0.82,-1.55,5,"ACCEPTABLE",true,3,"FAILED",false,false,true,"F. CHURN — same level, no new structure"
"PGR","2026-09-03","BLIND","RECLAIM_CONTINUATION|VWAP|START_15:35","15:39","RANGE","Good",6,223.98,"VWAP",5,true,0.97,2.32,true,0.54,1.54,"structural",true,0.134,"15:00","VALID",-1,"LOSS","stop",0.77,-1.04,17,"ACCEPTABLE",false,"","","","",false,"H. VALID SETUP THAT LOST"
"PLD","2026-09-03","BLIND","RECLAIM_CONTINUATION|PIVOT_13:58|START_14:28","14:35","RANGE","Good",7,137.71,"שפל 13:58",8,true,2.75,12.73,true,0.27,1.52,"structural",true,0.065,"14:00","VALID",1.19,"WIN","target1",1.43,0,0,"ACCEPTABLE",false,"","","","",false,""
"PLD","2026-09-04","BLIND","RECLAIM_CONTINUATION|VWAP|START_12:27","12:29","UP","Good",6,138.1,"VWAP",2,true,0.8,1.26,true,0.64,1.53,"structural",true,0.051,"12:00","AMBIGUOUS",-1,"LOSS","stop",1,-1.29,9,"WEAK",false,"","","","",false,"H. VALID SETUP THAT LOST"
"PLTR","2026-09-01","BLIND","RECLAIM_CONTINUATION|VWAP|START_11:35","11:43","UP","Good",7,183.96,"VWAP",9,true,0.54,2.55,true,0.41,2.14,"structural",true,0.298,"11:00","VALID",-1,"LOSS","stop",0.38,-1.06,2,"STRONG",false,"","","","",false,"H. VALID SETUP THAT LOST"
"PM","2026-09-01","BLIND","RECLAIM_CONTINUATION|VWAP|START_10:39","10:42","UP","Good",7,190.66,"VWAP",4,true,0.12,1.49,true,0.26,1.59,"structural",true,0.162,"10:00","VALID",-1,"LOSS","stop",0,-1,4,"ACCEPTABLE",false,"","","","",false,"H. VALID SETUP THAT LOST"
"PM","2026-09-01","BLIND","RECLAIM_CONTINUATION|VWAP|START_11:02","11:07","RANGE","Good",6,190.64,"VWAP",6,true,0.4,2.44,true,0.39,2.36,"structural",true,0.283,"11:00","VALID",-1,"LOSS","stop",0.16,-1.02,9,"STRONG",true,20,"FAILED",true,true,false,"H. VALID SETUP THAT LOST"
"QCOM","2026-08-31","BLIND","RECLAIM_CONTINUATION|VWAP|START_12:41","12:43","UP","Good",7,168.37,"VWAP",3,true,0.34,0.85,true,0.32,1.86,"structural",true,0.131,"12:00","VALID",-1,"LOSS","stop",0.92,-1.09,18,"ACCEPTABLE",true,9,"FAILED",true,true,false,"H. VALID SETUP THAT LOST"
"QCOM","2026-08-31","BLIND","RECLAIM_CONTINUATION|VWAP|START_12:48","12:51","RANGE","Good",6,168.37,"VWAP",4,true,0.26,1.84,true,0.25,1.95,"structural",true,0.214,"12:00","VALID",1.82,"WIN","target1",2.03,-0.99,44,"ACCEPTABLE",true,5,"FAILED",true,true,false,""
"QCOM","2026-09-02","BLIND","RECLAIM_CONTINUATION|PIVOT_14:29|START_14:53","15:04","RANGE","Good",6,169.56,"שפל 14:29",12,true,0.47,10.02,true,0,2.12,"structural",true,0.183,"15:00","VALID",-1,"LOSS","stop",0.75,-1.06,11,"STRONG",true,12,"FAILED",true,true,false,"H. VALID SETUP THAT LOST"
"RBLX","2026-08-31","BLIND","RECLAIM_CONTINUATION|VWAP|START_10:46","10:48","UP","Good",6,40.32,"VWAP",3,true,0.32,0.97,false,0.11,3.86,"structural",true,0.717,"10:00","VALID",-1,"LOSS","stop",0.25,-1.03,5,"ACCEPTABLE",false,"","","","",false,"H. VALID SETUP THAT LOST"
"RBLX","2026-08-31","BLIND","RECLAIM_CONTINUATION|VWAP|START_11:08","11:10","UP","Good",6,40.33,"VWAP",3,true,0.42,1.26,false,0.51,6.14,"structural",true,0.47,"11:00","VALID",-1,"LOSS","stop",0.3,-1.09,3,"ACCEPTABLE",true,7,"FAILED",true,true,false,"H. VALID SETUP THAT LOST"
"RBLX","2026-08-31","BLIND","RECLAIM_CONTINUATION|VWAP|START_11:17","11:23","RANGE","Good",6,40.33,"VWAP",7,true,0.33,1.85,true,0.32,4.5,"structural",true,0.593,"11:00","VALID",-0.41,"LOSS","time",1.21,-0.68,89,"STRONG",true,9,"FAILED",true,true,false,"H. VALID SETUP THAT LOST"
"RBLX","2026-09-01","BLIND","RECLAIM_CONTINUATION|VWAP|START_10:27","10:30","RANGE","Good",6,39.97,"VWAP",4,true,0.45,1.59,true,0.1,2.57,"structural",true,0.748,"10:00","VALID",2.32,"WIN","target1",2.32,-0.02,67,"STRONG",false,"","","","",false,""
"SCHW","2026-08-31","BLIND","RECLAIM_CONTINUATION|PIVOT_13:31|START_13:52","14:03","UP","Strong",6,109.95,"שפל 13:31",12,true,0.88,4.51,true,1.11,1.55,"structural",true,0.082,"14:00","VALID",0.64,"WIN","target1",0.64,-0.36,10,"ACCEPTABLE",false,"","","","",false,""
"SCHW","2026-09-01","BLIND","RECLAIM_CONTINUATION|VWAP|START_09:58","10:01","UP","Good",7,109.08,"VWAP",4,true,0.53,0.76,true,0.06,3.34,"structural",true,0.147,"10:00","VALID",3.06,"WIN","target1",3.06,-0.59,20,"STRONG",false,"","","","",false,""
"SCHW","2026-09-04","BLIND","RECLAIM_CONTINUATION|VWAP|START_10:48","10:51","UP","Good",7,109.06,"VWAP",4,true,0.29,1.47,true,0.45,2.61,"structural",true,0.128,"10:00","VALID",-1,"LOSS","stop",1.28,-1.04,25,"STRONG",false,"","","","",false,"H. VALID SETUP THAT LOST"
"SMCI","2026-08-31","BLIND","RECLAIM_CONTINUATION|VWAP|START_15:42","15:46","UP","Good",7,37.14,"VWAP",5,true,1.66,2.74,false,0.46,1.52,"structural",true,0.536,"15:00","VALID",-0.19,"LOSS","close",0.49,-0.47,12,"ACCEPTABLE",false,"","","","",false,"H. VALID SETUP THAT LOST"
"SMCI","2026-09-01","BLIND","RECLAIM_CONTINUATION|VWAP|START_10:40","10:43","UP","Neutral",6,36.1,"VWAP",4,true,0.46,1.94,true,0.36,1.85,"structural",true,0.552,"10:00","VALID",1.37,"WIN","target1",1.37,-0.42,37,"ACCEPTABLE",false,"","","","",false,""
"SMCI","2026-09-01","BLIND","RECLAIM_CONTINUATION|PIVOT_13:19|START_13:26","13:40","UP","Good",6,36.38,"שפל 13:19",15,true,0.18,3.37,false,0.24,1.77,"structural",true,0.219,"13:00","VALID",-1,"LOSS","stop",0.39,-1,13,"ACCEPTABLE",false,"","","","",false,"H. VALID SETUP THAT LOST"
"SNOW","2026-08-31","BLIND","RECLAIM_CONTINUATION|VWAP|START_11:39","11:48","UP","Good",7,326.12,"VWAP",10,true,0.14,1.3,true,0.41,2.82,"structural",true,0.282,"11:00","VALID",-1,"LOSS","stop",0.25,-1.06,16,"STRONG",false,"","","","",false,"H. VALID SETUP THAT LOST"
"SO","2026-08-28","BLIND","RECLAIM_CONTINUATION|VWAP|START_09:51","09:53","UP","Neutral",6,89.1,"VWAP",3,true,0.44,0.32,true,-0.09,3.42,"structural",true,0.146,"09:00","VALID",-1,"LOSS","stop",0.08,-1,1,"ACCEPTABLE",false,"","","","",false,"H. VALID SETUP THAT LOST"
"T","2026-08-31","BLIND","RECLAIM_CONTINUATION|VWAP|START_10:35","10:47","UP","Strong",7,25.99,"VWAP",13,true,0.49,2.72,true,0.94,2.13,"structural",true,0.231,"10:00","VALID",1.57,"WIN","target1",2,-0.14,59,"STRONG",false,"","","","",false,""
"TJX","2026-08-28","BLIND","RECLAIM_CONTINUATION|PIVOT_10:15|START_11:01","11:09","RANGE","Good",6,134.47,"שפל 10:15",3,true,1.19,1.91,true,0.23,3.44,"structural",true,0.201,"11:00","VALID",-1,"LOSS","stop",0.09,-1.2,9,"ACCEPTABLE",true,9,"FAILED",true,true,false,"H. VALID SETUP THAT LOST"
"TJX","2026-08-28","BLIND","RECLAIM_CONTINUATION|VWAP|START_14:18","14:29","RANGE","Good",6,134.47,"VWAP",12,true,0.84,2.15,true,0.49,1.64,"structural",true,0.119,"14:00","VALID",1.21,"WIN","target1",1.41,-0.28,7,"ACCEPTABLE",false,"","","","",false,""
"TJX","2026-09-02","BLIND","RECLAIM_CONTINUATION|VWAP|START_12:58","13:09","UP","Good",6,132.08,"VWAP",12,true,0.75,2.34,true,0,1.82,"structural",true,0.136,"13:00","VALID",-1,"LOSS","stop",0.06,-1.17,11,"ACCEPTABLE",false,"","","","",false,"H. VALID SETUP THAT LOST"
"TMUS","2026-08-31","BLIND","RECLAIM_CONTINUATION|VWAP|START_10:12","10:22","RANGE","Good",6,181.13,"VWAP",11,true,0.36,2.21,true,0.35,1.58,"structural",true,0.193,"10:00","VALID",-1,"LOSS","stop",0,-1.11,4,"ACCEPTABLE",false,"","","","",false,"H. VALID SETUP THAT LOST"
"TMUS","2026-09-01","BLIND","RECLAIM_CONTINUATION|VWAP|START_11:31","11:41","UP","Strong",7,181.83,"VWAP",11,true,0.18,0.92,true,0.25,1.94,"structural",true,0.082,"11:00","VALID",0.61,"WIN","target1",1.27,-0.11,2,"ACCEPTABLE",true,13,"FAILED",true,true,false,""
"TMUS","2026-09-01","BLIND","RECLAIM_CONTINUATION|VWAP|START_14:52","14:55","UP","Good",6,182.02,"VWAP",4,true,0.73,2.76,false,0.42,1.54,"structural",true,0.219,"14:00","VALID",-0.69,"LOSS","close",0.88,-0.94,63,"ACCEPTABLE",false,"","","","",false,"H. VALID SETUP THAT LOST"
"TMUS","2026-09-03","BLIND","RECLAIM_CONTINUATION|VWAP|START_15:32","15:34","RANGE","Good",6,188.71,"VWAP",3,true,1.25,1.6,false,0.6,2.22,"structural",true,0.053,"15:00","VALID",-1,"LOSS","stop",0.69,-1.5,6,"ACCEPTABLE",false,"","","","",false,"H. VALID SETUP THAT LOST"
"TSLA","2026-08-27","BLIND","RECLAIM_CONTINUATION|VWAP|START_09:38","10:07","RANGE","Good",6,348.7,"VWAP",18,true,1.08,2.66,true,0.45,2,"r-multiple",false,1.417,"10:00","VALID",0.13,"WIN","time",0.7,-0.19,89,"ACCEPTABLE",false,"","","","",false,""
"TSM","2026-08-31","BLIND","RECLAIM_CONTINUATION|PIVOT_10:15|START_10:25","10:27","UP","Good",6,420.9,"שפל 10:15",3,true,0.38,0.36,false,-0.02,1.93,"structural",true,0.192,"10:00","VALID",-1,"LOSS","stop",0.33,-1.58,3,"ACCEPTABLE",true,3,"FAILED",false,false,true,"F. CHURN — same level, no new structure"
"TSM","2026-09-03","BLIND","RECLAIM_CONTINUATION|VWAP|START_11:16","11:19","UP","Good",7,409.87,"VWAP",4,true,0.66,1.07,true,0.24,1.63,"structural",true,0.171,"11:00","VALID",1.23,"WIN","target1",2.02,-0.34,6,"ACCEPTABLE",false,"","","","",false,""
"TXN","2026-09-02","BLIND","RECLAIM_CONTINUATION|VWAP|START_15:01","15:05","RANGE","Good",7,255.24,"VWAP",5,true,2.19,1.04,true,0,1.79,"structural",true,0.094,"15:00","VALID",-1,"LOSS","stop",0.42,-1.48,4,"ACCEPTABLE",false,"","","","",false,"H. VALID SETUP THAT LOST"
"TXN","2026-09-03","BLIND","RECLAIM_CONTINUATION|PIVOT_14:57|START_15:13","15:40","UP","Good",6,252.55,"שפל 14:57",28,true,1.2,8.63,false,-0.09,2.56,"structural",true,0.103,"15:00","VALID",1.66,"WIN","target1",1.74,-0.31,10,"STRONG",false,"","","","",false,""
"TXN","2026-09-04","BLIND","RECLAIM_CONTINUATION|VWAP|START_11:10","11:12","RANGE","Good",6,258.82,"VWAP",3,true,0.6,3,true,0.48,1.75,"structural",true,0.335,"11:00","VALID",-1,"LOSS","stop",0.37,-1.35,10,"ACCEPTABLE",false,"","","","",false,"H. VALID SETUP THAT LOST"
"UBER","2026-09-01","BLIND","RECLAIM_CONTINUATION|PIVOT_12:48|START_13:09","13:11","UP","Strong",8,75.45,"שפל 12:48",3,true,0.37,4.64,true,0,4.04,"structural",true,0.185,"13:00","VALID",-1,"LOSS","stop",0.5,-1.18,13,"ACCEPTABLE",false,"","","","",false,"H. VALID SETUP THAT LOST"
"UBER","2026-09-02","BLIND","RECLAIM_CONTINUATION|PIVOT_12:55|START_13:12","13:14","UP","Good",6,76.81,"שפל 12:55",3,true,0.75,8.82,false,0.31,2.24,"structural",true,0.182,"13:00","VALID",-1,"LOSS","stop",0.52,-1.06,25,"ACCEPTABLE",false,"","","","",false,"H. VALID SETUP THAT LOST"
"UNH","2026-09-03","BLIND","RECLAIM_CONTINUATION|VWAP|START_09:52","10:04","UP","Good",6,398.34,"VWAP",13,true,0.53,1.04,true,0.09,1.93,"structural",true,0.248,"10:00","VALID",-1,"LOSS","stop",0.16,-1.89,0,"ACCEPTABLE",false,"","","","",false,"H. VALID SETUP THAT LOST"
"UNP","2026-09-03","BLIND","RECLAIM_CONTINUATION|PIVOT_13:06|START_13:19","13:40","UP","Good",6,291.24,"שפל 13:06",3,true,1.18,12.19,false,0,2.4,"structural",true,0.069,"13:00","VALID",-1,"LOSS","stop",0.9,-1.36,7,"ACCEPTABLE",false,"","","","",false,"H. VALID SETUP THAT LOST"
"V","2026-08-28","BLIND","RECLAIM_CONTINUATION|PIVOT_14:41|START_15:06","15:08","UP","Good",6,381.9,"שפל 14:41",3,true,0.33,4,false,0.26,2.4,"structural",true,0.039,"15:00","VALID",1.48,"WIN","target1",1.52,-0.24,5,"ACCEPTABLE",true,3,"FAILED",false,false,true,""
"V","2026-09-01","BLIND","RECLAIM_CONTINUATION|VWAP|START_10:05","10:10","UP","Neutral",6,378.82,"VWAP",6,true,1.14,1.05,true,0.2,2,"structural",true,0.129,"10:00","VALID",1.43,"WIN","target1",1.85,-0.07,3,"STRONG",false,"","","","",false,""
"VRTX","2026-09-03","BLIND","RECLAIM_CONTINUATION|VWAP|START_15:33","15:36","RANGE","Good",7,556.98,"VWAP",4,true,1.72,1.82,true,0.33,2.02,"structural",true,0.048,"15:00","VALID",1.22,"WIN","target1",1.73,-0.92,11,"STRONG",false,"","","","",false,""
"VZ","2026-08-28","BLIND","RECLAIM_CONTINUATION|VWAP|START_10:49","10:53","RANGE","Good",6,49.98,"VWAP",5,true,1.49,2.18,false,0.59,3.02,"structural",true,0.12,"10:00","VALID",-1,"LOSS","stop",0.19,-1,3,"STRONG",false,"","","","",false,"H. VALID SETUP THAT LOST"
"VZ","2026-09-03","BLIND","RECLAIM_CONTINUATION|VWAP|START_12:12","12:21","UP","Good",6,50.37,"VWAP",10,true,1.14,1.58,true,0.44,6.6,"structural",true,0.099,"12:00","VALID",4.71,"WIN","target1",4.93,-0.43,30,"STRONG",false,"","","","",false,""
"WFC","2026-08-28","BLIND","RECLAIM_CONTINUATION|PIVOT_11:11|START_11:43","12:00","RANGE","Good",6,86.11,"שפל 11:11",18,true,0.67,4.93,true,0,1.74,"structural",true,0.162,"12:00","VALID",-1,"LOSS","stop",0.71,-1,23,"ACCEPTABLE",false,"","","","",false,"H. VALID SETUP THAT LOST"
"WFC","2026-08-31","BLIND","RECLAIM_CONTINUATION|PIVOT_14:41|START_15:21","15:23","UP","Good",6,86.72,"שפל 14:41",3,true,0.89,4.2,false,0.11,1.57,"structural",true,0.138,"15:00","VALID",-1,"LOSS","stop",0.88,-1.16,21,"ACCEPTABLE",true,3,"FAILED",false,false,true,"F. CHURN — same level, no new structure"
"WMT","2026-08-28","BLIND","RECLAIM_CONTINUATION|VWAP|START_15:47","15:57","UP","Good",6,102.96,"VWAP",11,true,2.83,1.73,true,1.15,1.58,"structural",true,0.068,"15:00","VALID",0.13,"WIN","target1",0.13,-0.37,1,"ACCEPTABLE",true,12,"FAILED",true,true,false,""
"WMT","2026-08-31","BLIND","RECLAIM_CONTINUATION|PIVOT_10:34|START_10:50","11:16","UP","Strong",7,104.32,"שפל 10:34",6,true,0.22,5.53,true,1.08,2.33,"structural",true,0.105,"11:00","VALID",-1,"LOSS","stop",0.32,-1.05,10,"STRONG",false,"","","","",false,"H. VALID SETUP THAT LOST"
"WMT","2026-09-01","BLIND","RECLAIM_CONTINUATION|VWAP|START_15:04","15:09","RANGE","Good",7,105.97,"VWAP",6,true,1.86,2.82,true,0.53,1.66,"structural",true,0.16,"15:00","VALID",-1,"LOSS","stop",0.2,-1.4,5,"ACCEPTABLE",true,8,"FAILED",false,false,true,"F. CHURN — same level, no new structure"
"WMT","2026-09-03","BLIND","RECLAIM_CONTINUATION|PIVOT_13:24|START_13:55","14:00","RANGE","Good",6,108.94,"שפל 13:24",6,true,0.8,14.45,true,0.5,1.7,"structural",true,0.165,"14:00","VALID",-1,"LOSS","stop",0.05,-1.26,4,"ACCEPTABLE",false,"","","","",false,"H. VALID SETUP THAT LOST"
"XOM","2026-09-01","BLIND","RECLAIM_CONTINUATION|VWAP|START_12:32","12:34","UP","Good",7,163.15,"VWAP",3,true,0.36,0.89,true,0.15,1.84,"structural",true,0.067,"12:00","VALID",-1,"LOSS","stop",0.33,-1.75,5,"ACCEPTABLE",true,4,"FAILED",false,false,true,"F. CHURN — same level, no new structure"