symbol,date,source_rows,rth_bars,duplicates,missing_minutes,missing_list,malformed,ohlc_violations,zero_volume_rth,out_of_session,rows_1600,first,last,status
"ABBV","2026-08-28",388,388,0,2,"12:34 12:37",0,0,0,0,0,"09:30","15:59","INCOMPLETE"
"ABBV","2026-08-31",390,390,0,0,"",0,0,1,0,0,"09:30","15:59","COMPLETE"
"ABBV","2026-09-01",390,390,0,0,"",0,0,1,0,0,"09:30","15:59","COMPLETE"
"ABBV","2026-09-02",390,390,0,0,"",0,0,1,0,0,"09:30","15:59","COMPLETE"
"ABBV","2026-09-03",391,390,0,0,"",0,0,7,0,1,"09:30","16:00","COMPLETE"
"ABBV","2026-09-04",391,390,0,0,"",0,0,0,0,1,"09:30","16:00","COMPLETE"
"ABNB","2026-08-31",390,390,0,0,"",0,0,0,0,0,"09:30","15:59","COMPLETE"
"ABNB","2026-09-01",390,390,0,0,"",0,0,1,0,0,"09:30","15:59","COMPLETE"
"ABNB","2026-09-02",390,390,0,0,"",0,0,3,0,0,"09:30","15:59","COMPLETE"
"ABNB","2026-09-03",390,390,0,0,"",0,0,2,0,0,"09:30","15:59","COMPLETE"
"ABNB","2026-09-04",391,390,0,0,"",0,0,9,0,1,"09:30","16:00","COMPLETE"
"ABT","2026-08-28",390,390,0,0,"",0,0,0,0,0,"09:30","15:59","COMPLETE"
"ABT","2026-08-31",390,390,0,0,"",0,0,0,0,0,"09:30","15:59","COMPLETE"
"ABT","2026-09-01",390,390,0,0,"",0,0,0,0,0,"09:30","15:59","COMPLETE"
"ABT","2026-09-02",390,390,0,0,"",0,0,0,0,0,"09:30","15:59","COMPLETE"
"ABT","2026-09-03",391,390,0,0,"",0,0,1,0,1,"09:30","16:00","COMPLETE"
"ABT","2026-09-04",391,390,0,0,"",0,0,0,0,1,"09:30","16:00","COMPLETE"
"ADBE","2026-08-28",390,390,0,0,"",0,0,0,0,0,"09:30","15:59","COMPLETE"
"ADBE","2026-08-31",390,390,0,0,"",0,0,0,0,0,"09:30","15:59","COMPLETE"
"ADBE","2026-09-01",390,390,0,0,"",0,0,0,0,0,"09:30","15:59","COMPLETE"
"ADBE","2026-09-02",390,390,0,0,"",0,0,0,0,0,"09:30","15:59","COMPLETE"
"ADBE","2026-09-03",391,390,0,0,"",0,0,1,0,1,"09:30","16:00","COMPLETE"
"ADBE","2026-09-04",391,390,0,0,"",0,0,0,0,1,"09:30","16:00","COMPLETE"
"ADI","2026-08-28",390,390,0,0,"",0,0,0,0,0,"09:30","15:59","COMPLETE"
"ADI","2026-08-31",390,390,0,0,"",0,0,3,0,0,"09:30","15:59","COMPLETE"
"ADI","2026-09-01",390,390,0,0,"",0,0,0,0,0,"09:30","15:59","COMPLETE"
"ADI","2026-09-02",390,390,0,0,"",0,0,2,0,0,"09:30","15:59","COMPLETE"
"ADI","2026-09-03",391,390,0,0,"",0,0,8,0,1,"09:30","16:00","COMPLETE"
"ADI","2026-09-04",391,390,0,0,"",0,0,0,0,1,"09:30","16:00","COMPLETE"
"ADP","2026-08-28",346,346,0,44,"09:33 09:34 09:36 09:54 09:59",0,0,0,0,0,"09:30","15:59","INCOMPLETE"
"ADP","2026-08-31",390,390,0,0,"",0,0,96,0,0,"09:30","15:59","COMPLETE"
"ADP","2026-09-01",390,390,0,0,"",0,0,39,0,0,"09:30","15:59","COMPLETE"
"ADP","2026-09-02",390,390,0,0,"",0,0,8,0,0,"09:30","15:59","COMPLETE"
"ADP","2026-09-03",391,390,0,0,"",0,0,53,0,1,"09:30","16:00","COMPLETE"
"ADP","2026-09-04",391,390,0,0,"",0,0,31,0,1,"09:30","16:00","COMPLETE"
"ALAB","2026-08-31",390,390,0,0,"",0,0,25,0,0,"09:30","15:59","COMPLETE"
"ALAB","2026-09-01",390,390,0,0,"",0,0,2,0,0,"09:30","15:59","COMPLETE"
"ALAB","2026-09-02",390,390,0,0,"",0,0,8,0,0,"09:30","15:59","COMPLETE"
"ALAB","2026-09-03",390,390,0,0,"",0,0,6,0,0,"09:30","15:59","COMPLETE"
"ALAB","2026-09-04",391,390,0,0,"",0,0,0,0,1,"09:30","16:00","COMPLETE"
"AMD","2026-08-28",390,390,0,0,"",0,0,0,0,0,"09:30","15:59","COMPLETE"
"AMD","2026-08-31",390,390,0,0,"",0,0,0,0,0,"09:30","15:59","COMPLETE"
"AMD","2026-09-01",390,390,0,0,"",0,0,0,0,0,"09:30","15:59","COMPLETE"
"AMD","2026-09-02",390,390,0,0,"",0,0,1,0,0,"09:30","15:59","COMPLETE"
"AMD","2026-09-03",391,390,0,0,"",0,0,2,0,1,"09:30","16:00","COMPLETE"
"AMD","2026-09-04",391,390,0,0,"",0,0,0,0,1,"09:30","16:00","COMPLETE"
"AMGN","2026-08-28",388,388,0,2,"13:04 13:47",0,0,0,0,0,"09:30","15:59","INCOMPLETE"
"AMGN","2026-08-31",390,390,0,0,"",0,0,7,0,0,"09:30","15:59","COMPLETE"
"AMGN","2026-09-01",390,390,0,0,"",0,0,0,0,0,"09:30","15:59","COMPLETE"
"AMGN","2026-09-02",390,390,0,0,"",0,0,1,0,0,"09:30","15:59","COMPLETE"
"AMGN","2026-09-03",391,390,0,0,"",0,0,5,0,1,"09:30","16:00","COMPLETE"
"AMGN","2026-09-04",391,390,0,0,"",0,0,3,0,1,"09:30","16:00","COMPLETE"
"AMT","2026-08-28",384,384,0,6,"10:53 11:19 11:50 12:25 13:04",0,0,0,0,0,"09:30","15:59","INCOMPLETE"
"AMT","2026-08-31",390,390,0,0,"",0,0,7,0,0,"09:30","15:59","COMPLETE"
"AMT","2026-09-01",390,390,0,0,"",0,0,6,0,0,"09:30","15:59","COMPLETE"
"AMT","2026-09-02",390,390,0,0,"",0,0,10,0,0,"09:30","15:59","COMPLETE"
"AMT","2026-09-03",391,390,0,0,"",0,0,16,0,1,"09:30","16:00","COMPLETE"
"AMT","2026-09-04",391,390,0,0,"",0,0,9,0,1,"09:30","16:00","COMPLETE"
"ANET","2026-08-28",388,388,0,2,"14:28 14:31",0,0,0,0,0,"09:30","15:59","INCOMPLETE"
"ANET","2026-08-31",390,390,0,0,"",0,0,3,0,0,"09:30","15:59","COMPLETE"
"ANET","2026-09-01",390,390,0,0,"",0,0,0,0,0,"09:30","15:59","COMPLETE"
"ANET","2026-09-02",390,390,0,0,"",0,0,0,0,0,"09:30","15:59","COMPLETE"
"ANET","2026-09-03",391,390,0,0,"",0,0,1,0,1,"09:30","16:00","COMPLETE"
"ANET","2026-09-04",391,390,0,0,"",0,0,0,0,1,"09:30","16:00","COMPLETE"
"APH","2026-08-28",390,390,0,0,"",0,0,0,0,0,"09:30","15:59","COMPLETE"
"APH","2026-08-31",390,390,0,0,"",0,0,0,0,0,"09:30","15:59","COMPLETE"
"APH","2026-09-01",390,390,0,0,"",0,0,0,0,0,"09:30","15:59","COMPLETE"
"APH","2026-09-02",390,390,0,0,"",0,0,0,0,0,"09:30","15:59","COMPLETE"
"APH","2026-09-03",391,390,0,0,"",0,0,1,0,1,"09:30","16:00","COMPLETE"
"APH","2026-09-04",391,390,0,0,"",0,0,0,0,1,"09:30","16:00","COMPLETE"
"APP","2026-08-31",390,390,0,0,"",0,0,0,0,0,"09:30","15:59","COMPLETE"
"APP","2026-09-01",390,390,0,0,"",0,0,0,0,0,"09:30","15:59","COMPLETE"
"APP","2026-09-02",390,390,0,0,"",0,0,0,0,0,"09:30","15:59","COMPLETE"
"APP","2026-09-03",390,390,0,0,"",0,0,1,0,0,"09:30","15:59","COMPLETE"
"APP","2026-09-04",391,390,0,0,"",0,0,0,0,1,"09:30","16:00","COMPLETE"
"ARM","2026-08-31",390,390,0,0,"",0,0,6,0,0,"09:30","15:59","COMPLETE"
"ARM","2026-09-01",390,390,0,0,"",0,0,9,0,0,"09:30","15:59","COMPLETE"
"ARM","2026-09-02",390,390,0,0,"",0,0,9,0,0,"09:30","15:59","COMPLETE"
"ARM","2026-09-03",390,390,0,0,"",0,0,5,0,0,"09:30","15:59","COMPLETE"
"ARM","2026-09-04",391,390,0,0,"",0,0,5,0,1,"09:30","16:00","COMPLETE"
"ASML","2026-08-31",390,390,0,0,"",0,0,0,0,0,"09:30","15:59","COMPLETE"
"ASML","2026-09-01",390,390,0,0,"",0,0,0,0,0,"09:30","15:59","COMPLETE"
"ASML","2026-09-02",390,390,0,0,"",0,0,0,0,0,"09:30","15:59","COMPLETE"
"ASML","2026-09-03",390,390,0,0,"",0,0,1,0,0,"09:30","15:59","COMPLETE"
"ASML","2026-09-04",391,390,0,0,"",0,0,0,0,1,"09:30","16:00","COMPLETE"
"AVGO","2026-08-27",390,390,0,0,"",0,0,0,0,0,"09:30","15:59","COMPLETE"
"AVGO","2026-08-28",390,390,0,0,"",0,0,0,0,0,"09:30","15:59","COMPLETE"
"AVGO","2026-08-31",390,390,0,0,"",0,0,0,0,0,"09:30","15:59","COMPLETE"
"AVGO","2026-09-01",391,390,0,0,"",0,0,0,0,1,"09:30","16:00","COMPLETE"
"AVGO","2026-09-02",391,390,0,0,"",0,0,0,0,1,"09:30","16:00","COMPLETE"
"AVGO","2026-09-03",390,390,0,0,"",0,0,1,0,0,"09:30","15:59","COMPLETE"
"AVGO","2026-09-04",391,390,0,0,"",0,0,0,0,1,"09:30","16:00","COMPLETE"
"AXP","2026-08-28",390,390,0,0,"",0,0,0,0,0,"09:30","15:59","COMPLETE"
"AXP","2026-08-31",390,390,0,0,"",0,0,0,0,0,"09:30","15:59","COMPLETE"
"AXP","2026-09-01",390,390,0,0,"",0,0,0,0,0,"09:30","15:59","COMPLETE"
"AXP","2026-09-02",390,390,0,0,"",0,0,0,0,0,"09:30","15:59","COMPLETE"
"AXP","2026-09-03",391,390,0,0,"",0,0,4,0,1,"09:30","16:00","COMPLETE"
"AXP","2026-09-04",391,390,0,0,"",0,0,1,0,1,"09:30","16:00","COMPLETE"
"BAC","2026-08-28",390,390,0,0,"",0,0,0,0,0,"09:30","15:59","COMPLETE"
"BAC","2026-08-31",390,390,0,0,"",0,0,0,0,0,"09:30","15:59","COMPLETE"
"BAC","2026-09-01",390,390,0,0,"",0,0,0,0,0,"09:30","15:59","COMPLETE"
"BAC","2026-09-02",390,390,0,0,"",0,0,0,0,0,"09:30","15:59","COMPLETE"
"BAC","2026-09-03",391,390,0,0,"",0,0,1,0,1,"09:30","16:00","COMPLETE"
"BAC","2026-09-04",391,390,0,0,"",0,0,0,0,1,"09:30","16:00","COMPLETE"
"BKNG","2026-08-28",390,390,0,0,"",0,0,0,0,0,"09:30","15:59","COMPLETE"
"BKNG","2026-08-31",390,390,0,0,"",0,0,0,0,0,"09:30","15:59","COMPLETE"
"BKNG","2026-09-01",390,390,0,0,"",0,0,0,0,0,"09:30","15:59","COMPLETE"
"BKNG","2026-09-02",390,390,0,0,"",0,0,0,0,0,"09:30","15:59","COMPLETE"
"BKNG","2026-09-03",391,390,0,0,"",0,0,1,0,1,"09:30","16:00","COMPLETE"
"BKNG","2026-09-04",391,390,0,0,"",0,0,0,0,1,"09:30","16:00","COMPLETE"
"BLK","2026-08-28",374,374,0,16,"09:52 09:54 10:15 10:19 10:28",0,0,0,0,0,"09:30","15:59","INCOMPLETE"
"BLK","2026-08-31",390,390,0,0,"",0,0,61,0,0,"09:30","15:59","COMPLETE"
"BLK","2026-09-01",390,390,0,0,"",0,0,30,0,0,"09:30","15:59","COMPLETE"
"BLK","2026-09-02",390,390,0,0,"",0,0,12,0,0,"09:30","15:59","COMPLETE"
"BLK","2026-09-03",391,390,0,0,"",0,0,56,0,1,"09:30","16:00","COMPLETE"
"BLK","2026-09-04",392,390,1,0,"",0,0,85,0,1,"09:30","16:00","COMPLETE"
"BMY","2026-08-28",390,390,0,0,"",0,0,0,0,0,"09:30","15:59","COMPLETE"
"BMY","2026-08-31",390,390,0,0,"",0,0,0,0,0,"09:30","15:59","COMPLETE"
"BMY","2026-09-01",390,390,0,0,"",0,0,0,0,0,"09:30","15:59","COMPLETE"
"BMY","2026-09-02",390,390,0,0,"",0,0,0,0,0,"09:30","15:59","COMPLETE"
"BMY","2026-09-03",391,390,0,0,"",0,0,3,0,1,"09:30","16:00","COMPLETE"
"BMY","2026-09-04",391,390,0,0,"",0,0,0,0,1,"09:30","16:00","COMPLETE"
"BRK-B","2026-08-27",390,390,0,0,"",0,0,0,0,0,"09:30","15:59","COMPLETE"
"BRK-B","2026-08-28",390,390,0,0,"",0,0,0,0,0,"09:30","15:59","COMPLETE"
"BRK-B","2026-08-31",390,390,0,0,"",0,0,0,0,0,"09:30","15:59","COMPLETE"
"BRK-B","2026-09-01",391,390,0,0,"",0,0,0,0,1,"09:30","16:00","COMPLETE"
"BRK-B","2026-09-02",391,390,0,0,"",0,0,0,0,1,"09:30","16:00","COMPLETE"
"BRK-B","2026-09-03",390,390,0,0,"",0,0,1,0,0,"09:30","15:59","COMPLETE"
"BRK-B","2026-09-04",391,390,0,0,"",0,0,0,0,1,"09:30","16:00","COMPLETE"
"BSX","2026-08-28",390,390,0,0,"",0,0,0,0,0,"09:30","15:59","COMPLETE"
"BSX","2026-08-31",390,390,0,0,"",0,0,0,0,0,"09:30","15:59","COMPLETE"
"BSX","2026-09-01",390,390,0,0,"",0,0,0,0,0,"09:30","15:59","COMPLETE"
"BSX","2026-09-02",390,390,0,0,"",0,0,0,0,0,"09:30","15:59","COMPLETE"
"BSX","2026-09-03",391,390,0,0,"",0,0,1,0,1,"09:30","16:00","COMPLETE"
"BSX","2026-09-04",391,390,0,0,"",0,0,0,0,1,"09:30","16:00","COMPLETE"
"BX","2026-08-28",385,385,0,5,"10:51 12:34 12:48 13:49 14:22",0,0,0,0,0,"09:30","15:59","INCOMPLETE"
"BX","2026-08-31",390,390,0,0,"",0,0,5,0,0,"09:30","15:59","COMPLETE"
"BX","2026-09-01",390,390,0,0,"",0,0,0,0,0,"09:30","15:59","COMPLETE"
"BX","2026-09-02",390,390,0,0,"",0,0,6,0,0,"09:30","15:59","COMPLETE"
"BX","2026-09-03",391,390,0,0,"",0,0,1,0,1,"09:30","16:00","COMPLETE"
"BX","2026-09-04",391,390,0,0,"",0,0,2,0,1,"09:30","16:00","COMPLETE"
"C","2026-08-28",390,390,0,0,"",0,0,0,0,0,"09:30","15:59","COMPLETE"
"C","2026-08-31",390,390,0,0,"",0,0,1,0,0,"09:30","15:59","COMPLETE"
"C","2026-09-01",390,390,0,0,"",0,0,0,0,0,"09:30","15:59","COMPLETE"
"C","2026-09-02",390,390,0,0,"",0,0,0,0,0,"09:30","15:59","COMPLETE"
"C","2026-09-03",391,390,0,0,"",0,0,1,0,1,"09:30","16:00","COMPLETE"
"C","2026-09-04",391,390,0,0,"",0,0,0,0,1,"09:30","16:00","COMPLETE"
"CAT","2026-08-28",390,390,0,0,"",0,0,0,0,0,"09:30","15:59","COMPLETE"
"CAT","2026-08-31",390,390,0,0,"",0,0,0,0,0,"09:30","15:59","COMPLETE"
"CAT","2026-09-01",390,390,0,0,"",0,0,0,0,0,"09:30","15:59","COMPLETE"
"CAT","2026-09-02",390,390,0,0,"",0,0,0,0,0,"09:30","15:59","COMPLETE"
"CAT","2026-09-03",391,390,0,0,"",0,0,2,0,1,"09:30","16:00","COMPLETE"
"CAT","2026-09-04",391,390,0,0,"",0,0,1,0,1,"09:30","16:00","COMPLETE"
"CB","2026-08-28",387,387,0,3,"10:35 11:02 14:22",0,0,0,0,0,"09:30","15:59","INCOMPLETE"
"CB","2026-08-31",390,390,0,0,"",0,0,5,0,0,"09:30","15:59","COMPLETE"
"CB","2026-09-01",390,390,0,0,"",0,0,4,0,0,"09:30","15:59","COMPLETE"
"CB","2026-09-02",390,390,0,0,"",0,0,10,0,0,"09:30","15:59","COMPLETE"
"CB","2026-09-03",391,390,0,0,"",0,0,2,0,1,"09:30","16:00","COMPLETE"
"CB","2026-09-04",391,390,0,0,"",0,0,3,0,1,"09:30","16:00","COMPLETE"
"CME","2026-08-28",387,387,0,3,"13:12 13:18 14:39",0,0,0,0,0,"09:30","15:59","INCOMPLETE"
"CME","2026-08-31",390,390,0,0,"",0,0,1,0,0,"09:30","15:59","COMPLETE"
"CME","2026-09-01",390,390,0,0,"",0,0,4,0,0,"09:30","15:59","COMPLETE"
"CME","2026-09-02",390,390,0,0,"",0,0,0,0,0,"09:30","15:59","COMPLETE"
"CME","2026-09-03",391,390,0,0,"",0,0,11,0,1,"09:30","16:00","COMPLETE"
"CME","2026-09-04",391,390,0,0,"",0,0,6,0,1,"09:30","16:00","COMPLETE"
"COIN","2026-08-31",390,390,0,0,"",0,0,0,0,0,"09:30","15:59","COMPLETE"
"COIN","2026-09-01",390,390,0,0,"",0,0,0,0,0,"09:30","15:59","COMPLETE"
"COIN","2026-09-02",390,390,0,0,"",0,0,0,0,0,"09:30","15:59","COMPLETE"
"COIN","2026-09-03",390,390,0,0,"",0,0,1,0,0,"09:30","15:59","COMPLETE"
"COIN","2026-09-04",391,390,0,0,"",0,0,1,0,1,"09:30","16:00","COMPLETE"
"COP","2026-08-28",390,390,0,0,"",0,0,0,0,0,"09:30","15:59","COMPLETE"
"COP","2026-08-31",390,390,0,0,"",0,0,0,0,0,"09:30","15:59","COMPLETE"
"COP","2026-09-01",390,390,0,0,"",0,0,0,0,0,"09:30","15:59","COMPLETE"
"COP","2026-09-02",390,390,0,0,"",0,0,0,0,0,"09:30","15:59","COMPLETE"
"COP","2026-09-03",391,390,0,0,"",0,0,2,0,1,"09:30","16:00","COMPLETE"
"COP","2026-09-04",391,390,0,0,"",0,0,0,0,1,"09:30","16:00","COMPLETE"
"COST","2026-08-28",383,383,0,7,"10:40 12:38 12:42 13:11 13:23",0,0,0,0,0,"09:30","15:59","INCOMPLETE"
"COST","2026-08-31",390,390,0,0,"",0,0,5,0,0,"09:30","15:59","COMPLETE"
"COST","2026-09-01",390,390,0,0,"",0,0,5,0,0,"09:30","15:59","COMPLETE"
"COST","2026-09-02",390,390,0,0,"",0,0,0,0,0,"09:30","15:59","COMPLETE"
"COST","2026-09-03",391,390,0,0,"",0,0,1,0,1,"09:30","16:00","COMPLETE"
"COST","2026-09-04",391,390,0,0,"",0,0,0,0,1,"09:30","16:00","COMPLETE"
"CRDO","2026-08-31",390,390,0,0,"",0,0,2,0,0,"09:30","15:59","COMPLETE"
"CRDO","2026-09-01",390,390,0,0,"",0,0,1,0,0,"09:30","15:59","COMPLETE"
"CRDO","2026-09-02",390,390,0,0,"",0,0,0,0,0,"09:30","15:59","COMPLETE"
"CRDO","2026-09-03",390,390,0,0,"",0,0,1,0,0,"09:30","15:59","COMPLETE"
"CRDO","2026-09-04",391,390,0,0,"",0,0,0,0,1,"09:30","16:00","COMPLETE"
"CRM","2026-08-28",390,390,0,0,"",0,0,0,0,0,"09:30","15:59","COMPLETE"
"CRM","2026-08-31",390,390,0,0,"",0,0,0,0,0,"09:30","15:59","COMPLETE"
"CRM","2026-09-01",390,390,0,0,"",0,0,0,0,0,"09:30","15:59","COMPLETE"
"CRM","2026-09-02",390,390,0,0,"",0,0,0,0,0,"09:30","15:59","COMPLETE"
"CRM","2026-09-03",391,390,0,0,"",0,0,1,0,1,"09:30","16:00","COMPLETE"
"CRM","2026-09-04",391,390,0,0,"",0,0,0,0,1,"09:30","16:00","COMPLETE"
"CRWD","2026-08-28",390,390,0,0,"",0,0,0,0,0,"09:30","15:59","COMPLETE"
"CRWD","2026-08-31",390,390,0,0,"",0,0,0,0,0,"09:30","15:59","COMPLETE"
"CRWD","2026-09-01",390,390,0,0,"",0,0,0,0,0,"09:30","15:59","COMPLETE"
"CRWD","2026-09-02",390,390,0,0,"",0,0,0,0,0,"09:30","15:59","COMPLETE"
"CRWD","2026-09-03",391,390,0,0,"",0,0,1,0,1,"09:30","16:00","COMPLETE"
"CRWD","2026-09-04",391,390,0,0,"",0,0,0,0,1,"09:30","16:00","COMPLETE"
"CSCO","2026-08-28",390,390,0,0,"",0,0,0,0,0,"09:30","15:59","COMPLETE"
"CSCO","2026-08-31",390,390,0,0,"",0,0,0,0,0,"09:30","15:59","COMPLETE"
"CSCO","2026-09-01",390,390,0,0,"",0,0,0,0,0,"09:30","15:59","COMPLETE"
"CSCO","2026-09-02",390,390,0,0,"",0,0,0,0,0,"09:30","15:59","COMPLETE"
"CSCO","2026-09-03",391,390,0,0,"",0,0,2,0,1,"09:30","16:00","COMPLETE"
"CSCO","2026-09-04",391,390,0,0,"",0,0,0,0,1,"09:30","16:00","COMPLETE"
"CVX","2026-08-28",390,390,0,0,"",0,0,0,0,0,"09:30","15:59","COMPLETE"
"CVX","2026-08-31",390,390,0,0,"",0,0,0,0,0,"09:30","15:59","COMPLETE"
"CVX","2026-09-01",390,390,0,0,"",0,0,0,0,0,"09:30","15:59","COMPLETE"
"CVX","2026-09-02",390,390,0,0,"",0,0,0,0,0,"09:30","15:59","COMPLETE"
"CVX","2026-09-03",391,390,0,0,"",0,0,1,0,1,"09:30","16:00","COMPLETE"
"CVX","2026-09-04",391,390,0,0,"",0,0,1,0,1,"09:30","16:00","COMPLETE"
"DDOG","2026-08-31",390,390,0,0,"",0,0,6,0,0,"09:30","15:59","COMPLETE"
"DDOG","2026-09-01",390,390,0,0,"",0,0,5,0,0,"09:30","15:59","COMPLETE"
"DDOG","2026-09-02",390,390,0,0,"",0,0,0,0,0,"09:30","15:59","COMPLETE"
"DDOG","2026-09-03",390,390,0,0,"",0,0,5,0,0,"09:30","15:59","COMPLETE"
"DDOG","2026-09-04",391,390,0,0,"",0,0,3,0,1,"09:30","16:00","COMPLETE"
"DE","2026-08-28",367,367,0,23,"09:38 09:41 09:44 09:55 10:08",0,0,0,0,0,"09:30","15:59","INCOMPLETE"
"DE","2026-08-31",390,390,0,0,"",0,0,1,0,0,"09:30","15:59","COMPLETE"
"DE","2026-09-01",390,390,0,0,"",0,0,0,0,0,"09:30","15:59","COMPLETE"
"DE","2026-09-02",390,390,0,0,"",0,0,0,0,0,"09:30","15:59","COMPLETE"
"DE","2026-09-03",391,390,0,0,"",0,0,1,0,1,"09:30","16:00","COMPLETE"
"DE","2026-09-04",391,390,0,0,"",0,0,6,0,1,"09:30","16:00","COMPLETE"
"DELL","2026-08-31",390,390,0,0,"",0,0,0,0,0,"09:30","15:59","COMPLETE"
"DELL","2026-09-01",390,390,0,0,"",0,0,0,0,0,"09:30","15:59","COMPLETE"
"DELL","2026-09-02",390,390,0,0,"",0,0,0,0,0,"09:30","15:59","COMPLETE"
"DELL","2026-09-03",390,390,0,0,"",0,0,1,0,0,"09:30","15:59","COMPLETE"
"DELL","2026-09-04",391,390,0,0,"",0,0,0,0,1,"09:30","16:00","COMPLETE"
"DIS","2026-08-28",390,390,0,0,"",0,0,0,0,0,"09:30","15:59","COMPLETE"
"DIS","2026-08-31",390,390,0,0,"",0,0,0,0,0,"09:30","15:59","COMPLETE"
"DIS","2026-09-01",390,390,0,0,"",0,0,0,0,0,"09:30","15:59","COMPLETE"
"DIS","2026-09-02",390,390,0,0,"",0,0,0,0,0,"09:30","15:59","COMPLETE"
"DIS","2026-09-03",391,390,0,0,"",0,0,1,0,1,"09:30","16:00","COMPLETE"
"DIS","2026-09-04",391,390,0,0,"",0,0,0,0,1,"09:30","16:00","COMPLETE"
"DUK","2026-08-28",388,388,0,2,"09:47 14:30",0,0,0,0,0,"09:30","15:59","INCOMPLETE"
"DUK","2026-08-31",390,390,0,0,"",0,0,0,0,0,"09:30","15:59","COMPLETE"
"DUK","2026-09-01",390,390,0,0,"",0,0,2,0,0,"09:30","15:59","COMPLETE"
"DUK","2026-09-02",390,390,0,0,"",0,0,0,0,0,"09:30","15:59","COMPLETE"
"DUK","2026-09-03",391,390,0,0,"",0,0,4,0,1,"09:30","16:00","COMPLETE"
"DUK","2026-09-04",391,390,0,0,"",0,0,2,0,1,"09:30","16:00","COMPLETE"
"ELV","2026-08-28",358,358,0,32,"09:52 10:04 10:19 10:22 10:27",0,0,0,0,0,"09:30","15:59","INCOMPLETE"
"ELV","2026-08-31",390,390,0,0,"",0,0,13,0,0,"09:30","15:59","COMPLETE"
"ELV","2026-09-01",390,390,0,0,"",0,0,12,0,0,"09:30","15:59","COMPLETE"
"ELV","2026-09-02",390,390,0,0,"",0,0,3,0,0,"09:30","15:59","COMPLETE"
"ELV","2026-09-03",391,390,0,0,"",0,0,13,0,1,"09:30","16:00","COMPLETE"
"ELV","2026-09-04",391,390,0,0,"",0,0,5,0,1,"09:30","16:00","COMPLETE"
"ETN","2026-08-28",387,387,0,3,"13:03 13:34 14:36",0,0,0,0,0,"09:30","15:59","INCOMPLETE"
"ETN","2026-08-31",390,390,0,0,"",0,0,0,0,0,"09:30","15:59","COMPLETE"
"ETN","2026-09-01",390,390,0,0,"",0,0,0,0,0,"09:30","15:59","COMPLETE"
"ETN","2026-09-02",390,390,0,0,"",0,0,0,0,0,"09:30","15:59","COMPLETE"
"ETN","2026-09-03",391,390,0,0,"",0,0,2,0,1,"09:30","16:00","COMPLETE"
"ETN","2026-09-04",391,390,0,0,"",0,0,0,0,1,"09:30","16:00","COMPLETE"
"FISV","2026-08-31",390,390,0,0,"",0,0,1,0,0,"09:30","15:59","COMPLETE"
"FISV","2026-09-01",390,390,0,0,"",0,0,0,0,0,"09:30","15:59","COMPLETE"
"FISV","2026-09-02",390,390,0,0,"",0,0,0,0,0,"09:30","15:59","COMPLETE"
"FISV","2026-09-03",390,390,0,0,"",0,0,5,0,0,"09:30","15:59","COMPLETE"
"FISV","2026-09-04",391,390,0,0,"",0,0,2,0,1,"09:30","16:00","COMPLETE"
"GE","2026-08-28",390,390,0,0,"",0,0,0,0,0,"09:30","15:59","COMPLETE"
"GE","2026-08-31",390,390,0,0,"",0,0,0,0,0,"09:30","15:59","COMPLETE"
"GE","2026-09-01",390,390,0,0,"",0,0,0,0,0,"09:30","15:59","COMPLETE"
"GE","2026-09-02",390,390,0,0,"",0,0,1,0,0,"09:30","15:59","COMPLETE"
"GE","2026-09-03",391,390,0,0,"",0,0,2,0,1,"09:30","16:00","COMPLETE"
"GE","2026-09-04",391,390,0,0,"",0,0,0,0,1,"09:30","16:00","COMPLETE"
"GILD","2026-08-28",386,386,0,4,"11:01 12:34 13:43 13:47",0,0,0,0,0,"09:30","15:59","INCOMPLETE"
"GILD","2026-08-31",390,390,0,0,"",0,0,4,0,0,"09:30","15:59","COMPLETE"
"GILD","2026-09-01",390,390,0,0,"",0,0,1,0,0,"09:30","15:59","COMPLETE"
"GILD","2026-09-02",390,390,0,0,"",0,0,0,0,0,"09:30","15:59","COMPLETE"
"GILD","2026-09-03",391,390,0,0,"",0,0,11,0,1,"09:30","16:00","COMPLETE"
"GILD","2026-09-04",391,390,0,0,"",0,0,2,0,1,"09:30","16:00","COMPLETE"
"GS","2026-08-28",388,388,0,2,"14:58 14:59",0,0,0,0,0,"09:30","15:59","INCOMPLETE"
"GS","2026-08-31",390,390,0,0,"",0,0,13,0,0,"09:30","15:59","COMPLETE"
"GS","2026-09-01",390,390,0,0,"",0,0,6,0,0,"09:30","15:59","COMPLETE"
"GS","2026-09-02",390,390,0,0,"",0,0,3,0,0,"09:30","15:59","COMPLETE"
"GS","2026-09-03",391,390,0,0,"",0,0,1,0,1,"09:30","16:00","COMPLETE"
"GS","2026-09-04",391,390,0,0,"",0,0,6,0,1,"09:30","16:00","COMPLETE"
"HD","2026-08-28",388,388,0,2,"12:49 13:51",0,0,0,0,0,"09:30","15:59","INCOMPLETE"
"HD","2026-08-31",390,390,0,0,"",0,0,0,0,0,"09:30","15:59","COMPLETE"
"HD","2026-09-01",390,390,0,0,"",0,0,0,0,0,"09:30","15:59","COMPLETE"
"HD","2026-09-02",390,390,0,0,"",0,0,0,0,0,"09:30","15:59","COMPLETE"
"HD","2026-09-03",391,390,0,0,"",0,0,1,0,1,"09:30","16:00","COMPLETE"
"HD","2026-09-04",391,390,0,0,"",0,0,0,0,1,"09:30","16:00","COMPLETE"
"HON","2026-08-28",376,376,0,14,"09:56 10:26 10:48 11:01 11:20",0,0,0,0,0,"09:30","15:59","INCOMPLETE"
"HON","2026-08-31",390,390,0,0,"",0,0,14,0,0,"09:30","15:59","COMPLETE"
"HON","2026-09-01",390,390,0,0,"",0,0,11,0,0,"09:30","15:59","COMPLETE"
"HON","2026-09-02",390,390,0,0,"",0,0,4,0,0,"09:30","15:59","COMPLETE"
"HON","2026-09-03",391,390,0,0,"",0,0,13,0,1,"09:30","16:00","COMPLETE"
"HON","2026-09-04",391,390,0,0,"",0,0,10,0,1,"09:30","16:00","COMPLETE"
"HOOD","2026-08-31",390,390,0,0,"",0,0,0,0,0,"09:30","15:59","COMPLETE"
"HOOD","2026-09-01",390,390,0,0,"",0,0,0,0,0,"09:30","15:59","COMPLETE"
"HOOD","2026-09-02",390,390,0,0,"",0,0,0,0,0,"09:30","15:59","COMPLETE"
"HOOD","2026-09-03",390,390,0,0,"",0,0,1,0,0,"09:30","15:59","COMPLETE"
"HOOD","2026-09-04",391,390,0,0,"",0,0,0,0,1,"09:30","16:00","COMPLETE"
"IBM","2026-08-28",390,390,0,0,"",0,0,0,0,0,"09:30","15:59","COMPLETE"
"IBM","2026-08-31",390,390,0,0,"",0,0,1,0,0,"09:30","15:59","COMPLETE"
"IBM","2026-09-01",390,390,0,0,"",0,0,2,0,0,"09:30","15:59","COMPLETE"
"IBM","2026-09-02",390,390,0,0,"",0,0,1,0,0,"09:30","15:59","COMPLETE"
"IBM","2026-09-03",391,390,0,0,"",0,0,1,0,1,"09:30","16:00","COMPLETE"
"IBM","2026-09-04",391,390,0,0,"",0,0,0,0,1,"09:30","16:00","COMPLETE"
"ICE","2026-08-28",382,382,0,8,"10:26 10:48 12:32 12:41 12:44",0,0,0,0,0,"09:30","15:59","INCOMPLETE"
"ICE","2026-08-31",390,390,0,0,"",0,0,1,0,0,"09:30","15:59","COMPLETE"
"ICE","2026-09-01",390,390,0,0,"",0,0,1,0,0,"09:30","15:59","COMPLETE"
"ICE","2026-09-02",390,390,0,0,"",0,0,4,0,0,"09:30","15:59","COMPLETE"
"ICE","2026-09-03",391,390,0,0,"",0,0,5,0,1,"09:30","16:00","COMPLETE"
"ICE","2026-09-04",391,390,0,0,"",0,0,6,0,1,"09:30","16:00","COMPLETE"
"INTC","2026-08-28",390,390,0,0,"",0,0,0,0,0,"09:30","15:59","COMPLETE"
"INTC","2026-08-31",390,390,0,0,"",0,0,0,0,0,"09:30","15:59","COMPLETE"
"INTC","2026-09-01",390,390,0,0,"",0,0,0,0,0,"09:30","15:59","COMPLETE"
"INTC","2026-09-02",390,390,0,0,"",0,0,0,0,0,"09:30","15:59","COMPLETE"
"INTC","2026-09-03",391,390,0,0,"",0,0,1,0,1,"09:30","16:00","COMPLETE"
"INTC","2026-09-04",391,390,0,0,"",0,0,0,0,1,"09:30","16:00","COMPLETE"
"INTU","2026-08-28",390,390,0,0,"",0,0,0,0,0,"09:30","15:59","COMPLETE"
"INTU","2026-08-31",390,390,0,0,"",0,0,0,0,0,"09:30","15:59","COMPLETE"
"INTU","2026-09-01",390,390,0,0,"",0,0,0,0,0,"09:30","15:59","COMPLETE"
"INTU","2026-09-02",390,390,0,0,"",0,0,1,0,0,"09:30","15:59","COMPLETE"
"INTU","2026-09-03",391,390,0,0,"",0,0,2,0,1,"09:30","16:00","COMPLETE"
"INTU","2026-09-04",391,390,0,0,"",0,0,0,0,1,"09:30","16:00","COMPLETE"
"ISRG","2026-08-28",389,389,0,1,"12:58",0,0,0,0,0,"09:30","15:59","INCOMPLETE"
"ISRG","2026-08-31",390,390,0,0,"",0,0,0,0,0,"09:30","15:59","COMPLETE"
"ISRG","2026-09-01",390,390,0,0,"",0,0,1,0,0,"09:30","15:59","COMPLETE"
"ISRG","2026-09-02",390,390,0,0,"",0,0,3,0,0,"09:30","15:59","COMPLETE"
"ISRG","2026-09-03",391,390,0,0,"",0,0,2,0,1,"09:30","16:00","COMPLETE"
"ISRG","2026-09-04",391,390,0,0,"",0,0,1,0,1,"09:30","16:00","COMPLETE"
"JNJ","2026-08-28",390,390,0,0,"",0,0,0,0,0,"09:30","15:59","COMPLETE"
"JNJ","2026-08-31",390,390,0,0,"",0,0,2,0,0,"09:30","15:59","COMPLETE"
"JNJ","2026-09-01",390,390,0,0,"",0,0,0,0,0,"09:30","15:59","COMPLETE"
"JNJ","2026-09-02",390,390,0,0,"",0,0,0,0,0,"09:30","15:59","COMPLETE"
"JNJ","2026-09-03",391,390,0,0,"",0,0,3,0,1,"09:30","16:00","COMPLETE"
"JNJ","2026-09-04",391,390,0,0,"",0,0,2,0,1,"09:30","16:00","COMPLETE"
"JPM","2026-08-27",390,390,0,0,"",0,0,0,0,0,"09:30","15:59","COMPLETE"
"JPM","2026-08-28",390,390,0,0,"",0,0,0,0,0,"09:30","15:59","COMPLETE"
"JPM","2026-08-31",390,390,0,0,"",0,0,0,0,0,"09:30","15:59","COMPLETE"
"JPM","2026-09-01",391,390,0,0,"",0,0,0,0,1,"09:30","16:00","COMPLETE"
"JPM","2026-09-02",391,390,0,0,"",0,0,0,0,1,"09:30","16:00","COMPLETE"
"JPM","2026-09-03",390,390,0,0,"",0,0,1,0,0,"09:30","15:59","COMPLETE"
"JPM","2026-09-04",391,390,0,0,"",0,0,0,0,1,"09:30","16:00","COMPLETE"
"KKR","2026-08-28",386,386,0,4,"10:16 13:08 13:24 14:53",0,0,0,0,0,"09:30","15:59","INCOMPLETE"
"KKR","2026-08-31",390,390,0,0,"",0,0,2,0,0,"09:30","15:59","COMPLETE"
"KKR","2026-09-01",390,390,0,0,"",0,0,0,0,0,"09:30","15:59","COMPLETE"
"KKR","2026-09-02",390,390,0,0,"",0,0,1,0,0,"09:30","15:59","COMPLETE"
"KKR","2026-09-03",391,390,0,0,"",0,0,10,0,1,"09:30","16:00","COMPLETE"
"KKR","2026-09-04",391,390,0,0,"",0,0,5,0,1,"09:30","16:00","COMPLETE"
"KLAC","2026-08-28",390,390,0,0,"",0,0,0,0,0,"09:30","15:59","COMPLETE"
"KLAC","2026-08-31",390,390,0,0,"",0,0,0,0,0,"09:30","15:59","COMPLETE"
"KLAC","2026-09-01",390,390,0,0,"",0,0,0,0,0,"09:30","15:59","COMPLETE"
"KLAC","2026-09-02",390,390,0,0,"",0,0,0,0,0,"09:30","15:59","COMPLETE"
"KLAC","2026-09-03",391,390,0,0,"",0,0,1,0,1,"09:30","16:00","COMPLETE"
"KLAC","2026-09-04",391,390,0,0,"",0,0,0,0,1,"09:30","16:00","COMPLETE"
"KO","2026-08-28",390,390,0,0,"",0,0,0,0,0,"09:30","15:59","COMPLETE"
"KO","2026-08-31",390,390,0,0,"",0,0,0,0,0,"09:30","15:59","COMPLETE"
"KO","2026-09-01",390,390,0,0,"",0,0,0,0,0,"09:30","15:59","COMPLETE"
"KO","2026-09-02",390,390,0,0,"",0,0,0,0,0,"09:30","15:59","COMPLETE"
"KO","2026-09-03",391,390,0,0,"",0,0,1,0,1,"09:30","16:00","COMPLETE"
"KO","2026-09-04",391,390,0,0,"",0,0,0,0,1,"09:30","16:00","COMPLETE"
"LIN","2026-08-28",382,382,0,8,"10:17 12:44 12:49 13:04 13:10",0,0,0,0,0,"09:30","15:59","INCOMPLETE"
"LIN","2026-08-31",390,390,0,0,"",0,0,6,0,0,"09:30","15:59","COMPLETE"
"LIN","2026-09-01",390,390,0,0,"",0,0,5,0,0,"09:30","15:59","COMPLETE"
"LIN","2026-09-02",390,390,0,0,"",0,0,16,0,0,"09:30","15:59","COMPLETE"
"LIN","2026-09-03",391,390,0,0,"",0,0,7,0,1,"09:30","16:00","COMPLETE"
"LIN","2026-09-04",391,390,0,0,"",0,0,14,0,1,"09:30","16:00","COMPLETE"
"LLY","2026-08-28",390,390,0,0,"",0,0,0,0,0,"09:30","15:59","COMPLETE"
"LLY","2026-08-31",390,390,0,0,"",0,0,0,0,0,"09:30","15:59","COMPLETE"
"LLY","2026-09-01",390,390,0,0,"",0,0,0,0,0,"09:30","15:59","COMPLETE"
"LLY","2026-09-02",390,390,0,0,"",0,0,1,0,0,"09:30","15:59","COMPLETE"
"LLY","2026-09-03",391,390,0,0,"",0,0,7,0,1,"09:30","16:00","COMPLETE"
"LLY","2026-09-04",391,390,0,0,"",0,0,0,0,1,"09:30","16:00","COMPLETE"
"LMT","2026-08-28",362,362,0,28,"10:15 10:49 11:29 11:42 11:55",0,0,0,0,0,"09:30","15:59","INCOMPLETE"
"LMT","2026-08-31",390,390,0,0,"",0,0,16,0,0,"09:30","15:59","COMPLETE"
"LMT","2026-09-01",390,390,0,0,"",0,0,7,0,0,"09:30","15:59","COMPLETE"
"LMT","2026-09-02",390,390,0,0,"",0,0,2,0,0,"09:30","15:59","COMPLETE"
"LMT","2026-09-03",391,390,0,0,"",0,0,11,0,1,"09:30","16:00","COMPLETE"
"LMT","2026-09-04",391,390,0,0,"",0,0,2,0,1,"09:30","16:00","COMPLETE"
"LOW","2026-08-28",388,388,0,2,"11:13 15:09",0,0,0,0,0,"09:30","15:59","INCOMPLETE"
"LOW","2026-08-31",390,390,0,0,"",0,0,2,0,0,"09:30","15:59","COMPLETE"
"LOW","2026-09-01",390,390,0,0,"",0,0,1,0,0,"09:30","15:59","COMPLETE"
"LOW","2026-09-02",390,390,0,0,"",0,0,2,0,0,"09:30","15:59","COMPLETE"
"LOW","2026-09-03",391,390,0,0,"",0,0,3,0,1,"09:30","16:00","COMPLETE"
"LOW","2026-09-04",391,390,0,0,"",0,0,0,0,1,"09:30","16:00","COMPLETE"
"LRCX","2026-08-31",390,390,0,0,"",0,0,0,0,0,"09:30","15:59","COMPLETE"
"LRCX","2026-09-01",390,390,0,0,"",0,0,0,0,0,"09:30","15:59","COMPLETE"
"LRCX","2026-09-02",390,390,0,0,"",0,0,0,0,0,"09:30","15:59","COMPLETE"
"LRCX","2026-09-03",390,390,0,0,"",0,0,1,0,0,"09:30","15:59","COMPLETE"
"LRCX","2026-09-04",391,390,0,0,"",0,0,1,0,1,"09:30","16:00","COMPLETE"
"MA","2026-08-28",389,389,0,1,"13:01",0,0,0,0,0,"09:30","15:59","INCOMPLETE"
"MA","2026-08-31",390,390,0,0,"",0,0,0,0,0,"09:30","15:59","COMPLETE"
"MA","2026-09-01",390,390,0,0,"",0,0,0,0,0,"09:30","15:59","COMPLETE"
"MA","2026-09-02",390,390,0,0,"",0,0,0,0,0,"09:30","15:59","COMPLETE"
"MA","2026-09-03",391,390,0,0,"",0,0,1,0,1,"09:30","16:00","COMPLETE"
"MA","2026-09-04",391,390,0,0,"",0,0,0,0,1,"09:30","16:00","COMPLETE"
"MCD","2026-08-28",390,390,0,0,"",0,0,0,0,0,"09:30","15:59","COMPLETE"
"MCD","2026-08-31",390,390,0,0,"",0,0,0,0,0,"09:30","15:59","COMPLETE"
"MCD","2026-09-01",390,390,0,0,"",0,0,0,0,0,"09:30","15:59","COMPLETE"
"MCD","2026-09-02",390,390,0,0,"",0,0,0,0,0,"09:30","15:59","COMPLETE"
"MCD","2026-09-03",391,390,0,0,"",0,0,1,0,1,"09:30","16:00","COMPLETE"
"MCD","2026-09-04",391,390,0,0,"",0,0,1,0,1,"09:30","16:00","COMPLETE"
"MDLZ","2026-08-28",390,390,0,0,"",0,0,0,0,0,"09:30","15:59","COMPLETE"
"MDLZ","2026-08-31",390,390,0,0,"",0,0,1,0,0,"09:30","15:59","COMPLETE"
"MDLZ","2026-09-01",390,390,0,0,"",0,0,0,0,0,"09:30","15:59","COMPLETE"
"MDLZ","2026-09-02",390,390,0,0,"",0,0,0,0,0,"09:30","15:59","COMPLETE"
"MDLZ","2026-09-03",391,390,0,0,"",0,0,1,0,1,"09:30","16:00","COMPLETE"
"MDLZ","2026-09-04",391,390,0,0,"",0,0,0,0,1,"09:30","16:00","COMPLETE"
"MDT","2026-08-28",389,389,0,1,"12:47",0,0,0,0,0,"09:30","15:59","INCOMPLETE"
"MDT","2026-08-31",390,390,0,0,"",0,0,0,0,0,"09:30","15:59","COMPLETE"
"MDT","2026-09-01",390,390,0,0,"",0,0,0,0,0,"09:30","15:59","COMPLETE"
"MDT","2026-09-02",390,390,0,0,"",0,0,1,0,0,"09:30","15:59","COMPLETE"
"MDT","2026-09-03",391,390,0,0,"",0,0,1,0,1,"09:30","16:00","COMPLETE"
"MDT","2026-09-04",391,390,0,0,"",0,0,0,0,1,"09:30","16:00","COMPLETE"
"META","2026-08-27",390,390,0,0,"",0,0,0,0,0,"09:30","15:59","COMPLETE"
"META","2026-08-28",390,390,0,0,"",0,0,0,0,0,"09:30","15:59","COMPLETE"
"META","2026-08-31",390,390,0,0,"",0,0,0,0,0,"09:30","15:59","COMPLETE"
"META","2026-09-01",391,390,0,0,"",0,0,0,0,1,"09:30","16:00","COMPLETE"
"META","2026-09-02",391,390,0,0,"",0,0,0,0,1,"09:30","16:00","COMPLETE"
"META","2026-09-03",390,390,0,0,"",0,0,1,0,0,"09:30","15:59","COMPLETE"
"META","2026-09-04",391,390,0,0,"",0,0,0,0,1,"09:30","16:00","COMPLETE"
"MRK","2026-08-28",390,390,0,0,"",0,0,0,0,0,"09:30","15:59","COMPLETE"
"MRK","2026-08-31",390,390,0,0,"",0,0,0,0,0,"09:30","15:59","COMPLETE"
"MRK","2026-09-01",390,390,0,0,"",0,0,0,0,0,"09:30","15:59","COMPLETE"
"MRK","2026-09-02",390,390,0,0,"",0,0,0,0,0,"09:30","15:59","COMPLETE"
"MRK","2026-09-03",391,390,0,0,"",0,0,3,0,1,"09:30","16:00","COMPLETE"
"MRK","2026-09-04",391,390,0,0,"",0,0,0,0,1,"09:30","16:00","COMPLETE"
"MRSH","2026-08-31",390,390,0,0,"",0,0,14,0,0,"09:30","15:59","COMPLETE"
"MRSH","2026-09-01",390,390,0,0,"",0,0,3,0,0,"09:30","15:59","COMPLETE"
"MRSH","2026-09-02",390,390,0,0,"",0,0,8,0,0,"09:30","15:59","COMPLETE"
"MRSH","2026-09-03",390,390,0,0,"",0,0,13,0,0,"09:30","15:59","COMPLETE"
"MRSH","2026-09-04",391,390,0,0,"",0,0,10,0,1,"09:30","16:00","COMPLETE"
"MRVL","2026-08-31",390,390,0,0,"",0,0,0,0,0,"09:30","15:59","COMPLETE"
"MRVL","2026-09-01",390,390,0,0,"",0,0,0,0,0,"09:30","15:59","COMPLETE"
"MRVL","2026-09-02",390,390,0,0,"",0,0,0,0,0,"09:30","15:59","COMPLETE"
"MRVL","2026-09-03",390,390,0,0,"",0,0,1,0,0,"09:30","15:59","COMPLETE"
"MRVL","2026-09-04",391,390,0,0,"",0,0,0,0,1,"09:30","16:00","COMPLETE"
"MS","2026-08-28",388,388,0,2,"13:53 14:17",0,0,0,0,0,"09:30","15:59","INCOMPLETE"
"MS","2026-08-31",390,390,0,0,"",0,0,4,0,0,"09:30","15:59","COMPLETE"
"MS","2026-09-01",390,390,0,0,"",0,0,2,0,0,"09:30","15:59","COMPLETE"
"MS","2026-09-02",390,390,0,0,"",0,0,1,0,0,"09:30","15:59","COMPLETE"
"MS","2026-09-03",391,390,0,0,"",0,0,1,0,1,"09:30","16:00","COMPLETE"
"MS","2026-09-04",391,390,0,0,"",0,0,2,0,1,"09:30","16:00","COMPLETE"
"MSTR","2026-08-31",390,390,0,0,"",0,0,0,0,0,"09:30","15:59","COMPLETE"
"MSTR","2026-09-01",390,390,0,0,"",0,0,0,0,0,"09:30","15:59","COMPLETE"
"MSTR","2026-09-02",390,390,0,0,"",0,0,0,0,0,"09:30","15:59","COMPLETE"
"MSTR","2026-09-03",390,390,0,0,"",0,0,1,0,0,"09:30","15:59","COMPLETE"
"MSTR","2026-09-04",391,390,0,0,"",0,0,0,0,1,"09:30","16:00","COMPLETE"
"MU","2026-08-28",390,390,0,0,"",0,0,0,0,0,"09:30","15:59","COMPLETE"
"MU","2026-08-31",390,390,0,0,"",0,0,0,0,0,"09:30","15:59","COMPLETE"
"MU","2026-09-01",390,390,0,0,"",0,0,1,0,0,"09:30","15:59","COMPLETE"
"MU","2026-09-02",390,390,0,0,"",0,0,0,0,0,"09:30","15:59","COMPLETE"
"MU","2026-09-03",391,390,0,0,"",0,0,1,0,1,"09:30","16:00","COMPLETE"
"MU","2026-09-04",391,390,0,0,"",0,0,0,0,1,"09:30","16:00","COMPLETE"
"NEE","2026-08-28",390,390,0,0,"",0,0,0,0,0,"09:30","15:59","COMPLETE"
"NEE","2026-08-31",390,390,0,0,"",0,0,0,0,0,"09:30","15:59","COMPLETE"
"NEE","2026-09-01",390,390,0,0,"",0,0,1,0,0,"09:30","15:59","COMPLETE"
"NEE","2026-09-02",390,390,0,0,"",0,0,0,0,0,"09:30","15:59","COMPLETE"
"NEE","2026-09-03",391,390,0,0,"",0,0,1,0,1,"09:30","16:00","COMPLETE"
"NEE","2026-09-04",391,390,0,0,"",0,0,0,0,1,"09:30","16:00","COMPLETE"
"NFLX","2026-08-28",390,390,0,0,"",0,0,0,0,0,"09:30","15:59","COMPLETE"
"NFLX","2026-08-31",390,390,0,0,"",0,0,1,0,0,"09:30","15:59","COMPLETE"
"NFLX","2026-09-01",390,390,0,0,"",0,0,0,0,0,"09:30","15:59","COMPLETE"
"NFLX","2026-09-02",390,390,0,0,"",0,0,0,0,0,"09:30","15:59","COMPLETE"
"NFLX","2026-09-03",391,390,0,0,"",0,0,1,0,1,"09:30","16:00","COMPLETE"
"NFLX","2026-09-04",391,390,0,0,"",0,0,0,0,1,"09:30","16:00","COMPLETE"
"NOW","2026-08-28",390,390,0,0,"",0,0,0,0,0,"09:30","15:59","COMPLETE"
"NOW","2026-08-31",390,390,0,0,"",0,0,0,0,0,"09:30","15:59","COMPLETE"
"NOW","2026-09-01",390,390,0,0,"",0,0,0,0,0,"09:30","15:59","COMPLETE"
"NOW","2026-09-02",390,390,0,0,"",0,0,0,0,0,"09:30","15:59","COMPLETE"
"NOW","2026-09-03",391,390,0,0,"",0,0,2,0,1,"09:30","16:00","COMPLETE"
"NOW","2026-09-04",391,390,0,0,"",0,0,0,0,1,"09:30","16:00","COMPLETE"
"ORCL","2026-08-28",390,390,0,0,"",0,0,0,0,0,"09:30","15:59","COMPLETE"
"ORCL","2026-08-31",390,390,0,0,"",0,0,0,0,0,"09:30","15:59","COMPLETE"
"ORCL","2026-09-01",390,390,0,0,"",0,0,0,0,0,"09:30","15:59","COMPLETE"
"ORCL","2026-09-02",390,390,0,0,"",0,0,0,0,0,"09:30","15:59","COMPLETE"
"ORCL","2026-09-03",391,390,0,0,"",0,0,1,0,1,"09:30","16:00","COMPLETE"
"ORCL","2026-09-04",391,390,0,0,"",0,0,0,0,1,"09:30","16:00","COMPLETE"
"PANW","2026-08-28",390,390,0,0,"",0,0,0,0,0,"09:30","15:59","COMPLETE"
"PANW","2026-08-31",390,390,0,0,"",0,0,1,0,0,"09:30","15:59","COMPLETE"
"PANW","2026-09-01",390,390,0,0,"",0,0,0,0,0,"09:30","15:59","COMPLETE"
"PANW","2026-09-02",390,390,0,0,"",0,0,0,0,0,"09:30","15:59","COMPLETE"
"PANW","2026-09-03",391,390,0,0,"",0,0,3,0,1,"09:30","16:00","COMPLETE"
"PANW","2026-09-04",391,390,0,0,"",0,0,0,0,1,"09:30","16:00","COMPLETE"
"PEP","2026-08-28",390,390,0,0,"",0,0,0,0,0,"09:30","15:59","COMPLETE"
"PEP","2026-08-31",390,390,0,0,"",0,0,0,0,0,"09:30","15:59","COMPLETE"
"PEP","2026-09-01",390,390,0,0,"",0,0,0,0,0,"09:30","15:59","COMPLETE"
"PEP","2026-09-02",390,390,0,0,"",0,0,0,0,0,"09:30","15:59","COMPLETE"
"PEP","2026-09-03",391,390,0,0,"",0,0,1,0,1,"09:30","16:00","COMPLETE"
"PEP","2026-09-04",391,390,0,0,"",0,0,0,0,1,"09:30","16:00","COMPLETE"
"PG","2026-08-28",390,390,0,0,"",0,0,0,0,0,"09:30","15:59","COMPLETE"
"PG","2026-08-31",390,390,0,0,"",0,0,0,0,0,"09:30","15:59","COMPLETE"
"PG","2026-09-01",390,390,0,0,"",0,0,0,0,0,"09:30","15:59","COMPLETE"
"PG","2026-09-02",390,390,0,0,"",0,0,0,0,0,"09:30","15:59","COMPLETE"
"PG","2026-09-03",391,390,0,0,"",0,0,1,0,1,"09:30","16:00","COMPLETE"
"PG","2026-09-04",391,390,0,0,"",0,0,0,0,1,"09:30","16:00","COMPLETE"
"PGR","2026-08-28",343,343,0,47,"09:52 09:55 10:02 10:11 10:40",0,0,0,0,0,"09:30","15:59","INCOMPLETE"
"PGR","2026-08-31",390,390,0,0,"",0,0,56,0,0,"09:30","15:59","COMPLETE"
"PGR","2026-09-01",390,390,0,0,"",0,0,12,0,0,"09:30","15:59","COMPLETE"
"PGR","2026-09-02",390,390,0,0,"",0,0,31,0,0,"09:30","15:59","COMPLETE"
"PGR","2026-09-03",391,390,0,0,"",0,0,34,0,1,"09:30","16:00","COMPLETE"
"PGR","2026-09-04",391,390,0,0,"",0,0,8,0,1,"09:30","16:00","COMPLETE"
"PLD","2026-08-28",364,364,0,26,"09:31 09:55 10:27 10:43 11:44",0,0,0,0,0,"09:30","15:59","INCOMPLETE"
"PLD","2026-08-31",390,390,0,0,"",0,0,12,0,0,"09:30","15:59","COMPLETE"
"PLD","2026-09-01",390,390,0,0,"",0,0,3,0,0,"09:30","15:59","COMPLETE"
"PLD","2026-09-02",390,390,0,0,"",0,0,1,0,0,"09:30","15:59","COMPLETE"
"PLD","2026-09-03",391,390,0,0,"",0,0,11,0,1,"09:30","16:00","COMPLETE"
"PLD","2026-09-04",391,390,0,0,"",0,0,11,0,1,"09:30","16:00","COMPLETE"
"PLTR","2026-08-28",390,390,0,0,"",0,0,0,0,0,"09:30","15:59","COMPLETE"
"PLTR","2026-08-31",390,390,0,0,"",0,0,0,0,0,"09:30","15:59","COMPLETE"
"PLTR","2026-09-01",390,390,0,0,"",0,0,0,0,0,"09:30","15:59","COMPLETE"
"PLTR","2026-09-02",390,390,0,0,"",0,0,0,0,0,"09:30","15:59","COMPLETE"
"PLTR","2026-09-03",391,390,0,0,"",0,0,1,0,1,"09:30","16:00","COMPLETE"
"PLTR","2026-09-04",391,390,0,0,"",0,0,0,0,1,"09:30","16:00","COMPLETE"
"PM","2026-08-28",387,387,0,3,"12:49 12:58 13:34",0,0,0,0,0,"09:30","15:59","INCOMPLETE"
"PM","2026-08-31",390,390,0,0,"",0,0,2,0,0,"09:30","15:59","COMPLETE"
"PM","2026-09-01",390,390,0,0,"",0,0,3,0,0,"09:30","15:59","COMPLETE"
"PM","2026-09-02",390,390,0,0,"",0,0,3,0,0,"09:30","15:59","COMPLETE"
"PM","2026-09-03",391,390,0,0,"",0,0,9,0,1,"09:30","16:00","COMPLETE"
"PM","2026-09-04",392,390,1,0,"",0,0,2,0,1,"09:30","16:00","COMPLETE"
"QCOM","2026-08-28",390,390,0,0,"",0,0,0,0,0,"09:30","15:59","COMPLETE"
"QCOM","2026-08-31",390,390,0,0,"",0,0,0,0,0,"09:30","15:59","COMPLETE"
"QCOM","2026-09-01",390,390,0,0,"",0,0,0,0,0,"09:30","15:59","COMPLETE"
"QCOM","2026-09-02",390,390,0,0,"",0,0,0,0,0,"09:30","15:59","COMPLETE"
"QCOM","2026-09-03",391,390,0,0,"",0,0,2,0,1,"09:30","16:00","COMPLETE"
"QCOM","2026-09-04",391,390,0,0,"",0,0,0,0,1,"09:30","16:00","COMPLETE"
"RBLX","2026-08-31",390,390,0,0,"",0,0,0,0,0,"09:30","15:59","COMPLETE"
"RBLX","2026-09-01",390,390,0,0,"",0,0,0,0,0,"09:30","15:59","COMPLETE"
"RBLX","2026-09-02",390,390,0,0,"",0,0,0,0,0,"09:30","15:59","COMPLETE"
"RBLX","2026-09-03",390,390,0,0,"",0,0,1,0,0,"09:30","15:59","COMPLETE"
"RBLX","2026-09-04",391,390,0,0,"",0,0,0,0,1,"09:30","16:00","COMPLETE"
"RTX","2026-08-28",381,381,0,9,"12:37 12:41 12:52 13:06 13:10",0,0,0,0,0,"09:30","15:59","INCOMPLETE"
"RTX","2026-08-31",390,390,0,0,"",0,0,3,0,0,"09:30","15:59","COMPLETE"
"RTX","2026-09-01",390,390,0,0,"",0,0,2,0,0,"09:30","15:59","COMPLETE"
"RTX","2026-09-02",390,390,0,0,"",0,0,2,0,0,"09:30","15:59","COMPLETE"
"RTX","2026-09-03",391,390,0,0,"",0,0,2,0,1,"09:30","16:00","COMPLETE"
"RTX","2026-09-04",391,390,0,0,"",0,0,0,0,1,"09:30","16:00","COMPLETE"
"SBUX","2026-08-28",389,389,0,1,"10:52",0,0,0,0,0,"09:30","15:59","INCOMPLETE"
"SBUX","2026-08-31",390,390,0,0,"",0,0,7,0,0,"09:30","15:59","COMPLETE"
"SBUX","2026-09-01",390,390,0,0,"",0,0,0,0,0,"09:30","15:59","COMPLETE"
"SBUX","2026-09-02",390,390,0,0,"",0,0,2,0,0,"09:30","15:59","COMPLETE"
"SBUX","2026-09-03",391,390,0,0,"",0,0,9,0,1,"09:30","16:00","COMPLETE"
"SBUX","2026-09-04",391,390,0,0,"",0,0,0,0,1,"09:30","16:00","COMPLETE"
"SCHW","2026-08-28",390,390,0,0,"",0,0,0,0,0,"09:30","15:59","COMPLETE"
"SCHW","2026-08-31",390,390,0,0,"",0,0,0,0,0,"09:30","15:59","COMPLETE"
"SCHW","2026-09-01",390,390,0,0,"",0,0,0,0,0,"09:30","15:59","COMPLETE"
"SCHW","2026-09-02",390,390,0,0,"",0,0,0,0,0,"09:30","15:59","COMPLETE"
"SCHW","2026-09-03",391,390,0,0,"",0,0,1,0,1,"09:30","16:00","COMPLETE"
"SCHW","2026-09-04",391,390,0,0,"",0,0,0,0,1,"09:30","16:00","COMPLETE"
"SHOP","2026-08-31",390,390,0,0,"",0,0,0,0,0,"09:30","15:59","COMPLETE"
"SHOP","2026-09-01",390,390,0,0,"",0,0,0,0,0,"09:30","15:59","COMPLETE"
"SHOP","2026-09-02",390,390,0,0,"",0,0,0,0,0,"09:30","15:59","COMPLETE"
"SHOP","2026-09-03",390,390,0,0,"",0,0,4,0,0,"09:30","15:59","COMPLETE"
"SHOP","2026-09-04",391,390,0,0,"",0,0,1,0,1,"09:30","16:00","COMPLETE"
"SMCI","2026-08-31",390,390,0,0,"",0,0,0,0,0,"09:30","15:59","COMPLETE"
"SMCI","2026-09-01",390,390,0,0,"",0,0,0,0,0,"09:30","15:59","COMPLETE"
"SMCI","2026-09-02",390,390,0,0,"",0,0,0,0,0,"09:30","15:59","COMPLETE"
"SMCI","2026-09-03",390,390,0,0,"",0,0,2,0,0,"09:30","15:59","COMPLETE"
"SMCI","2026-09-04",391,390,0,0,"",0,0,0,0,1,"09:30","16:00","COMPLETE"
"SNOW","2026-08-31",390,390,0,0,"",0,0,0,0,0,"09:30","15:59","COMPLETE"
"SNOW","2026-09-01",390,390,0,0,"",0,0,0,0,0,"09:30","15:59","COMPLETE"
"SNOW","2026-09-02",390,390,0,0,"",0,0,0,0,0,"09:30","15:59","COMPLETE"
"SNOW","2026-09-03",390,390,0,0,"",0,0,1,0,0,"09:30","15:59","COMPLETE"
"SNOW","2026-09-04",391,390,0,0,"",0,0,0,0,1,"09:30","16:00","COMPLETE"
"SO","2026-08-28",390,390,0,0,"",0,0,0,0,0,"09:30","15:59","COMPLETE"
"SO","2026-08-31",390,390,0,0,"",0,0,0,0,0,"09:30","15:59","COMPLETE"
"SO","2026-09-01",390,390,0,0,"",0,0,0,0,0,"09:30","15:59","COMPLETE"
"SO","2026-09-02",390,390,0,0,"",0,0,0,0,0,"09:30","15:59","COMPLETE"
"SO","2026-09-03",391,390,0,0,"",0,0,1,0,1,"09:30","16:00","COMPLETE"
"SO","2026-09-04",391,390,0,0,"",0,0,0,0,1,"09:30","16:00","COMPLETE"
"SPGI","2026-08-28",386,386,0,4,"10:14 12:50 13:20 13:52",0,0,0,0,0,"09:30","15:59","INCOMPLETE"
"SPGI","2026-08-31",390,390,0,0,"",0,0,2,0,0,"09:30","15:59","COMPLETE"
"SPGI","2026-09-01",390,390,0,0,"",0,0,1,0,0,"09:30","15:59","COMPLETE"
"SPGI","2026-09-02",390,390,0,0,"",0,0,0,0,0,"09:30","15:59","COMPLETE"
"SPGI","2026-09-03",391,390,0,0,"",0,0,1,0,1,"09:30","16:00","COMPLETE"
"SPGI","2026-09-04",391,390,0,0,"",0,0,0,0,1,"09:30","16:00","COMPLETE"
"SYK","2026-08-28",390,390,0,0,"",0,0,0,0,0,"09:30","15:59","COMPLETE"
"SYK","2026-08-31",390,390,0,0,"",0,0,1,0,0,"09:30","15:59","COMPLETE"
"SYK","2026-09-01",390,390,0,0,"",0,0,0,0,0,"09:30","15:59","COMPLETE"
"SYK","2026-09-02",390,390,0,0,"",0,0,0,0,0,"09:30","15:59","COMPLETE"
"SYK","2026-09-03",391,390,0,0,"",0,0,1,0,1,"09:30","16:00","COMPLETE"
"SYK","2026-09-04",391,390,0,0,"",0,0,0,0,1,"09:30","16:00","COMPLETE"
"T","2026-08-28",390,390,0,0,"",0,0,0,0,0,"09:30","15:59","COMPLETE"
"T","2026-08-31",390,390,0,0,"",0,0,0,0,0,"09:30","15:59","COMPLETE"
"T","2026-09-01",390,390,0,0,"",0,0,1,0,0,"09:30","15:59","COMPLETE"
"T","2026-09-02",390,390,0,0,"",0,0,0,0,0,"09:30","15:59","COMPLETE"
"T","2026-09-03",391,390,0,0,"",0,0,1,0,1,"09:30","16:00","COMPLETE"
"T","2026-09-04",391,390,0,0,"",0,0,0,0,1,"09:30","16:00","COMPLETE"
"TJX","2026-08-28",390,390,0,0,"",0,0,0,0,0,"09:30","15:59","COMPLETE"
"TJX","2026-08-31",390,390,0,0,"",0,0,0,0,0,"09:30","15:59","COMPLETE"
"TJX","2026-09-01",390,390,0,0,"",0,0,0,0,0,"09:30","15:59","COMPLETE"
"TJX","2026-09-02",390,390,0,0,"",0,0,0,0,0,"09:30","15:59","COMPLETE"
"TJX","2026-09-03",391,390,0,0,"",0,0,1,0,1,"09:30","16:00","COMPLETE"
"TJX","2026-09-04",391,390,0,0,"",0,0,0,0,1,"09:30","16:00","COMPLETE"
"TMUS","2026-08-28",387,387,0,3,"11:36 12:27 15:08",0,0,0,0,0,"09:30","15:59","INCOMPLETE"
"TMUS","2026-08-31",390,390,0,0,"",0,0,5,0,0,"09:30","15:59","COMPLETE"
"TMUS","2026-09-01",390,390,0,0,"",0,0,9,0,0,"09:30","15:59","COMPLETE"
"TMUS","2026-09-02",390,390,0,0,"",0,0,2,0,0,"09:30","15:59","COMPLETE"
"TMUS","2026-09-03",391,390,0,0,"",0,0,7,0,1,"09:30","16:00","COMPLETE"
"TMUS","2026-09-04",391,390,0,0,"",0,0,6,0,1,"09:30","16:00","COMPLETE"
"TSLA","2026-08-27",390,390,0,0,"",0,0,0,0,0,"09:30","15:59","COMPLETE"
"TSLA","2026-08-28",390,390,0,0,"",0,0,0,0,0,"09:30","15:59","COMPLETE"
"TSLA","2026-08-31",390,390,0,0,"",0,0,0,0,0,"09:30","15:59","COMPLETE"
"TSLA","2026-09-01",391,390,0,0,"",0,0,0,0,1,"09:30","16:00","COMPLETE"
"TSLA","2026-09-02",391,390,0,0,"",0,0,0,0,1,"09:30","16:00","COMPLETE"
"TSLA","2026-09-03",391,390,0,0,"",0,0,1,0,1,"09:30","16:00","COMPLETE"
"TSLA","2026-09-04",391,390,0,0,"",0,0,0,0,1,"09:30","16:00","COMPLETE"
"TSM","2026-08-31",390,390,0,0,"",0,0,0,0,0,"09:30","15:59","COMPLETE"
"TSM","2026-09-01",390,390,0,0,"",0,0,0,0,0,"09:30","15:59","COMPLETE"
"TSM","2026-09-02",390,390,0,0,"",0,0,0,0,0,"09:30","15:59","COMPLETE"
"TSM","2026-09-03",390,390,0,0,"",0,0,1,0,0,"09:30","15:59","COMPLETE"
"TSM","2026-09-04",391,390,0,0,"",0,0,0,0,1,"09:30","16:00","COMPLETE"
"TXN","2026-08-28",389,389,0,1,"14:03",0,0,0,0,0,"09:30","15:59","INCOMPLETE"
"TXN","2026-08-31",390,390,0,0,"",0,0,8,0,0,"09:30","15:59","COMPLETE"
"TXN","2026-09-01",390,390,0,0,"",0,0,1,0,0,"09:30","15:59","COMPLETE"
"TXN","2026-09-02",390,390,0,0,"",0,0,0,0,0,"09:30","15:59","COMPLETE"
"TXN","2026-09-03",391,390,0,0,"",0,0,8,0,1,"09:30","16:00","COMPLETE"
"TXN","2026-09-04",391,390,0,0,"",0,0,3,0,1,"09:30","16:00","COMPLETE"
"UBER","2026-08-31",390,390,0,0,"",0,0,0,0,0,"09:30","15:59","COMPLETE"
"UBER","2026-09-01",390,390,0,0,"",0,0,0,0,0,"09:30","15:59","COMPLETE"
"UBER","2026-09-02",390,390,0,0,"",0,0,0,0,0,"09:30","15:59","COMPLETE"
"UBER","2026-09-03",390,390,0,0,"",0,0,1,0,0,"09:30","15:59","COMPLETE"
"UBER","2026-09-04",391,390,0,0,"",0,0,0,0,1,"09:30","16:00","COMPLETE"
"UNH","2026-08-28",390,390,0,0,"",0,0,0,0,0,"09:30","15:59","COMPLETE"
"UNH","2026-08-31",390,390,0,0,"",0,0,0,0,0,"09:30","15:59","COMPLETE"
"UNH","2026-09-01",390,390,0,0,"",0,0,0,0,0,"09:30","15:59","COMPLETE"
"UNH","2026-09-02",390,390,0,0,"",0,0,0,0,0,"09:30","15:59","COMPLETE"
"UNH","2026-09-03",391,390,0,0,"",0,0,2,0,1,"09:30","16:00","COMPLETE"
"UNH","2026-09-04",391,390,0,0,"",0,0,0,0,1,"09:30","16:00","COMPLETE"
"UNP","2026-08-28",375,375,0,15,"09:35 09:47 10:23 11:24 11:27",0,0,0,0,0,"09:30","15:59","INCOMPLETE"
"UNP","2026-08-31",390,390,0,0,"",0,0,14,0,0,"09:30","15:59","COMPLETE"
"UNP","2026-09-01",390,390,0,0,"",0,0,0,0,0,"09:30","15:59","COMPLETE"
"UNP","2026-09-02",390,390,0,0,"",0,0,13,0,0,"09:30","15:59","COMPLETE"
"UNP","2026-09-03",391,390,0,0,"",0,0,13,0,1,"09:30","16:00","COMPLETE"
"UNP","2026-09-04",391,390,0,0,"",0,0,26,0,1,"09:30","16:00","COMPLETE"
"V","2026-08-28",390,390,0,0,"",0,0,0,0,0,"09:30","15:59","COMPLETE"
"V","2026-08-31",390,390,0,0,"",0,0,0,0,0,"09:30","15:59","COMPLETE"
"V","2026-09-01",390,390,0,0,"",0,0,0,0,0,"09:30","15:59","COMPLETE"
"V","2026-09-02",390,390,0,0,"",0,0,0,0,0,"09:30","15:59","COMPLETE"
"V","2026-09-03",391,390,0,0,"",0,0,1,0,1,"09:30","16:00","COMPLETE"
"V","2026-09-04",391,390,0,0,"",0,0,0,0,1,"09:30","16:00","COMPLETE"
"VRTX","2026-08-28",356,356,0,34,"09:32 10:52 11:09 11:25 11:31",0,0,0,0,0,"09:30","15:59","INCOMPLETE"
"VRTX","2026-08-31",390,390,0,0,"",0,0,48,0,0,"09:30","15:59","COMPLETE"
"VRTX","2026-09-01",390,390,0,0,"",0,0,30,0,0,"09:30","15:59","COMPLETE"
"VRTX","2026-09-02",390,390,0,0,"",0,0,2,0,0,"09:30","15:59","COMPLETE"
"VRTX","2026-09-03",391,390,0,0,"",0,0,34,0,1,"09:30","16:00","COMPLETE"
"VRTX","2026-09-04",391,390,0,0,"",0,0,16,0,1,"09:30","16:00","COMPLETE"
"VZ","2026-08-28",390,390,0,0,"",0,0,0,0,0,"09:30","15:59","COMPLETE"
"VZ","2026-08-31",390,390,0,0,"",0,0,0,0,0,"09:30","15:59","COMPLETE"
"VZ","2026-09-01",390,390,0,0,"",0,0,0,0,0,"09:30","15:59","COMPLETE"
"VZ","2026-09-02",390,390,0,0,"",0,0,0,0,0,"09:30","15:59","COMPLETE"
"VZ","2026-09-03",391,390,0,0,"",0,0,1,0,1,"09:30","16:00","COMPLETE"
"VZ","2026-09-04",391,390,0,0,"",0,0,0,0,1,"09:30","16:00","COMPLETE"
"WFC","2026-08-28",390,390,0,0,"",0,0,0,0,0,"09:30","15:59","COMPLETE"
"WFC","2026-08-31",390,390,0,0,"",0,0,0,0,0,"09:30","15:59","COMPLETE"
"WFC","2026-09-01",390,390,0,0,"",0,0,0,0,0,"09:30","15:59","COMPLETE"
"WFC","2026-09-02",390,390,0,0,"",0,0,0,0,0,"09:30","15:59","COMPLETE"
"WFC","2026-09-03",390,390,0,0,"",0,0,1,0,0,"09:30","15:59","COMPLETE"
"WFC","2026-09-04",391,390,0,0,"",0,0,0,0,1,"09:30","16:00","COMPLETE"
"WM","2026-08-28",385,385,0,5,"09:49 10:46 11:22 12:35 12:38",0,0,0,0,0,"09:30","15:59","INCOMPLETE"
"WM","2026-08-31",390,390,0,0,"",0,0,3,0,0,"09:30","15:59","COMPLETE"
"WM","2026-09-01",390,390,0,0,"",0,0,3,0,0,"09:30","15:59","COMPLETE"
"WM","2026-09-02",390,390,0,0,"",0,0,0,0,0,"09:30","15:59","COMPLETE"
"WM","2026-09-03",391,390,0,0,"",0,0,6,0,1,"09:30","16:00","COMPLETE"
"WM","2026-09-04",391,390,0,0,"",0,0,8,0,1,"09:30","16:00","COMPLETE"
"WMT","2026-08-28",390,390,0,0,"",0,0,0,0,0,"09:30","15:59","COMPLETE"
"WMT","2026-08-31",390,390,0,0,"",0,0,0,0,0,"09:30","15:59","COMPLETE"
"WMT","2026-09-01",390,390,0,0,"",0,0,0,0,0,"09:30","15:59","COMPLETE"
"WMT","2026-09-02",390,390,0,0,"",0,0,0,0,0,"09:30","15:59","COMPLETE"
"WMT","2026-09-03",391,390,0,0,"",0,0,1,0,1,"09:30","16:00","COMPLETE"
"WMT","2026-09-04",391,390,0,0,"",0,0,0,0,1,"09:30","16:00","COMPLETE"
"XOM","2026-08-28",390,390,0,0,"",0,0,0,0,0,"09:30","15:59","COMPLETE"
"XOM","2026-08-31",390,390,0,0,"",0,0,2,0,0,"09:30","15:59","COMPLETE"
"XOM","2026-09-01",390,390,0,0,"",0,0,0,0,0,"09:30","15:59","COMPLETE"
"XOM","2026-09-02",390,390,0,0,"",0,0,0,0,0,"09:30","15:59","COMPLETE"
"XOM","2026-09-03",391,390,0,0,"",0,0,1,0,1,"09:30","16:00","COMPLETE"
"XOM","2026-09-04",391,390,0,0,"",0,0,0,0,1,"09:30","16:00","COMPLETE"