symbol,date,setupId,type,readyTime,entryTime,entryPrice,stop,t1,t2,exitTime,exitReason,mfeR,maeR,R,minutesHeld,quality,readyScore
"ABBV","2026-09-01","RECLAIM_CONTINUATION|VWAP|START_11:15","RECLAIM_CONTINUATION","11:23","11:24",260.4,260.03,261.78,262.26,"11:37","stop",0.15,-1.43,-1,13,"Neutral",8
"ABBV","2026-09-03","RECLAIM_CONTINUATION|PIVOT_12:43|START_13:02","RECLAIM_CONTINUATION","13:12","13:13",260.91,260.44,264.25,262.07,"14:42","time",1.02,-0.89,0.45,89,"Good",6
"ABNB","2026-09-01","RECLAIM_CONTINUATION|VWAP|START_15:06","RECLAIM_CONTINUATION","15:15","15:16",183.05,182.63,183.51,183.64,"15:20","stop",0.29,-1.07,-1,4,"Good",6
"ABT","2026-08-28","RECLAIM_CONTINUATION|PIVOT_14:58|START_15:10","RECLAIM_CONTINUATION","15:20","15:21",112.43,112.31,112.54,112.58,"15:24","target1",0.92,-0.17,0.92,3,"Good",6
"ABT","2026-08-31","RECLAIM_CONTINUATION|PIVOT_14:05|START_14:51","RECLAIM_CONTINUATION","14:57","14:58",110.5,110.4,110.64,110.65,"15:10","stop",1.32,-1,-1,12,"Good",6
"ADBE","2026-08-28","RECLAIM_CONTINUATION|VWAP|START_15:08","RECLAIM_CONTINUATION","15:11","15:12",292.41,291.96,293.36,293.44,"15:23","stop",0.62,-1.17,-1,11,"Good",6
"ADBE","2026-09-04","RECLAIM_CONTINUATION|PIVOT_14:41|START_14:37","RECLAIM_CONTINUATION","14:50","14:51",268.52,267.9,269.46,269.48,"15:29","stop",0.62,-1.14,-1,38,"Good",6
"ADI","2026-09-01","RECLAIM_CONTINUATION|PIVOT_14:19|START_14:38","RECLAIM_CONTINUATION","14:40","14:41",353.17,352.87,353.99,354.06,"14:42","stop",0,-1.27,-1,1,"Good",8
"ADI","2026-09-01","RECLAIM_CONTINUATION|VWAP|START_14:49","RECLAIM_CONTINUATION","15:00","15:01",353.81,352.38,356.44,356.46,"15:59","close",0.83,-0.27,0.55,58,"Good",7
"ADI","2026-09-01","RECLAIM_CONTINUATION|PIVOT_15:21|START_15:40","RECLAIM_CONTINUATION","15:55","15:56",354.08,353.34,356.44,355.84,"15:59","close",0.76,-0.47,0.69,3,"Good",6
"ADP","2026-08-31","RECLAIM_CONTINUATION|VWAP|START_10:06","RECLAIM_CONTINUATION","10:15","10:16",286.51,286.03,287.32,287.7,"11:45","time",1.63,-0.54,0.58,89,"Good",6
"ADP","2026-08-31","RECLAIM_CONTINUATION|VWAP|START_12:00","RECLAIM_CONTINUATION","12:02","12:03",286.67,286.55,286.83,286.89,"12:05","stop",0,-1.83,-1,2,"Good",7
"ADP","2026-09-02","RECLAIM_CONTINUATION|VWAP|START_09:50","RECLAIM_CONTINUATION","10:01","10:02",280.73,280.35,283,281.51,"10:03","stop",0.04,-1.03,-1,1,"Neutral",6
"ADP","2026-09-02","RECLAIM_CONTINUATION|VWAP|START_12:40","RECLAIM_CONTINUATION","12:51","12:52",280.7,280.39,281.6,281.65,"14:08","target1",2.9,-0.62,2.84,76,"Good",6
"ALAB","2026-09-04","RECLAIM_CONTINUATION|VWAP|START_10:33","RECLAIM_CONTINUATION","10:46","10:47",313.5,310.7,317,320.05,"10:58","target1",1.27,-0.31,1.25,11,"Good",6
"AMD","2026-08-28","RECLAIM_CONTINUATION|PIVOT_10:42|START_11:09","RECLAIM_CONTINUATION","11:12","11:13",476.47,475.39,477.84,478.75,"11:15","stop",0.61,-1.08,-1,2,"Good",6
"AMT","2026-08-31","RECLAIM_CONTINUATION|VWAP|START_10:40","RECLAIM_CONTINUATION","10:52","10:53",174.69,174.28,175.9,175.65,"12:05","target1",2.99,0,2.9,72,"Neutral",7
"AMT","2026-09-01","RECLAIM_CONTINUATION|VWAP|START_15:35","RECLAIM_CONTINUATION","15:37","15:38",175.66,175.44,175.99,176.97,"15:42","stop",0.18,-1.04,-1,4,"Neutral",6
"AMT","2026-09-02","RECLAIM_CONTINUATION|VWAP|START_15:34","RECLAIM_CONTINUATION","15:36","15:37",173.31,173.03,173.85,173.9,"15:49","stop",0.58,-1.28,-1,12,"Neutral",8
"AMT","2026-09-03","RECLAIM_CONTINUATION|PIVOT_13:41|START_13:37","RECLAIM_CONTINUATION","14:00","14:01",178.22,177.93,178.74,179.01,"14:02","stop",0.09,-1.23,-1,1,"Good",6
"APH","2026-09-02","RECLAIM_CONTINUATION|VWAP|START_11:21","RECLAIM_CONTINUATION","11:24","11:25",79.34,79.14,79.88,81.16,"11:28","target1",3.67,-0.08,2.7,3,"Good",6
"APH","2026-09-03","RECLAIM_CONTINUATION|PIVOT_14:06|START_14:13","RECLAIM_CONTINUATION","14:30","14:31",81.15,81.05,81.38,81.36,"14:43","target1",3.3,-0.9,2.3,12,"Good",6
"APP","2026-08-31","RECLAIM_CONTINUATION|VWAP|START_12:41","RECLAIM_CONTINUATION","12:43","12:44",310.18,309.64,310.9,317.89,"13:04","target1",1.71,-0.53,1.36,20,"Good",8
"APP","2026-09-02","RECLAIM_CONTINUATION|VWAP|START_10:03","RECLAIM_CONTINUATION","10:22","10:23",313.1,309.45,319.29,322.57,"11:52","time",0.36,-0.98,0.09,89,"Good",7
"APP","2026-09-02","RECLAIM_CONTINUATION|PIVOT_13:25|START_14:05","RECLAIM_CONTINUATION","14:07","14:08",318.79,317.92,319.29,319.81,"14:18","target1",0.76,-0.41,0.57,10,"Good",7
"APP","2026-09-04","RECLAIM_CONTINUATION|PIVOT_15:31|START_15:41","RECLAIM_CONTINUATION","15:49","15:50",320.69,319.61,322.77,322.9,"15:56","stop",0.76,-1.04,-1,6,"Good",6
"ASML","2026-09-04","RECLAIM_CONTINUATION|VWAP|START_11:41","RECLAIM_CONTINUATION","11:59","12:00",1708.63,1704.42,1714.42,1715.43,"12:49","target1",1.52,-0.33,1.38,49,"Good",6
"AXP","2026-08-31","RECLAIM_CONTINUATION|VWAP|START_10:56","RECLAIM_CONTINUATION","11:06","11:07",331.82,331.33,332.59,332.83,"11:09","stop",0,-1.33,-1,2,"Strong",7
"AXP","2026-09-02","RECLAIM_CONTINUATION|VWAP|START_15:22","RECLAIM_CONTINUATION","15:24","15:25",329.93,329.55,330.98,331.21,"15:59","close",1.47,-0.66,0.24,34,"Good",7
"AXP","2026-09-03","RECLAIM_CONTINUATION|VWAP|START_11:53","RECLAIM_CONTINUATION","11:55","11:56",330.62,330.42,330.94,332.9,"11:56","stop",0,-1.15,-1,0,"Good",6
"AXP","2026-09-03","RECLAIM_CONTINUATION|VWAP|START_14:31","RECLAIM_CONTINUATION","14:38","14:39",330.54,330.41,330.77,330.9,"14:42","stop",0.15,-1.23,-1,3,"Neutral",6
"BAC","2026-08-28","RECLAIM_CONTINUATION|VWAP|START_09:49","RECLAIM_CONTINUATION","10:07","10:08",62,61.55,62.86,63.3,"11:37","time",1.24,-0.76,0.7,89,"Good",8
"BAC","2026-08-28","RECLAIM_CONTINUATION|PIVOT_11:08|START_11:44","RECLAIM_CONTINUATION","11:58","11:59",62.34,62.2,62.56,62.47,"13:28","time",1.41,-0.77,-0.3,89,"Good",7
"BAC","2026-09-01","RECLAIM_CONTINUATION|VWAP|START_09:47","RECLAIM_CONTINUATION","09:58","09:59",62.26,62.04,62.62,62.73,"10:16","target1",1.79,-0.33,1.7,17,"Good",6
"BKNG","2026-08-31","RECLAIM_CONTINUATION|VWAP|START_10:30","RECLAIM_CONTINUATION","10:38","10:39",201.71,201.2,203.94,202.93,"11:11","stop",0.65,-1.17,-1,32,"Neutral",6
"BKNG","2026-09-01","RECLAIM_CONTINUATION|VWAP|START_11:26","RECLAIM_CONTINUATION","11:37","11:38",199.71,199.2,200.94,201.43,"11:40","stop",0.06,-1.04,-1,2,"Good",6
"BKNG","2026-09-02","RECLAIM_CONTINUATION|VWAP|START_11:31","RECLAIM_CONTINUATION","11:41","11:42",198.74,198.38,199.22,199.26,"11:47","stop",0.17,-1.06,-1,5,"Good",8
"BKNG","2026-09-04","RECLAIM_CONTINUATION|VWAP|START_10:57","RECLAIM_CONTINUATION","10:59","11:00",193.5,193.17,195.55,194.15,"12:29","time",3.58,-0.82,3.15,89,"Good",7
"BKNG","2026-09-04","RECLAIM_CONTINUATION|VWAP|START_14:40","RECLAIM_CONTINUATION","14:43","14:44",193.72,193.5,193.96,194.16,"15:09","stop",0.23,-1.05,-1,25,"Good",6
"BKNG","2026-09-04","RECLAIM_CONTINUATION|PIVOT_14:51|START_15:23","RECLAIM_CONTINUATION","15:25","15:26",193.66,193.44,194.16,194.18,"15:35","stop",0.05,-1.27,-1,9,"Good",6
"BLK","2026-08-31","RECLAIM_CONTINUATION|VWAP|START_12:38","RECLAIM_CONTINUATION","12:41","12:42",1152.97,1151.94,1154.1,1154.18,"13:10","target1",1.2,-0.25,1.1,28,"Strong",8
"BLK","2026-09-02","RECLAIM_CONTINUATION|VWAP|START_10:05","RECLAIM_CONTINUATION","10:08","10:09",1133.73,1131.65,1135.46,1136.83,"10:20","target1",1.05,-0.93,0.83,11,"Good",7
"BLK","2026-09-03","RECLAIM_CONTINUATION|VWAP|START_09:34","RECLAIM_CONTINUATION","09:55","09:56",1129.42,1122.61,1143.04,1149.86,"10:09","stop",0.52,-1.03,-1,13,"Good",7
"BLK","2026-09-04","RECLAIM_CONTINUATION|PIVOT_13:19|START_13:31","RECLAIM_CONTINUATION","13:43","13:44",1121.13,1119.82,1122.71,1122.91,"13:49","stop",0,-1.11,-1,5,"Good",7
"BMY","2026-08-31","RECLAIM_CONTINUATION|PIVOT_12:36|START_13:05","RECLAIM_CONTINUATION","13:22","13:23",66.6,66.54,66.7,66.73,"13:30","stop",0,-1.17,-1,7,"Good",6
"BMY","2026-09-02","RECLAIM_CONTINUATION|PIVOT_13:01|START_13:44","RECLAIM_CONTINUATION","13:50","13:51",67.33,67.26,67.71,67.46,"15:20","target1",5.27,-0.47,5,89,"Good",6
"BRK-B","2026-08-27","RECLAIM_CONTINUATION|PIVOT_14:19|START_14:27","RECLAIM_CONTINUATION","14:42","14:43",504.1,503.58,505.4,505.28,"15:09","stop",0.34,-1.31,-1,26,"Good",6
"BRK-B","2026-09-03","RECLAIM_CONTINUATION|VWAP|START_15:06","RECLAIM_CONTINUATION","15:08","15:09",507.51,507.24,507.92,507.95,"15:29","stop",1.29,-1.22,-1,20,"Good",7
"BRK-B","2026-09-03","RECLAIM_CONTINUATION|VWAP|START_15:34","RECLAIM_CONTINUATION","15:38","15:39",507.71,507.19,508.5,508.79,"15:59","close",1.17,-0.98,0.56,20,"Good",6
"BRK-B","2026-09-03","RECLAIM_CONTINUATION|VWAP|START_15:48","RECLAIM_CONTINUATION","15:50","15:51",507.75,507.27,508.2,508.24,"15:55","stop",0.23,-1.14,-1,4,"Good",7
"BSX","2026-09-04","RECLAIM_CONTINUATION|VWAP|START_10:00","RECLAIM_CONTINUATION","10:19","10:20",47.74,47.25,48.44,48.84,"11:49","time",0.24,-0.57,0.04,89,"Good",6
"BX","2026-09-04","RECLAIM_CONTINUATION|PIVOT_13:40|START_13:56","RECLAIM_CONTINUATION","14:06","14:07",136.79,136.59,136.97,137.02,"14:25","target1",1.05,0,0.9,18,"Good",7
"C","2026-09-01","RECLAIM_CONTINUATION|PIVOT_10:00|START_09:56","RECLAIM_CONTINUATION","10:09","10:10",132.89,132.39,133.86,134.35,"10:18","target1",2.08,-0.11,1.94,8,"Good",6
"CAT","2026-08-31","RECLAIM_CONTINUATION|PIVOT_15:16|START_15:34","RECLAIM_CONTINUATION","15:36","15:37",796.98,795.17,802.9,801.11,"15:59","close",1.04,-0.92,0.21,22,"Neutral",6
"CAT","2026-09-01","RECLAIM_CONTINUATION|VWAP|START_11:40","RECLAIM_CONTINUATION","11:47","11:48",783.34,782.21,785.48,785.71,"11:57","stop",0.09,-1.12,-1,9,"Good",6
"CAT","2026-09-02","RECLAIM_CONTINUATION|PIVOT_13:25|START_13:21","RECLAIM_CONTINUATION","13:33","13:34",785.03,783.62,787.58,788.41,"14:22","stop",0.19,-1.09,-1,48,"Good",7
"CAT","2026-09-03","RECLAIM_CONTINUATION|VWAP|START_14:36","RECLAIM_CONTINUATION","14:39","14:40",794.6,793.92,795.56,795.84,"14:47","stop",0.69,-1.6,-1,7,"Good",6
"CB","2026-08-31","RECLAIM_CONTINUATION|VWAP|START_11:47","RECLAIM_CONTINUATION","11:52","11:53",339.5,339.19,339.96,340.31,"11:55","stop",0.17,-1,-1,2,"Neutral",7
"CB","2026-09-04","RECLAIM_CONTINUATION|VWAP|START_10:34","RECLAIM_CONTINUATION","10:40","10:41",346.15,345.78,346.47,346.59,"10:46","stop",0.11,-1.32,-1,5,"Good",6
"CME","2026-08-31","RECLAIM_CONTINUATION|VWAP|START_10:07","RECLAIM_CONTINUATION","10:10","10:11",286.32,285.95,286.87,287.22,"10:20","target1",1.68,-0.22,1.49,9,"Good",6
"CME","2026-08-31","RECLAIM_CONTINUATION|VWAP|START_11:49","RECLAIM_CONTINUATION","11:51","11:52",286.68,286.36,287.22,287.3,"12:44","stop",0.72,-11.25,-1,52,"Good",6
"CME","2026-09-04","RECLAIM_CONTINUATION|VWAP|START_11:05","RECLAIM_CONTINUATION","11:07","11:08",281.09,280.72,282.39,282.6,"11:10","stop",0,-1.16,-1,2,"Good",6
"COIN","2026-09-02","RECLAIM_CONTINUATION|VWAP|START_09:40","RECLAIM_CONTINUATION","09:46","09:47",176.92,173.18,184.4,188.14,"11:16","time",0.48,-0.19,0.08,89,"Good",7
"COIN","2026-09-02","RECLAIM_CONTINUATION|PIVOT_13:51|START_14:02","RECLAIM_CONTINUATION","14:18","14:19",176.82,176.35,177.61,177.9,"14:53","stop",1.3,-1.02,-1,34,"Good",7
"COST","2026-08-31","RECLAIM_CONTINUATION|VWAP|START_10:50","RECLAIM_CONTINUATION","11:01","11:02",946.43,945.88,948,949.05,"11:23","stop",1.67,-1.13,-1,21,"Neutral",6
"CRDO","2026-09-03","RECLAIM_CONTINUATION|VWAP|START_11:14","RECLAIM_CONTINUATION","11:25","11:26",168.27,166.3,170.65,171.1,"12:12","target1",1.25,-0.26,1.21,46,"Neutral",6
"CRDO","2026-09-04","RECLAIM_CONTINUATION|PIVOT_13:51|START_13:46","RECLAIM_CONTINUATION","14:01","14:02",170.36,169.55,171.64,171.65,"15:10","stop",0.68,-1.16,-1,68,"Good",6
"CRM","2026-08-28","RECLAIM_CONTINUATION|VWAP|START_13:24","RECLAIM_CONTINUATION","13:29","13:30",259.38,259.04,259.87,260.17,"13:32","target1",1.52,0,1.42,2,"Good",6
"CRM","2026-08-28","RECLAIM_CONTINUATION|VWAP|START_15:09","RECLAIM_CONTINUATION","15:12","15:13",259.89,258.94,261.35,261.39,"15:23","stop",0.26,-1.59,-1,10,"Good",6
"CRM","2026-08-31","RECLAIM_CONTINUATION|VWAP|START_10:08","RECLAIM_CONTINUATION","10:13","10:14",258.08,257.28,259.75,260.24,"10:27","target1",2.55,-0.2,2.09,13,"Neutral",6
"CRM","2026-09-03","RECLAIM_CONTINUATION|VWAP|START_13:29","RECLAIM_CONTINUATION","13:32","13:33",265.53,264.77,266.46,266.5,"14:09","target1",1.26,-0.49,1.22,36,"Good",6
"CRWD","2026-08-28","RECLAIM_CONTINUATION|VWAP|START_12:30","RECLAIM_CONTINUATION","12:35","12:36",216.5,215.78,217.76,218.09,"12:47","target1",1.82,-0.26,1.75,11,"Neutral",6
"CSCO","2026-08-31","RECLAIM_CONTINUATION|VWAP|START_12:40","RECLAIM_CONTINUATION","12:48","12:49",110.41,110.26,110.72,110.78,"14:18","time",1.77,-0.09,1.23,89,"Good",7
"CSCO","2026-08-31","RECLAIM_CONTINUATION|PIVOT_14:05|START_14:44","RECLAIM_CONTINUATION","15:00","15:01",110.66,110.52,111.05,111.11,"15:45","target1",2.89,-0.82,2.79,44,"Good",6
"CSCO","2026-08-31","RECLAIM_CONTINUATION|PIVOT_14:54|START_15:08","RECLAIM_CONTINUATION","15:17","15:18",110.66,110.55,111.05,111.11,"15:45","target1",3.68,-0.09,3.55,27,"Neutral",6
"CSCO","2026-09-03","RECLAIM_CONTINUATION|VWAP|START_14:20","RECLAIM_CONTINUATION","14:48","14:49",108.89,108.76,109.04,109.06,"15:29","stop",0.68,-1.8,-1,40,"Good",6
"CVX","2026-08-28","RECLAIM_CONTINUATION|PIVOT_14:02|START_14:18","RECLAIM_CONTINUATION","14:25","14:26",201.62,201.34,201.84,201.86,"14:45","stop",0.75,-1.07,-1,19,"Good",6
"CVX","2026-09-01","RECLAIM_CONTINUATION|VWAP|START_11:22","RECLAIM_CONTINUATION","11:24","11:25",209.18,208.85,209.81,209.83,"11:40","stop",0.26,-1.03,-1,15,"Neutral",6
"CVX","2026-09-01","RECLAIM_CONTINUATION|VWAP|START_11:30","RECLAIM_CONTINUATION","11:34","11:35",209.09,208.84,209.35,209.38,"11:40","stop",0.2,-1,-1,5,"Good",7
"CVX","2026-09-02","RECLAIM_CONTINUATION|VWAP|START_10:10","RECLAIM_CONTINUATION","10:12","10:13",211.25,210.87,212.72,212.03,"11:42","time",2.84,-0.79,2.74,89,"Good",7
"DDOG","2026-09-02","RECLAIM_CONTINUATION|VWAP|START_10:34","RECLAIM_CONTINUATION","10:45","10:46",215.88,214.48,219.79,218.62,"10:56","stop",0.08,-1.33,-1,10,"Neutral",6
"DDOG","2026-09-02","RECLAIM_CONTINUATION|VWAP|START_10:51","RECLAIM_CONTINUATION","10:53","10:54",215.37,214.55,216.35,216.63,"10:56","stop",0.28,-1.65,-1,2,"Good",6
"DE","2026-09-01","RECLAIM_CONTINUATION|VWAP|START_13:46","RECLAIM_CONTINUATION","13:53","13:54",669.77,669.13,670.76,671.02,"13:55","target1",1.74,0,1.55,1,"Good",8
"DE","2026-09-02","RECLAIM_CONTINUATION|VWAP|START_14:05","RECLAIM_CONTINUATION","14:08","14:09",685.94,685.16,687.52,687.54,"14:15","stop",0.72,-1.81,-1,6,"Good",6
"DE","2026-09-04","RECLAIM_CONTINUATION|VWAP|START_11:34","RECLAIM_CONTINUATION","11:50","11:51",698.97,696.82,702.45,703.96,"13:08","stop",0.4,-1.12,-1,77,"Good",6
"DUK","2026-08-31","RECLAIM_CONTINUATION|VWAP|START_13:01","RECLAIM_CONTINUATION","13:10","13:11",119.92,119.7,120.26,120.52,"14:32","target1",1.59,-0.39,1.55,81,"Good",6
"DUK","2026-09-03","RECLAIM_CONTINUATION|VWAP|START_10:19","RECLAIM_CONTINUATION","10:30","10:31",121.26,121.05,121.38,121.44,"10:35","stop",0.14,-1.1,-1,4,"Good",6
"DUK","2026-09-04","RECLAIM_CONTINUATION|VWAP|START_10:53","RECLAIM_CONTINUATION","10:59","11:00",121.16,121.05,121.36,121.38,"11:17","target1",1.82,-0.27,1.82,17,"Neutral",6
"FISV","2026-08-31","RECLAIM_CONTINUATION|VWAP|START_12:23","RECLAIM_CONTINUATION","12:25","12:26",53.53,53.36,53.99,53.96,"12:37","stop",0,-1.15,-1,11,"Good",6
"FISV","2026-09-01","RECLAIM_CONTINUATION|VWAP|START_10:17","RECLAIM_CONTINUATION","10:20","10:21",52.47,52.32,52.9,52.79,"10:58","stop",2.07,-1.03,-1,37,"Good",7
"GE","2026-08-28","RECLAIM_CONTINUATION|VWAP|START_14:31","RECLAIM_CONTINUATION","14:33","14:34",343.36,343.03,343.7,343.75,"14:53","target1",1.26,-0.24,1.03,19,"Good",7
"GE","2026-09-03","RECLAIM_CONTINUATION|VWAP|START_13:16","RECLAIM_CONTINUATION","13:18","13:19",331.91,331.56,332.56,332.57,"13:48","stop",1.74,-1.1,-1,29,"Good",6
"GE","2026-09-03","RECLAIM_CONTINUATION|VWAP|START_14:22","RECLAIM_CONTINUATION","14:45","14:46",332.06,331.64,332.64,332.75,"15:01","target1",1.55,-0.55,1.38,15,"Good",6
"GE","2026-09-04","RECLAIM_CONTINUATION|VWAP|START_10:25","RECLAIM_CONTINUATION","10:28","10:29",334.38,333.67,335.16,335.24,"10:37","stop",0.08,-1.11,-1,8,"Neutral",7
"GE","2026-09-04","RECLAIM_CONTINUATION|VWAP|START_11:44","RECLAIM_CONTINUATION","11:51","11:52",333.97,333.74,334.4,334.43,"11:59","stop",0.85,-1.13,-1,7,"Good",6
"GILD","2026-09-04","RECLAIM_CONTINUATION|VWAP|START_13:33","RECLAIM_CONTINUATION","13:45","13:46",150.75,150.47,151.19,151.45,"14:58","stop",0.42,-1.1,-1,72,"Good",6
"HD","2026-08-31","RECLAIM_CONTINUATION|PIVOT_14:10|START_14:26","RECLAIM_CONTINUATION","14:28","14:29",328.39,327.87,329.11,329.25,"15:16","stop",0.83,-1.02,-1,47,"Good",6
"HD","2026-09-02","RECLAIM_CONTINUATION|VWAP|START_10:50","RECLAIM_CONTINUATION","10:53","10:54",321.04,320.49,321.72,322.17,"11:09","stop",0.95,-1.08,-1,15,"Neutral",6
"HD","2026-09-04","RECLAIM_CONTINUATION|PIVOT_12:30|START_13:06","RECLAIM_CONTINUATION","13:08","13:09",320.79,320.41,321.31,321.45,"13:27","stop",0.49,-1.05,-1,18,"Good",6
"HON","2026-09-03","RECLAIM_CONTINUATION|VWAP|START_12:02","RECLAIM_CONTINUATION","12:14","12:15",207.08,206.71,209.29,208,"13:44","time",3.57,-0.78,2.04,89,"Neutral",7
"HOOD","2026-09-01","RECLAIM_CONTINUATION|VWAP|START_09:55","RECLAIM_CONTINUATION","09:57","09:58",105.34,104.51,106.53,106.96,"10:35","target1",1.43,-0.81,1.43,37,"Neutral",6
"HOOD","2026-09-01","RECLAIM_CONTINUATION|VWAP|START_10:12","RECLAIM_CONTINUATION","10:14","10:15",105.69,104.71,106.96,107.38,"10:19","stop",0.02,-1.04,-1,4,"Good",6
"HOOD","2026-09-02","RECLAIM_CONTINUATION|PIVOT_13:56|START_14:02","RECLAIM_CONTINUATION","14:23","14:24",106.09,105.56,106.84,106.97,"15:24","target1",1.68,-0.13,1.42,60,"Good",6
"HOOD","2026-09-03","RECLAIM_CONTINUATION|PIVOT_12:31|START_12:45","RECLAIM_CONTINUATION","12:58","12:59",122.97,122.49,123.56,123.59,"13:35","target1",1.37,-0.81,1.23,36,"Good",6
"ICE","2026-09-01","RECLAIM_CONTINUATION|VWAP|START_09:53","RECLAIM_CONTINUATION","10:00","10:01",160.24,159.54,161.29,161.53,"10:52","stop",1,-1,-1,51,"Neutral",6
"ICE","2026-09-02","RECLAIM_CONTINUATION|VWAP|START_11:59","RECLAIM_CONTINUATION","12:08","12:09",158.9,158.52,159.59,159.64,"12:12","stop",0,-1.24,-1,3,"Good",7
"ICE","2026-09-03","RECLAIM_CONTINUATION|VWAP|START_11:28","RECLAIM_CONTINUATION","11:31","11:32",161.56,161.29,162.04,162.17,"11:40","stop",0.59,-1,-1,8,"Good",6
"ICE","2026-09-03","RECLAIM_CONTINUATION|VWAP|START_11:40","RECLAIM_CONTINUATION","11:42","11:43",161.58,161.26,162.04,162.17,"11:57","target1",1.45,-0.06,1.45,14,"Good",6
"INTC","2026-08-28","RECLAIM_CONTINUATION|VWAP|START_10:29","RECLAIM_CONTINUATION","10:33","10:34",92.14,91.84,93.17,93.7,"10:52","stop",2.53,-1.3,-1,18,"Good",6
"INTU","2026-09-01","RECLAIM_CONTINUATION|VWAP|START_10:08","RECLAIM_CONTINUATION","10:13","10:14",352.54,351.15,353.96,356.57,"10:18","stop",0.23,-1.11,-1,4,"Neutral",7
"INTU","2026-09-02","RECLAIM_CONTINUATION|VWAP|START_09:49","RECLAIM_CONTINUATION","10:03","10:04",346.2,344.3,348.4,349.72,"10:09","stop",0.11,-1.53,-1,5,"Weak",6
"ISRG","2026-08-31","RECLAIM_CONTINUATION|VWAP|START_09:57","RECLAIM_CONTINUATION","09:59","10:00",368.32,367.8,369.28,370.29,"10:00","stop",0,-1.38,-1,0,"Neutral",6
"JNJ","2026-09-01","RECLAIM_CONTINUATION|PIVOT_14:02|START_14:27","RECLAIM_CONTINUATION","14:34","14:35",270.25,269.83,270.62,271.84,"15:04","target1",0.94,-0.39,0.9,29,"Neutral",6
"JNJ","2026-09-04","RECLAIM_CONTINUATION|PIVOT_11:31|START_11:41","RECLAIM_CONTINUATION","12:00","12:01",276.55,276.21,277.65,277.8,"12:50","stop",0.6,-1.32,-1,49,"Good",6
"JPM","2026-09-01","RECLAIM_CONTINUATION|VWAP|START_09:56","RECLAIM_CONTINUATION","10:00","10:01",356.75,355.78,358.44,358.86,"10:16","target1",1.92,-0.46,1.74,15,"Good",7
"JPM","2026-09-01","RECLAIM_CONTINUATION|VWAP|START_12:00","RECLAIM_CONTINUATION","12:10","12:11",358.18,357.31,359.93,359.67,"12:20","stop",0.22,-1.16,-1,9,"Good",6
"KLAC","2026-09-02","RECLAIM_CONTINUATION|PIVOT_11:12|START_11:25","RECLAIM_CONTINUATION","11:36","11:37",171.15,170.51,172.16,172.58,"13:06","time",1.56,-0.5,1.19,89,"Good",6
"KLAC","2026-09-03","RECLAIM_CONTINUATION|VWAP|START_10:33","RECLAIM_CONTINUATION","10:47","10:48",169.18,168.43,170.02,170.53,"10:54","target1",1.14,-0.13,1.12,6,"Neutral",6
"KLAC","2026-09-03","RECLAIM_CONTINUATION|PIVOT_15:12|START_15:19","RECLAIM_CONTINUATION","15:34","15:35",172.06,171.84,172.41,172.49,"15:44","target1",2.2,0,1.53,9,"Good",7
"KLAC","2026-09-04","RECLAIM_CONTINUATION|PIVOT_14:14|START_14:42","RECLAIM_CONTINUATION","14:44","14:45",185.34,185.05,185.75,185.8,"14:51","stop",0.28,-1.67,-1,6,"Good",6
"KLAC","2026-09-04","RECLAIM_CONTINUATION|VWAP|START_15:29","RECLAIM_CONTINUATION","15:32","15:33",185.05,184.34,186.12,186.28,"15:52","target1",1.54,-0.13,1.51,19,"Good",6
"KO","2026-08-31","RECLAIM_CONTINUATION|VWAP|START_11:28","RECLAIM_CONTINUATION","11:33","11:34",89.26,89.17,89.38,89.39,"11:42","stop",0.44,-1.06,-1,8,"Neutral",6
"KO","2026-09-02","RECLAIM_CONTINUATION|VWAP|START_10:24","RECLAIM_CONTINUATION","10:26","10:27",88.03,87.92,88.18,88.35,"10:33","stop",0.18,-1.27,-1,6,"Neutral",6
"LIN","2026-08-31","RECLAIM_CONTINUATION|VWAP|START_09:55","RECLAIM_CONTINUATION","09:58","09:59",491.05,490.41,492.37,492.65,"10:25","stop",1.39,-1.06,-1,26,"Neutral",6
"LLY","2026-09-04","RECLAIM_CONTINUATION|VWAP|START_12:16","RECLAIM_CONTINUATION","12:18","12:19",1146.87,1145.6,1151,1158.44,"12:24","stop",0.23,-1.28,-1,5,"Good",7
"LMT","2026-08-31","RECLAIM_CONTINUATION|PIVOT_12:51|START_13:06","RECLAIM_CONTINUATION","13:08","13:09",561.68,560.64,563.46,563.73,"14:38","time",0.89,-0.42,0.09,89,"Neutral",7
"LOW","2026-09-02","RECLAIM_CONTINUATION|VWAP|START_12:26","RECLAIM_CONTINUATION","12:35","12:36",201.4,201.21,201.58,201.6,"12:45","target1",1.32,-0.16,0.95,9,"Good",6
"LOW","2026-09-03","RECLAIM_CONTINUATION|PIVOT_13:59|START_14:06","RECLAIM_CONTINUATION","14:28","14:29",202.57,202.09,203.37,203.67,"15:55","stop",1.44,-1.4,-1,86,"Neutral",6
"LOW","2026-09-04","RECLAIM_CONTINUATION|VWAP|START_11:03","RECLAIM_CONTINUATION","11:08","11:09",201.91,201.74,202.22,202.26,"11:18","target1",2.12,-0.29,1.82,9,"Good",6
"LOW","2026-09-04","RECLAIM_CONTINUATION|VWAP|START_11:28","RECLAIM_CONTINUATION","11:33","11:34",202.08,201.85,202.54,202.6,"12:11","target1",2.22,-0.43,2,37,"Good",6
"LRCX","2026-08-31","RECLAIM_CONTINUATION|VWAP|START_11:20","RECLAIM_CONTINUATION","11:28","11:29",301.28,300.62,302.3,302.6,"11:30","stop",0.14,-1.35,-1,1,"Neutral",6
"LRCX","2026-09-04","RECLAIM_CONTINUATION|VWAP|START_15:34","RECLAIM_CONTINUATION","15:43","15:44",305.25,304.41,307.67,309.95,"15:56","target1",3.36,-0.07,2.86,12,"Neutral",6
"MA","2026-09-02","RECLAIM_CONTINUATION|VWAP|START_13:15","RECLAIM_CONTINUATION","13:17","13:18",588.64,587.77,589.46,589.51,"13:30","stop",0.05,-1.17,-1,12,"Good",6
"MA","2026-09-02","RECLAIM_CONTINUATION|PIVOT_13:15|START_13:41","RECLAIM_CONTINUATION","13:45","13:46",588.21,587.74,588.96,588.98,"13:57","target1",2,-0.6,1.6,11,"Good",6
"MCD","2026-08-28","RECLAIM_CONTINUATION|VWAP|START_13:59","RECLAIM_CONTINUATION","14:15","14:16",263.71,263.17,264.71,264.98,"15:41","target1",1.91,-0.16,1.85,85,"Good",7
"MCD","2026-08-31","RECLAIM_CONTINUATION|VWAP|START_09:49","RECLAIM_CONTINUATION","09:53","09:54",264.36,264,265.14,265.26,"10:32","stop",1.78,-1.33,-1,38,"Neutral",6
"MCD","2026-08-31","RECLAIM_CONTINUATION|PIVOT_12:38|START_13:06","RECLAIM_CONTINUATION","13:33","13:34",265.25,265.02,265.5,265.51,"13:39","target1",1.22,-0.15,1.09,5,"Good",6
"MCD","2026-09-01","RECLAIM_CONTINUATION|VWAP|START_10:16","RECLAIM_CONTINUATION","10:18","10:19",262.21,261.78,263.42,263.29,"10:27","target1",3.26,-0.4,2.81,8,"Good",7
"MCD","2026-09-04","RECLAIM_CONTINUATION|VWAP|START_12:50","RECLAIM_CONTINUATION","12:52","12:53",256.77,256.65,256.87,256.93,"12:54","target1",0.76,-0.12,0.76,1,"Neutral",6
"MDLZ","2026-08-28","RECLAIM_CONTINUATION|VWAP|START_11:17","RECLAIM_CONTINUATION","11:20","11:21",62.53,62.43,62.7,62.77,"11:31","stop",0.3,-1,-1,10,"Good",7
"MDLZ","2026-08-28","RECLAIM_CONTINUATION|VWAP|START_11:25","RECLAIM_CONTINUATION","11:28","11:29",62.52,62.43,62.7,62.77,"11:31","stop",0,-1,-1,2,"Good",7
"MDLZ","2026-08-28","RECLAIM_CONTINUATION|PIVOT_11:16|START_11:40","RECLAIM_CONTINUATION","11:44","11:45",62.51,62.42,62.7,62.77,"12:24","stop",2,-1.11,-1,39,"Neutral",6
"MDLZ","2026-08-31","RECLAIM_CONTINUATION|VWAP|START_10:44","RECLAIM_CONTINUATION","10:48","10:49",62.2,62.1,62.31,62.45,"11:02","target1",2,-0.15,1.1,13,"Good",7
"MDLZ","2026-08-31","RECLAIM_CONTINUATION|VWAP|START_15:02","RECLAIM_CONTINUATION","15:05","15:06",62.2,62.17,62.26,62.28,"15:11","stop",0.57,-1,-1,5,"Good",6
"MDLZ","2026-09-02","RECLAIM_CONTINUATION|PIVOT_11:49|START_12:01","RECLAIM_CONTINUATION","12:10","12:11",62.45,62.33,62.62,62.64,"12:40","stop",0.87,-1.09,-1,29,"Good",6
"MDLZ","2026-09-03","RECLAIM_CONTINUATION|VWAP|START_12:33","RECLAIM_CONTINUATION","12:42","12:43",61.44,61.33,62.3,61.65,"13:16","stop",0.68,-1,-1,33,"Neutral",8
"MDT","2026-09-03","RECLAIM_CONTINUATION|PIVOT_12:35|START_12:45","RECLAIM_CONTINUATION","13:00","13:01",92.57,92.49,93.72,92.78,"14:30","stop",3.5,-1,-1,89,"Good",6
"META","2026-08-28","RECLAIM_CONTINUATION|VWAP|START_10:18","RECLAIM_CONTINUATION","10:20","10:21",579.99,578.49,583.5,584.17,"10:25","stop",0.81,-1.77,-1,4,"Good",6
"MRK","2026-09-01","RECLAIM_CONTINUATION|VWAP|START_15:11","RECLAIM_CONTINUATION","15:13","15:14",149.93,149.5,151.27,151.68,"15:55","stop",0.34,-1.12,-1,41,"Neutral",6
"MRSH","2026-08-31","RECLAIM_CONTINUATION|VWAP|START_13:35","RECLAIM_CONTINUATION","13:43","13:44",190.89,190.61,191.92,192.66,"14:05","stop",0.3,-1.43,-1,21,"Neutral",7
"MRSH","2026-08-31","RECLAIM_CONTINUATION|VWAP|START_14:26","RECLAIM_CONTINUATION","14:34","14:35",190.78,190.64,191.01,191.02,"14:46","stop",0.5,-2.14,-1,11,"Good",7
"MRVL","2026-09-01","RECLAIM_CONTINUATION|PIVOT_11:43|START_11:58","RECLAIM_CONTINUATION","12:00","12:01",208.87,208.22,209.96,210.5,"12:14","target1",1.78,-0.09,1.68,13,"Good",6
"MS","2026-09-03","RECLAIM_CONTINUATION|VWAP|START_10:17","RECLAIM_CONTINUATION","10:19","10:20",215.94,215.28,216.75,217.6,"10:31","stop",0.35,-1.11,-1,11,"Good",6
"MS","2026-09-03","RECLAIM_CONTINUATION|VWAP|START_14:33","RECLAIM_CONTINUATION","14:42","14:43",216.44,216.3,216.61,216.65,"14:53","stop",0.55,-1.15,-1,10,"Good",8
"MU","2026-08-28","RECLAIM_CONTINUATION|VWAP|START_15:48","RECLAIM_CONTINUATION","15:55","15:56",934.65,928.38,941.66,942.4,"15:59","close",0.17,-0.53,-0.32,3,"Good",7
"MU","2026-09-02","RECLAIM_CONTINUATION|VWAP|START_12:53","RECLAIM_CONTINUATION","13:12","13:13",943.89,940.69,949.34,950.36,"13:46","target1",1.81,-0.09,1.7,33,"Neutral",6
"MU","2026-09-02","RECLAIM_CONTINUATION|VWAP|START_13:10","RECLAIM_CONTINUATION","13:21","13:22",946.12,941.82,957.49,954.8,"14:51","time",1.75,-0.93,1.49,89,"Strong",6
"MU","2026-09-04","RECLAIM_CONTINUATION|PIVOT_11:27|START_11:48","RECLAIM_CONTINUATION","12:04","12:05",998.58,996.18,1003.48,1003.57,"12:24","target1",2.22,-0.36,2.04,19,"Good",7
"NEE","2026-08-31","RECLAIM_CONTINUATION|PIVOT_13:54|START_14:11","RECLAIM_CONTINUATION","14:14","14:15",82.28,82.2,82.41,82.49,"14:39","target1",1.82,-0.53,1.47,24,"Good",8
"NEE","2026-09-01","RECLAIM_CONTINUATION|VWAP|START_09:57","RECLAIM_CONTINUATION","10:07","10:08",82.72,82.47,83.11,83.32,"10:10","stop",0.12,-1,-1,2,"Neutral",6
"NEE","2026-09-01","RECLAIM_CONTINUATION|PIVOT_13:43|START_14:07","RECLAIM_CONTINUATION","14:15","14:16",82.72,82.49,83.11,83.21,"14:28","stop",0.62,-1.04,-1,12,"Good",8
"NFLX","2026-09-01","RECLAIM_CONTINUATION|VWAP|START_11:46","RECLAIM_CONTINUATION","11:49","11:50",81.06,80.94,81.82,82.13,"12:08","stop",0.65,-1.22,-1,18,"Good",8
"NFLX","2026-09-02","RECLAIM_CONTINUATION|VWAP|START_13:39","RECLAIM_CONTINUATION","13:46","13:47",82.25,82.14,82.39,82.49,"13:57","target1",1.5,-0.18,1.27,10,"Strong",8
"NOW","2026-08-31","RECLAIM_CONTINUATION|VWAP|START_09:35","RECLAIM_CONTINUATION","09:49","09:50",147.07,143.83,153.16,156.27,"11:19","time",0.03,-0.84,-0.08,89,"Good",7
"NOW","2026-08-31","RECLAIM_CONTINUATION|VWAP|START_10:35","RECLAIM_CONTINUATION","10:43","10:44",145.56,145,147.19,146.95,"11:22","target1",3.02,-0.55,2.91,38,"Strong",8
"NOW","2026-09-01","RECLAIM_CONTINUATION|VWAP|START_09:41","RECLAIM_CONTINUATION","09:45","09:46",146.92,144.9,149.71,151.31,"09:51","stop",0,-1.17,-1,5,"Good",7
"NOW","2026-09-01","RECLAIM_CONTINUATION|VWAP|START_10:38","RECLAIM_CONTINUATION","10:41","10:42",145.56,145.15,146.96,146.58,"10:50","stop",0.75,-1.49,-1,8,"Good",7
"NOW","2026-09-02","RECLAIM_CONTINUATION|VWAP|START_09:51","RECLAIM_CONTINUATION","09:55","09:56",141.25,140.2,142.6,143.22,"10:03","stop",0.1,-1.19,-1,7,"Neutral",6
"NOW","2026-09-04","RECLAIM_CONTINUATION|PIVOT_14:18|START_14:42","RECLAIM_CONTINUATION","14:45","14:46",141.99,141.8,145.26,142.48,"15:11","stop",0.79,-1,-1,25,"Neutral",7
"ORCL","2026-08-31","RECLAIM_CONTINUATION|VWAP|START_10:50","RECLAIM_CONTINUATION","10:52","10:53",149.23,148.58,150.14,150.28,"11:07","target1",1.43,-0.15,1.4,14,"Neutral",6
"ORCL","2026-09-02","RECLAIM_CONTINUATION|PIVOT_10:12|START_10:31","RECLAIM_CONTINUATION","10:35","10:36",144.96,144.44,145.6,146.05,"10:43","target1",1.37,-0.6,1.23,7,"Good",6
"PANW","2026-08-28","RECLAIM_CONTINUATION|PIVOT_14:55|START_15:05","RECLAIM_CONTINUATION","15:16","15:17",370.71,369.66,372.23,372.92,"15:29","stop",0.28,-1.17,-1,12,"Good",7
"PANW","2026-08-31","RECLAIM_CONTINUATION|VWAP|START_13:35","RECLAIM_CONTINUATION","13:38","13:39",377.53,376.95,378.42,378.47,"13:45","target1",2.31,-0.59,1.53,6,"Neutral",6
"PANW","2026-09-04","RECLAIM_CONTINUATION|VWAP|START_13:59","RECLAIM_CONTINUATION","14:07","14:08",333.42,332.54,334.15,334.92,"14:34","target1",1.16,-0.12,0.84,26,"Good",6
"PEP","2026-08-28","RECLAIM_CONTINUATION|VWAP|START_11:44","RECLAIM_CONTINUATION","11:47","11:48",140.78,140.58,141.07,141.17,"11:57","target1",1.62,-0.38,1.51,9,"Good",6
"PEP","2026-08-31","RECLAIM_CONTINUATION|VWAP|START_14:57","RECLAIM_CONTINUATION","15:05","15:06",140.19,140.11,140.32,140.38,"15:11","stop",0.65,-1,-1,5,"Neutral",6
"PEP","2026-09-04","RECLAIM_CONTINUATION|VWAP|START_09:38","RECLAIM_CONTINUATION","09:56","09:57",138.37,137.7,139.41,139.98,"10:09","target1",1.63,-0.21,1.55,12,"Good",7
"PG","2026-08-31","RECLAIM_CONTINUATION|PIVOT_14:57|START_15:18","RECLAIM_CONTINUATION","15:22","15:23",145.33,145.17,145.53,145.62,"15:35","target1",1.31,-0.81,1.25,12,"Good",8
"PG","2026-09-03","RECLAIM_CONTINUATION|PIVOT_15:08|START_15:24","RECLAIM_CONTINUATION","15:27","15:28",147.34,147.28,147.46,147.47,"15:28","stop",0,-1.42,-1,0,"Good",7
"PGR","2026-08-31","RECLAIM_CONTINUATION|VWAP|START_13:18","RECLAIM_CONTINUATION","13:21","13:22",218.47,218.19,218.86,218.9,"14:13","target1",1.5,-0.61,1.39,51,"Good",8
"PGR","2026-09-01","RECLAIM_CONTINUATION|VWAP|START_10:19","RECLAIM_CONTINUATION","10:24","10:25",219.22,218.9,220.72,219.84,"11:54","time",3.58,0,1.51,89,"Neutral",7
"PGR","2026-09-03","RECLAIM_CONTINUATION|VWAP|START_11:24","RECLAIM_CONTINUATION","11:27","11:28",223.99,223.85,224.38,224.52,"11:47","target1",3.21,-0.57,2.79,19,"Good",6
"PGR","2026-09-03","RECLAIM_CONTINUATION|PIVOT_12:28|START_12:50","RECLAIM_CONTINUATION","12:52","12:53",224.5,224.44,224.57,224.6,"12:58","stop",0.82,-1.55,-1,5,"Good",8
"PGR","2026-09-03","RECLAIM_CONTINUATION|VWAP|START_15:35","RECLAIM_CONTINUATION","15:39","15:40",224.28,223.91,224.67,224.81,"15:57","stop",0.77,-1.04,-1,17,"Good",6
"PLD","2026-09-03","RECLAIM_CONTINUATION|PIVOT_13:58|START_14:28","RECLAIM_CONTINUATION","14:35","14:36",137.78,137.68,137.91,137.93,"14:36","target1",1.43,0,1.19,0,"Good",7
"PLD","2026-09-04","RECLAIM_CONTINUATION|VWAP|START_12:27","RECLAIM_CONTINUATION","12:29","12:30",138.13,138.06,138.24,138.27,"12:39","stop",1,-1.29,-1,9,"Good",6
"PLTR","2026-09-01","RECLAIM_CONTINUATION|VWAP|START_11:35","RECLAIM_CONTINUATION","11:43","11:44",184.39,183.83,185.55,186.2,"11:46","stop",0.38,-1.06,-1,2,"Good",7
"PM","2026-09-01","RECLAIM_CONTINUATION|VWAP|START_10:39","RECLAIM_CONTINUATION","10:42","10:43",190.87,190.56,191.36,192.37,"10:47","stop",0,-1,-1,4,"Good",7
"PM","2026-09-01","RECLAIM_CONTINUATION|VWAP|START_11:02","RECLAIM_CONTINUATION","11:07","11:08",191.13,190.55,192.37,192.44,"11:17","stop",0.16,-1.02,-1,9,"Good",6
"QCOM","2026-08-31","RECLAIM_CONTINUATION|VWAP|START_12:41","RECLAIM_CONTINUATION","12:43","12:44",168.5,168.23,168.85,169,"13:02","stop",0.92,-1.09,-1,18,"Good",7
"QCOM","2026-08-31","RECLAIM_CONTINUATION|VWAP|START_12:48","RECLAIM_CONTINUATION","12:51","12:52",168.58,168.2,169.27,169.29,"13:36","target1",2.03,-0.99,1.82,44,"Good",6
"QCOM","2026-09-02","RECLAIM_CONTINUATION|PIVOT_14:29|START_14:53","RECLAIM_CONTINUATION","15:04","15:05",169.83,169.47,170.44,170.56,"15:16","stop",0.75,-1.06,-1,11,"Good",6
"RBLX","2026-08-31","RECLAIM_CONTINUATION|VWAP|START_10:46","RECLAIM_CONTINUATION","10:48","10:49",40.48,40.17,41.58,41.18,"10:54","stop",0.25,-1.03,-1,5,"Good",6
"RBLX","2026-08-31","RECLAIM_CONTINUATION|VWAP|START_11:08","RECLAIM_CONTINUATION","11:10","11:11",40.52,40.24,41.58,40.9,"11:14","stop",0.3,-1.09,-1,3,"Good",6
"RBLX","2026-08-31","RECLAIM_CONTINUATION|VWAP|START_11:17","RECLAIM_CONTINUATION","11:23","11:24",40.55,40.26,41.58,41.1,"12:53","time",1.21,-0.68,-0.41,89,"Good",6
"RBLX","2026-09-01","RECLAIM_CONTINUATION|VWAP|START_10:27","RECLAIM_CONTINUATION","10:30","10:31",40.15,39.82,40.9,40.88,"11:38","target1",2.32,-0.02,2.32,67,"Neutral",6
"SCHW","2026-08-31","RECLAIM_CONTINUATION|PIVOT_13:31|START_13:52","RECLAIM_CONTINUATION","14:03","14:04",110.06,109.92,110.15,110.24,"14:14","target1",0.64,-0.36,0.64,10,"Good",6
"SCHW","2026-09-01","RECLAIM_CONTINUATION|VWAP|START_09:58","RECLAIM_CONTINUATION","10:01","10:02",109.2,109.03,109.72,109.59,"10:22","target1",3.06,-0.59,3.06,20,"Good",7
"SCHW","2026-09-04","RECLAIM_CONTINUATION|VWAP|START_10:48","RECLAIM_CONTINUATION","10:51","10:52",109.17,108.99,109.49,109.61,"11:17","stop",1.28,-1.04,-1,25,"Good",7
"SMCI","2026-08-31","RECLAIM_CONTINUATION|VWAP|START_15:42","RECLAIM_CONTINUATION","15:46","15:47",37.33,37.09,37.59,37.78,"15:59","close",0.49,-0.47,-0.19,12,"Good",7
"SMCI","2026-09-01","RECLAIM_CONTINUATION|VWAP|START_10:40","RECLAIM_CONTINUATION","10:43","10:44",36.27,36.03,36.6,36.73,"11:21","target1",1.37,-0.42,1.37,37,"Neutral",6
"SMCI","2026-09-01","RECLAIM_CONTINUATION|PIVOT_13:19|START_13:26","RECLAIM_CONTINUATION","13:40","13:41",36.46,36.37,36.59,36.61,"13:54","stop",0.39,-1,-1,13,"Good",6
"SNOW","2026-08-31","RECLAIM_CONTINUATION|VWAP|START_11:39","RECLAIM_CONTINUATION","11:48","11:49",326.88,325.6,329.12,332.65,"12:05","stop",0.25,-1.06,-1,16,"Neutral",7
"SO","2026-08-28","RECLAIM_CONTINUATION|VWAP|START_09:51","RECLAIM_CONTINUATION","09:53","09:54",89.14,89.01,89.57,89.45,"09:55","stop",0.08,-1,-1,1,"Neutral",6
"T","2026-08-31","RECLAIM_CONTINUATION|VWAP|START_10:35","RECLAIM_CONTINUATION","10:47","10:48",26.04,25.97,26.15,26.17,"11:47","target1",2,-0.14,1.57,59,"Neutral",7
"TJX","2026-08-28","RECLAIM_CONTINUATION|PIVOT_10:15|START_11:01","RECLAIM_CONTINUATION","11:09","11:10",134.72,134.37,135.56,135.31,"11:19","stop",0.09,-1.2,-1,9,"Good",6
"TJX","2026-08-28","RECLAIM_CONTINUATION|VWAP|START_14:18","RECLAIM_CONTINUATION","14:29","14:30",134.57,134.38,134.81,134.82,"14:37","target1",1.41,-0.28,1.21,7,"Good",6
"TJX","2026-09-02","RECLAIM_CONTINUATION|VWAP|START_12:58","RECLAIM_CONTINUATION","13:09","13:10",132.23,132.05,132.55,132.57,"13:21","stop",0.06,-1.17,-1,11,"Good",6
"TMUS","2026-08-31","RECLAIM_CONTINUATION|VWAP|START_10:12","RECLAIM_CONTINUATION","10:22","10:23",181.39,181.04,181.94,182.15,"10:27","stop",0,-1.11,-1,4,"Good",6
"TMUS","2026-09-01","RECLAIM_CONTINUATION|VWAP|START_11:31","RECLAIM_CONTINUATION","11:41","11:42",182.04,181.76,182.21,182.25,"11:44","target1",1.27,-0.11,0.61,2,"Good",7
"TMUS","2026-09-01","RECLAIM_CONTINUATION|VWAP|START_14:52","RECLAIM_CONTINUATION","14:55","14:56",182.44,181.95,182.97,182.99,"15:59","close",0.88,-0.94,-0.69,63,"Good",6
"TMUS","2026-09-03","RECLAIM_CONTINUATION|VWAP|START_15:32","RECLAIM_CONTINUATION","15:34","15:35",188.87,188.71,189.04,189.05,"15:41","stop",0.69,-1.5,-1,6,"Good",6
"TSLA","2026-08-27","RECLAIM_CONTINUATION|VWAP|START_09:38","RECLAIM_CONTINUATION","10:07","10:08",351.18,345.79,360.7,365.67,"11:37","time",0.7,-0.19,0.13,89,"Good",6
"TSM","2026-08-31","RECLAIM_CONTINUATION|PIVOT_10:15|START_10:25","RECLAIM_CONTINUATION","10:27","10:28",421.26,420.45,422.82,422.9,"10:31","stop",0.33,-1.58,-1,3,"Good",6
"TSM","2026-09-03","RECLAIM_CONTINUATION|VWAP|START_11:16","RECLAIM_CONTINUATION","11:19","11:20",410.3,409.47,411.32,413.29,"11:26","target1",2.02,-0.34,1.23,6,"Good",7
"TXN","2026-09-02","RECLAIM_CONTINUATION|VWAP|START_15:01","RECLAIM_CONTINUATION","15:05","15:06",255.38,255.14,255.81,255.98,"15:10","stop",0.42,-1.48,-1,4,"Good",7
"TXN","2026-09-03","RECLAIM_CONTINUATION|PIVOT_14:57|START_15:13","RECLAIM_CONTINUATION","15:40","15:41",252.86,252.51,253.44,253.54,"15:51","target1",1.74,-0.31,1.66,10,"Good",6
"TXN","2026-09-04","RECLAIM_CONTINUATION|VWAP|START_11:10","RECLAIM_CONTINUATION","11:12","11:13",259.51,258.63,261.02,261.67,"11:23","stop",0.37,-1.35,-1,10,"Good",6
"UBER","2026-09-01","RECLAIM_CONTINUATION|PIVOT_12:48|START_13:09","RECLAIM_CONTINUATION","13:11","13:12",75.54,75.4,76.11,75.89,"13:25","stop",0.5,-1.18,-1,13,"Good",8
"UBER","2026-09-02","RECLAIM_CONTINUATION|PIVOT_12:55|START_13:12","RECLAIM_CONTINUATION","13:14","13:15",76.89,76.73,77.19,77.24,"13:40","stop",0.52,-1.06,-1,25,"Good",6
"UNH","2026-09-03","RECLAIM_CONTINUATION|VWAP|START_09:52","RECLAIM_CONTINUATION","10:04","10:05",398.91,397.92,400.82,401.38,"10:05","stop",0.16,-1.89,-1,0,"Neutral",6
"UNP","2026-09-03","RECLAIM_CONTINUATION|PIVOT_13:06|START_13:19","RECLAIM_CONTINUATION","13:40","13:41",291.3,291.1,291.79,291.92,"13:48","stop",0.9,-1.36,-1,7,"Good",6
"V","2026-08-28","RECLAIM_CONTINUATION|PIVOT_14:41|START_15:06","RECLAIM_CONTINUATION","15:08","15:09",382.04,381.83,382.35,382.6,"15:14","target1",1.52,-0.24,1.48,5,"Good",6
"V","2026-09-01","RECLAIM_CONTINUATION|VWAP|START_10:05","RECLAIM_CONTINUATION","10:10","10:11",379.21,378.61,380.07,380.31,"10:14","target1",1.85,-0.07,1.43,3,"Neutral",6
"VRTX","2026-09-03","RECLAIM_CONTINUATION|VWAP|START_15:33","RECLAIM_CONTINUATION","15:36","15:37",557.35,556.98,557.8,558.27,"15:48","target1",1.73,-0.92,1.22,11,"Good",7
"VZ","2026-08-28","RECLAIM_CONTINUATION|VWAP|START_10:49","RECLAIM_CONTINUATION","10:53","10:54",50.04,49.96,50.2,50.17,"10:57","stop",0.19,-1,-1,3,"Good",6
"VZ","2026-09-03","RECLAIM_CONTINUATION|VWAP|START_12:12","RECLAIM_CONTINUATION","12:21","12:22",50.43,50.36,50.76,50.54,"12:52","target1",4.93,-0.43,4.71,30,"Good",6
"WFC","2026-08-28","RECLAIM_CONTINUATION|PIVOT_11:11|START_11:43","RECLAIM_CONTINUATION","12:00","12:01",86.22,86.08,86.45,86.56,"12:24","stop",0.71,-1,-1,23,"Good",6
"WFC","2026-08-31","RECLAIM_CONTINUATION|PIVOT_14:41|START_15:21","RECLAIM_CONTINUATION","15:23","15:24",86.81,86.69,87,87.02,"15:45","stop",0.88,-1.16,-1,21,"Neutral",6
"WMT","2026-08-28","RECLAIM_CONTINUATION|VWAP|START_15:47","RECLAIM_CONTINUATION","15:57","15:58",103.1,102.94,103.12,103.15,"15:59","target1",0.13,-0.37,0.13,1,"Neutral",6
"WMT","2026-08-31","RECLAIM_CONTINUATION|PIVOT_10:34|START_10:50","RECLAIM_CONTINUATION","11:16","11:17",104.46,104.27,104.64,104.76,"11:27","stop",0.32,-1.05,-1,10,"Good",7
"WMT","2026-09-01","RECLAIM_CONTINUATION|VWAP|START_15:04","RECLAIM_CONTINUATION","15:09","15:10",106.13,105.93,106.38,106.42,"15:15","stop",0.2,-1.4,-1,5,"Good",7
"WMT","2026-09-03","RECLAIM_CONTINUATION|PIVOT_13:24|START_13:55","RECLAIM_CONTINUATION","14:00","14:01",109.03,108.84,109.32,109.35,"14:05","stop",0.05,-1.26,-1,4,"Good",6
"XOM","2026-09-01","RECLAIM_CONTINUATION|VWAP|START_12:32","RECLAIM_CONTINUATION","12:34","12:35",163.26,163.14,163.46,163.55,"12:40","stop",0.33,-1.75,-1,5,"Good",7