symbol,date,set,time,price,upPct,maxAdversePct,state,score,trend,quality,classification,why
"AMD","2026-08-28","DEV","09:30",470.905,1.21,0.23,"AVOID",0,"","","NO VALID ENTRY","פחות מ-15 נרות — אין מבנה"
"AMD","2026-08-28","DEV","10:13",472.23,1.19,0.06,"AVOID",0,"DOWN","Weak","NO VALID ENTRY","מבנה יורד עם שפל חדש. נדרש: שפל שנכשל, החזרת 474.90 והחזקה מעליו"
"AMD","2026-08-28","DEV","10:44",476.36,0.5,0.25,"ARMED",7,"UP","Good","AMBIGUOUS","בסיס מבני: שפל מוגן 474.50 (10:29) מול התנגדות 477.84 (10:35), 100% מהנרות החזיקו מעל השפל"
"AMD","2026-08-28","DEV","12:00",467.17,0.55,0.36,"AVOID",0,"DOWN","Weak","NO VALID ENTRY","מבנה יורד עם שפל חדש. נדרש: שפל שנכשל, החזרת 469.35 והחזקה מעליו"
"AMD","2026-08-28","DEV","12:31",468.38,0.85,0.31,"AVOID",0,"DOWN","Weak","NO VALID ENTRY","מבנה יורד עם שפל חדש. נדרש: שפל שנכשל, החזרת 469.16 והחזקה מעליו"
"AMD","2026-08-28","DEV","13:21",470.655,0.59,0.07,"ARMED",4,"RANGE","Neutral","AMBIGUOUS","היפוך: שפל חדש נכשל ב-467.46, LH 469.10 (12:37) הוחזר ומחזיק 20 נרות, ממתין לשפל גבוה יותר"
"AMD","2026-08-28","DEV","15:06",467.55,0.52,-0.01,"AVOID",0,"DOWN","Avoid","NO VALID ENTRY","מבנה יורד עם שפל חדש. נדרש: שפל שנכשל, החזרת 469.85 והחזקה מעליו"
"AMD","2026-08-31","DEV","09:38",466.825,1.52,0.09,"AVOID",0,"","","NO VALID ENTRY","פחות מ-15 נרות — אין מבנה"
"AMD","2026-08-31","DEV","10:11",468.635,0.53,0.3,"WATCH",0,"RANGE","Avoid","REAL MISSED SETUP","טווח ללא כיוון"
"AMD","2026-08-31","DEV","12:00",465.57,0.52,0.08,"AVOID",0,"DOWN","Avoid","NO VALID ENTRY","מבנה יורד עם שפל חדש. נדרש: שפל שנכשל, החזרת 466.77 והחזקה מעליו"
"AMD","2026-08-31","DEV","15:20",468.08,0.68,0.01,"ARMED",4,"RANGE","Neutral","AMBIGUOUS","מבנה עולה, שפל גבוה יותר ב-467.14, פריצת השיא הקודם"
"AMD","2026-09-01","DEV","09:38",454.24,1.19,0.24,"AVOID",0,"","","NO VALID ENTRY","פחות מ-15 נרות — אין מבנה"
"AMD","2026-09-01","DEV","10:24",454.07,0.91,0.39,"AVOID",0,"DOWN","Avoid","NO VALID ENTRY","מבנה יורד עם שפל חדש. נדרש: שפל שנכשל, החזרת 458.48 והחזקה מעליו"
"AMD","2026-09-01","DEV","11:42",458.83,0.58,0.04,"SETUP",6,"UP","Good","AMBIGUOUS","מבנה עולה, שפל גבוה יותר ב-458.45, פריצת השיא הקודם"
"AMD","2026-09-01","DEV","12:26",456.41,0.57,0.27,"WATCH",0,"RANGE","Neutral","REAL MISSED SETUP","טווח ללא כיוון"
"AMD","2026-09-01","DEV","14:33",455.14,0.52,0.3,"ARMED",4,"UP","Neutral","AMBIGUOUS","מבנה עולה, שפל גבוה יותר ב-454.59, פריצת השיא הקודם"
"AMD","2026-09-01","DEV","15:04",457.615,0.61,0.06,"ARMED",5,"RANGE","Good","AMBIGUOUS","VWAP 456.84 אבד ב-15:02, הוחזר ומחזיק 2 נרות; מבנה RANGE"
"AMD","2026-09-02","BLIND","09:53",454.15,1.47,0.39,"AVOID",0,"DOWN","Avoid","NO VALID ENTRY","מבנה יורד. נדרש: שפל שנכשל, החזרת 461.60 והחזקה מעליו"
"AMD","2026-09-02","BLIND","10:59",456.465,0.62,0.34,"WATCH",0,"RANGE","Weak","REAL MISSED SETUP","טווח ללא כיוון"
"AMD","2026-09-03","BLIND","09:36",442.86,1.6,0.04,"AVOID",0,"","","NO VALID ENTRY","פחות מ-15 נרות — אין מבנה"
"AMD","2026-09-03","BLIND","10:07",445.3,1.7,0.22,"WATCH",0,"UP","Weak","REAL MISSED SETUP","אין מבנה כניסה"
"AMD","2026-09-03","BLIND","10:38",451.03,1.14,0.34,"AVOID",0,"DOWN","Neutral","NO VALID ENTRY","מבנה יורד עם שפל חדש. נדרש: שפל שנכשל, החזרת 452.03 והחזקה מעליו"
"AMD","2026-09-03","BLIND","12:35",457.1,0.55,0,"WATCH",0,"RANGE","Good","REAL MISSED SETUP","טווח ללא כיוון"
"AMD","2026-09-04","DEV","09:30",458.605,2.7,0.13,"AVOID",0,"","","NO VALID ENTRY","פחות מ-15 נרות — אין מבנה"
"AMD","2026-09-04","DEV","10:23",468.19,0.54,0.38,"WATCH",0,"UP","Good","REAL MISSED SETUP","אין מבנה כניסה"
"AMD","2026-09-04","DEV","10:54",470.41,0.57,0.21,"ARMED",5,"RANGE","Good","AMBIGUOUS","VWAP 467.66 אבד ב-10:49, הוחזר ומחזיק 2 נרות; מבנה RANGE"
"AMD","2026-09-04","DEV","11:34",469.06,0.51,0,"WATCH",0,"RANGE","Good","REAL MISSED SETUP","טווח ללא כיוון"
"AMD","2026-09-04","DEV","12:17",473.17,0.5,0.35,"SETUP",8,"UP","Strong","AMBIGUOUS","היפוך: שפל חדש נכשל ב-470.62, LH 470.84 (11:56) הוחזר ומחזיק 14 נרות, ממתין לשפל גבוה יותר"
"AMD","2026-09-04","DEV","15:13",471.41,0.52,0.09,"WATCH",0,"RANGE","Good","REAL MISSED SETUP","טווח ללא כיוון"
"AMD","2026-09-04","DEV","15:52",476.1601,0.56,0.09,"SETUP",9,"UP","Strong","AMBIGUOUS","מבנה עולה, שפל גבוה יותר ב-473.55, פריצת השיא הקודם"
"NVDA","2026-08-26","DEV","09:35",211.0703,1.2,0.05,"AVOID",0,"","","NO VALID ENTRY","פחות מ-15 נרות — אין מבנה"
"NVDA","2026-08-26","DEV","10:25",210.3324,0.51,0.12,"WATCH",0,"RANGE","Weak","REAL MISSED SETUP","טווח ללא כיוון"
"NVDA","2026-08-27","DEV","09:35",221.96,1.74,0.37,"AVOID",0,"","","NO VALID ENTRY","פחות מ-15 נרות — אין מבנה"
"NVDA","2026-08-27","DEV","10:06",224.85,0.69,0.28,"SETUP",5,"RANGE","Good","AMBIGUOUS","VWAP 223.76 אבד ב-09:58, הוחזר ומחזיק 8 נרות; מבנה RANGE"
"NVDA","2026-08-27","DEV","10:39",223.7,1.61,0.03,"WATCH",0,"UP","Neutral","REAL MISSED SETUP","אין מבנה כניסה"
"NVDA","2026-08-27","DEV","11:12",225.106,0.51,0.09,"SETUP",6,"UP","Good","AMBIGUOUS","היפוך: שפל חדש נכשל ב-224.37, LH 225.06 (10:43) הוחזר ומחזיק 24 נרות, ממתין לשפל גבוה יותר"
"NVDA","2026-08-27","DEV","11:43",225.45,1.02,0.27,"ARMED",3,"RANGE","Good","AMBIGUOUS","שפל 11:31 225.25 אבד ב-11:38, הוחזר ומחזיק 5 נרות; מבנה RANGE"
"NVDA","2026-08-27","DEV","12:54",229.265,0.52,0.06,"ARMED",8,"UP","Strong","AMBIGUOUS","היפוך: שפל חדש נכשל ב-227.26, LH 227.76 (12:13) הוחזר ומחזיק 33 נרות, ממתין לשפל גבוה יותר"
"NVDA","2026-08-27","DEV","14:35",225.8125,0.51,0.2,"AVOID",0,"DOWN","Neutral","NO VALID ENTRY","מבנה יורד עם שפל חדש. נדרש: שפל שנכשל, החזרת 226.43 והחזקה מעליו"
"NVDA","2026-08-27","DEV","15:06",226.53,0.94,0.32,"FAILED",0,"DOWN","Good","REAL MISSED SETUP","המבנה התהפך לירידה — הסטאפ RECLAIM_CONTINUATION|VWAP@225.84|14:58 בוטל"
"NVDA","2026-08-28","DEV","10:10",223.8655,0.74,0.27,"WATCH",0,"RANGE","Weak","REAL MISSED SETUP","טווח ללא כיוון"
"NVDA","2026-08-28","DEV","10:41",225.3972,0.67,0.34,"ARMED",5,"UP","Neutral","AMBIGUOUS","מבנה עולה, שפל גבוה יותר ב-224.46"
"NVDA","2026-08-28","DEV","13:06",218.27,0.53,0.17,"WATCH",0,"RANGE","Weak","REAL MISSED SETUP","טווח ללא כיוון"
"NVDA","2026-08-28","DEV","15:42",216.97,0.56,0.02,"AVOID",0,"DOWN","Avoid","NO VALID ENTRY","מבנה יורד עם שפל חדש. נדרש: שפל שנכשל, החזרת 217.57 והחזקה מעליו"
"NVDA","2026-08-31","DEV","09:35",216.42,1.3,0.1,"AVOID",0,"","","NO VALID ENTRY","פחות מ-15 נרות — אין מבנה"
"NVDA","2026-08-31","DEV","10:06",218.905,0.69,0.02,"SETUP",6,"UP","Good","AMBIGUOUS","מבנה עולה, שפל גבוה יותר ב-217.92, פריצת השיא הקודם"
"NVDA","2026-08-31","DEV","11:12",219.2404,0.59,0.05,"AVOID",0,"DOWN","Neutral","NO VALID ENTRY","מבנה יורד עם שפל חדש. נדרש: שפל שנכשל, החזרת 219.91 והחזקה מעליו"
"NVDA","2026-08-31","DEV","12:01",219.145,0.52,0.01,"WATCH",0,"RANGE","Good","REAL MISSED SETUP","טווח ללא כיוון"
"NVDA","2026-08-31","DEV","14:41",217.8101,0.51,0.05,"AVOID",0,"DOWN","Weak","NO VALID ENTRY","מבנה יורד עם שפל חדש. נדרש: שפל שנכשל, החזרת 219.61 והחזקה מעליו"
"NVDA","2026-08-31","DEV","15:12",218.865,0.5,0.05,"ARMED",6,"UP","Good","AMBIGUOUS","מבנה עולה, שפל גבוה יותר ב-218.58, פריצת השיא הקודם"
"NVDA","2026-08-31","DEV","15:49",219.52,0.81,0,"WATCH",0,"UP","Strong","REAL MISSED SETUP","אין מבנה כניסה"
"NVDA","2026-09-01","DEV","09:31",215.8499,0.73,0.35,"AVOID",0,"","","NO VALID ENTRY","פחות מ-15 נרות — אין מבנה"
"NVDA","2026-09-01","DEV","10:02",217.04,0.62,0.02,"SETUP",6,"UP","Good","AMBIGUOUS","מבנה עולה, שפל גבוה יותר ב-216.71, פריצת השיא הקודם"
"NVDA","2026-09-01","DEV","11:07",217.965,0.58,0.12,"AVOID",0,"DOWN","Good","NO VALID ENTRY","מבנה יורד עם שפל חדש. נדרש: שפל שנכשל, החזרת 218.54 והחזקה מעליו"
"NVDA","2026-09-01","DEV","14:42",216.7,0.53,0.16,"AVOID",0,"DOWN","Weak","NO VALID ENTRY","מבנה יורד עם שפל חדש. נדרש: שפל שנכשל, החזרת 217.54 והחזקה מעליו"
"NVDA","2026-09-02","BLIND","09:30",219.64,1.13,0.36,"AVOID",0,"","","NO VALID ENTRY","פחות מ-15 נרות — אין מבנה"
"NVDA","2026-09-02","BLIND","10:01",221.72,0.78,0.23,"READY",8,"UP","Good","AMBIGUOUS","מבנה עולה, שפל גבוה יותר ב-219.63. הטריגר 221.56 נלקח."
"NVDA","2026-09-03","BLIND","09:30",225.21,1.71,0.16,"AVOID",0,"","","NO VALID ENTRY","פחות מ-15 נרות — אין מבנה"
"NVDA","2026-09-03","BLIND","10:47",225.9531,0.57,0.23,"AVOID",0,"DOWN","Weak","NO VALID ENTRY","מבנה יורד עם שפל חדש. נדרש: שפל שנכשל, החזרת 226.90 והחזקה מעליו"
"NVDA","2026-09-03","BLIND","11:20",226.8999,0.5,0.04,"ARMED",5,"RANGE","Neutral","AMBIGUOUS","היפוך: שפל חדש נכשל ב-225.92, LH 226.41 (11:00) הוחזר ומחזיק 10 נרות, ממתין לשפל גבוה יותר"
"NVDA","2026-09-03","BLIND","13:09",227.455,0.61,0.17,"ARMED",6,"RANGE","Good","AMBIGUOUS","בסיס מבני: שפל מוגן 227.12 (12:56) מול התנגדות 227.65 (13:01), 100% מהנרות החזיקו מעל השפל"
"NVDA","2026-09-04","DEV","09:30",230.1875,1.94,0.14,"AVOID",0,"","","NO VALID ENTRY","פחות מ-15 נרות — אין מבנה"
"NVDA","2026-09-04","DEV","10:07",233.575,0.51,0.28,"SETUP",6,"UP","Good","AMBIGUOUS","נסיגה 2.4× ATR מהשיא 234.65, שפל גבוה יותר מאושר 233.56 (10:02)"
"NVDA","2026-09-04","DEV","12:19",230.755,0.63,0.02,"WATCH",0,"UP","Neutral","REAL MISSED SETUP","אין מבנה כניסה"
"NVDA","2026-09-04","DEV","15:25",229.9101,0.51,0.12,"WATCH",0,"UP","Weak","REAL MISSED SETUP","אין מבנה כניסה"
"TSLA","2026-08-26","DEV","09:30",343.615,2.42,0.32,"AVOID",0,"","","NO VALID ENTRY","פחות מ-15 נרות — אין מבנה"
"TSLA","2026-08-26","DEV","10:55",343.56,0.5,0.08,"WATCH",0,"UP","Neutral","REAL MISSED SETUP","אין מבנה כניסה"
"TSLA","2026-08-26","DEV","12:40",344.15,0.51,0.03,"FAILED",0,"RANGE","Weak","REAL MISSED SETUP","המבנה נעלם — הסטאפ REVERSAL|12:26|12:19 בוטל"
"TSLA","2026-08-26","DEV","14:38",345.64,0.52,0.05,"ARMED",5,"UP","Neutral","AMBIGUOUS","מבנה עולה, שפל גבוה יותר ב-344.65, פריצת השיא הקודם"
"TSLA","2026-08-26","DEV","15:20",345.14,0.5,0.05,"WATCH",0,"UP","Neutral","REAL MISSED SETUP","אין מבנה כניסה"
"TSLA","2026-08-27","DEV","09:30",346.45,1.73,0.1,"AVOID",0,"","","NO VALID ENTRY","פחות מ-15 נרות — אין מבנה"
"TSLA","2026-08-27","DEV","10:01",350.23,0.91,0.25,"SETUP",5,"RANGE","Good","AMBIGUOUS","VWAP 348.69 אבד ב-09:49, הוחזר ומחזיק 12 נרות; מבנה RANGE"
"TSLA","2026-08-27","DEV","10:45",351.73,0.6,0.35,"FAILED",0,"UP","Good","REAL MISSED SETUP","המחיר שבר את 351.88 — הסטאפ STRUCTURAL_BASE|10:30|10:37 בוטל"
"TSLA","2026-08-27","DEV","11:46",350.7855,0.6,0.04,"AVOID",0,"DOWN","Neutral","NO VALID ENTRY","מבנה יורד עם שפל חדש. נדרש: שפל שנכשל, החזרת 353.13 והחזקה מעליו"
"TSLA","2026-08-27","DEV","12:24",352.515,0.61,0.02,"ARMED",8,"UP","Strong","AMBIGUOUS","נסיגה 1.2× ATR מהשיא 352.88, שפל גבוה יותר מאושר 352.14 (12:12)"
"TSLA","2026-08-27","DEV","12:56",353.815,0.5,0.25,"SETUP",5,"RANGE","Good","AMBIGUOUS","היפוך: שפל חדש נכשל ב-352.55, LH 353.44 (12:44) הוחזר ומחזיק 4 נרות, ממתין לשפל גבוה יותר"
"TSLA","2026-08-27","DEV","14:10",353.3213,0.64,0.02,"AVOID",0,"DOWN","Neutral","NO VALID ENTRY","מבנה יורד עם שפל חדש. נדרש: שפל שנכשל, החזרת 354.25 והחזקה מעליו"
"TSLA","2026-08-27","DEV","15:27",353.875,0.52,0.02,"WATCH",0,"RANGE","Good","REAL MISSED SETUP","טווח ללא כיוון"
"TSLA","2026-08-28","DEV","10:13",351.58,0.53,0.02,"AVOID",0,"DOWN","Avoid","NO VALID ENTRY","מבנה יורד עם שפל חדש. נדרש: שפל שנכשל, החזרת 353.46 והחזקה מעליו"
"TSLA","2026-08-28","DEV","10:44",352.4499,0.63,0.12,"WATCH",0,"UP","Weak","REAL MISSED SETUP","אין מבנה כניסה"
"TSLA","2026-08-28","DEV","14:50",345.3541,0.59,0.04,"WATCH",0,"RANGE","Weak","REAL MISSED SETUP","טווח ללא כיוון"
"TSLA","2026-08-28","DEV","15:31",347.29,0.72,0.26,"ARMED",5,"UP","Neutral","AMBIGUOUS","מבנה עולה, שפל גבוה יותר ב-347.02, פריצת השיא הקודם"
"TSLA","2026-08-31","DEV","09:30",349.325,3.39,0.01,"AVOID",0,"","","NO VALID ENTRY","פחות מ-15 נרות — אין מבנה"
"TSLA","2026-08-31","DEV","12:06",363.385,0.93,0.01,"WATCH",0,"UP","Good","REAL MISSED SETUP","אין מבנה כניסה"
"TSLA","2026-08-31","DEV","12:38",364.465,0.55,0.08,"SETUP",5,"RANGE","Good","AMBIGUOUS","שפל 11:42 363.71 אבד ב-12:06, הוחזר ומחזיק 8 נרות; מבנה RANGE"
"TSLA","2026-08-31","DEV","13:21",365.9292,0.64,0.27,"WATCH",0,"RANGE","Good","REAL MISSED SETUP","טווח ללא כיוון"
"TSLA","2026-08-31","DEV","15:05",365.6,0.59,0.09,"ARMED",3,"RANGE","Good","AMBIGUOUS","שפל 14:46 365.61 אבד ב-15:01, הוחזר ומחזיק 2 נרות; מבנה UP"
"TSLA","2026-08-31","DEV","15:40",366.685,0.61,0.21,"WATCH",7,"UP","Strong","AMBIGUOUS","הסטאפ הקודם נכשל"
"TSLA","2026-09-01","DEV","09:38",354.15,1.56,0.21,"AVOID",0,"","","NO VALID ENTRY","פחות מ-15 נרות — אין מבנה"
"TSLA","2026-09-01","DEV","10:21",357.8701,0.52,0,"WATCH",0,"RANGE","Good","REAL MISSED SETUP","טווח ללא כיוון"
"TSLA","2026-09-01","DEV","10:56",357.425,0.56,0.06,"WATCH",0,"RANGE","Neutral","REAL MISSED SETUP","טווח ללא כיוון"
"TSLA","2026-09-01","DEV","14:40",354.14,0.53,0.33,"AVOID",0,"DOWN","Weak","NO VALID ENTRY","מבנה יורד עם שפל חדש. נדרש: שפל שנכשל, החזרת 355.07 והחזקה מעליו"
"TSLA","2026-09-02","BLIND","09:43",350.51,0.71,0.17,"AVOID",0,"","","NO VALID ENTRY","פחות מ-15 נרות — אין מבנה"
"TSLA","2026-09-02","BLIND","10:14",352.815,1.08,0.03,"ARMED",5,"UP","Neutral","AMBIGUOUS","מבנה עולה, שפל גבוה יותר ב-350.36"
"TSLA","2026-09-02","BLIND","11:49",352.8281,0.51,0.16,"WATCH",0,"RANGE","Weak","REAL MISSED SETUP","טווח ללא כיוון"
"TSLA","2026-09-02","BLIND","12:32",352.465,0.71,0.08,"WATCH",0,"RANGE","Weak","REAL MISSED SETUP","טווח ללא כיוון"
"TSLA","2026-09-02","BLIND","15:13",352.94,0.52,0.09,"ARMED",5,"UP","Neutral","AMBIGUOUS","מבנה עולה, שפל גבוה יותר ב-352.55, פריצת השיא הקודם"
"TSLA","2026-09-02","BLIND","15:44",354.37,0.82,0.01,"READY",6,"UP","Good","AMBIGUOUS","מבנה עולה, שפל גבוה יותר ב-352.69, פריצת השיא הקודם. הטריגר 353.12 נלקח."
"TSLA","2026-09-03","BLIND","09:33",370.53,2.08,0.25,"AVOID",0,"","","NO VALID ENTRY","פחות מ-15 נרות — אין מבנה"
"TSLA","2026-09-03","BLIND","10:04",372.4192,2.16,0.02,"WATCH",0,"RANGE","Neutral","REAL MISSED SETUP","טווח ללא כיוון"
"TSLA","2026-09-03","BLIND","12:39",380.93,0.53,0.01,"AVOID",0,"DOWN","Neutral","NO VALID ENTRY","מבנה יורד עם שפל חדש. נדרש: שפל שנכשל, החזרת 382.32 והחזקה מעליו"
"TSLA","2026-09-04","DEV","10:26",352.732,0.54,0.09,"AVOID",0,"DOWN","Avoid","NO VALID ENTRY","מבנה יורד עם שפל חדש. נדרש: שפל שנכשל, החזרת 354.27 והחזקה מעליו"
"TSLA","2026-09-04","DEV","11:18",352.09,0.54,0.08,"WATCH",0,"RANGE","Weak","REAL MISSED SETUP","טווח ללא כיוון"
"TSLA","2026-09-04","DEV","13:42",351.8399,0.54,0.05,"AVOID",0,"DOWN","Avoid","NO VALID ENTRY","מבנה יורד עם שפל חדש. נדרש: שפל שנכשל, החזרת 352.23 והחזקה מעליו"
"TSLA","2026-09-04","DEV","15:38",353.7701,0.5,0.18,"WATCH",0,"UP","Weak","REAL MISSED SETUP","אין מבנה כניסה"
"MSFT","2026-08-26","DEV","09:30",492.09,1.03,0.28,"AVOID",0,"","","NO VALID ENTRY","פחות מ-15 נרות — אין מבנה"
"MSFT","2026-08-27","DEV","09:31",490.43,1.99,0.03,"AVOID",0,"","","NO VALID ENTRY","פחות מ-15 נרות — אין מבנה"
"MSFT","2026-08-27","DEV","10:02",499.66,1.15,0.03,"ARMED",5,"UP","Good","AMBIGUOUS","מבנה עולה, שפל גבוה יותר ב-497.13, פריצת השיא הקודם"
"MSFT","2026-08-27","DEV","11:45",498.595,0.57,0.09,"WATCH",0,"UP","Neutral","REAL MISSED SETUP","אין מבנה כניסה"
"MSFT","2026-08-27","DEV","14:44",502.26,0.66,0.01,"WATCH",0,"RANGE","Good","REAL MISSED SETUP","טווח ללא כיוון"
"MSFT","2026-08-28","DEV","09:30",506.3,1.35,0.28,"AVOID",0,"","","NO VALID ENTRY","פחות מ-15 נרות — אין מבנה"
"MSFT","2026-08-28","DEV","10:03",509.515,0.54,0.28,"WATCH",0,"UP","Good","REAL MISSED SETUP","אין מבנה כניסה"
"MSFT","2026-08-28","DEV","10:34",510.45,1.05,0.03,"SETUP",6,"UP","Good","AMBIGUOUS","מבנה עולה, שפל גבוה יותר ב-509.00, פריצת השיא הקודם"
"MSFT","2026-08-28","DEV","11:42",514.51,0.51,0.09,"WATCH",0,"RANGE","Good","REAL MISSED SETUP","טווח ללא כיוון"
"MSFT","2026-08-31","DEV","09:30",509.1001,0.51,0.35,"AVOID",0,"","","NO VALID ENTRY","פחות מ-15 נרות — אין מבנה"
"MSFT","2026-08-31","DEV","10:31",509.355,0.56,0.12,"AVOID",0,"DOWN","Weak","NO VALID ENTRY","מבנה יורד עם שפל חדש. נדרש: שפל שנכשל, החזרת 508.48 והחזקה מעליו"
"MSFT","2026-09-01","DEV","09:30",497.2015,1.76,0.04,"AVOID",0,"","","NO VALID ENTRY","פחות מ-15 נרות — אין מבנה"
"MSFT","2026-09-02","BLIND","09:30",496.2341,0.64,0.19,"AVOID",0,"","","NO VALID ENTRY","פחות מ-15 נרות — אין מבנה"
"MSFT","2026-09-02","BLIND","12:32",494.085,0.54,0.05,"AVOID",0,"DOWN","Weak","NO VALID ENTRY","מבנה יורד עם שפל חדש. נדרש: שפל שנכשל, החזרת 494.63 והחזקה מעליו"
"MSFT","2026-09-03","BLIND","09:30",504.575,1.55,-0.02,"AVOID",0,"","","NO VALID ENTRY","פחות מ-15 נרות — אין מבנה"
"MSFT","2026-09-03","BLIND","10:40",509.0336,0.55,0.25,"AVOID",0,"DOWN","Neutral","NO VALID ENTRY","מבנה יורד עם שפל חדש. נדרש: שפל שנכשל, החזרת 511.45 והחזקה מעליו"
"MSFT","2026-09-03","BLIND","11:33",512.38,0.51,0.07,"SETUP",6,"RANGE","Good","AMBIGUOUS","בסיס מבני: שפל מוגן 512.00 (11:22) מול התנגדות 513.24 (11:24), 100% מהנרות החזיקו מעל השפל"
"MSFT","2026-09-03","BLIND","13:32",509.89,0.51,0.06,"AVOID",0,"DOWN","Neutral","NO VALID ENTRY","מבנה יורד עם שפל חדש. נדרש: שפל שנכשל, החזרת 510.75 והחזקה מעליו"
"AAPL","2026-08-26","DEV","09:31",309.39,1.13,0.11,"AVOID",0,"","","NO VALID ENTRY","פחות מ-15 נרות — אין מבנה"
"AAPL","2026-08-26","DEV","14:22",313.08,0.64,0.04,"ARMED",4,"RANGE","Good","AMBIGUOUS","שפל 14:07 312.97 אבד ב-14:15, הוחזר ומחזיק 7 נרות; מבנה RANGE"
"AAPL","2026-08-27","DEV","09:32",310.235,0.6,0.27,"AVOID",0,"","","NO VALID ENTRY","פחות מ-15 נרות — אין מבנה"
"AAPL","2026-08-27","DEV","10:07",310.72,0.52,0.35,"WATCH",0,"RANGE","Weak","REAL MISSED SETUP","טווח ללא כיוון"
"AAPL","2026-08-27","DEV","10:38",312.88,0.55,0.07,"SETUP",5,"DOWN","Neutral","AMBIGUOUS","היפוך: שפל חדש נכשל ב-309.63, LH 311.06 (10:12) הוחזר ומחזיק 6 נרות, ממתין לשפל גבוה יותר"
"AAPL","2026-08-27","DEV","15:27",313.515,0.5,0.05,"WATCH",0,"UP","Good","REAL MISSED SETUP","אין מבנה כניסה"
"AAPL","2026-08-28","DEV","09:30",316.26,0.59,0.26,"AVOID",0,"","","NO VALID ENTRY","פחות מ-15 נרות — אין מבנה"
"AAPL","2026-08-28","DEV","10:11",316.27,0.59,0.07,"FAILED",0,"RANGE","Neutral","REAL MISSED SETUP","המבנה נעלם — הסטאפ STRUCTURAL_BASE|10:02|10:05 בוטל"
"AAPL","2026-08-28","DEV","10:42",318.085,1.02,0.03,"SETUP",6,"UP","Good","AMBIGUOUS","מבנה עולה, שפל גבוה יותר ב-316.17, פריצת השיא הקודם"
"AAPL","2026-08-28","DEV","11:13",320.555,0.57,0.01,"ARMED",9,"UP","Strong","AMBIGUOUS","היפוך: שפל חדש נכשל ב-318.59, LH 319.74 (10:45) הוחזר ומחזיק 22 נרות, ממתין לשפל גבוה יותר"
"AAPL","2026-08-31","DEV","12:08",314.0418,0.62,0.4,"AVOID",0,"DOWN","Avoid","NO VALID ENTRY","מבנה יורד עם שפל חדש. נדרש: שפל שנכשל, החזרת 315.15 והחזקה מעליו"
"AAPL","2026-08-31","DEV","13:35",313.58,0.52,0,"WATCH",0,"UP","Weak","REAL MISSED SETUP","אין מבנה כניסה"
"AAPL","2026-08-31","DEV","15:20",315.82,0.59,0.05,"ARMED",4,"RANGE","Neutral","AMBIGUOUS","היפוך: שפל חדש נכשל ב-315.24, LH 315.47 (14:47) הוחזר ומחזיק 20 נרות, ממתין לשפל גבוה יותר"
"AAPL","2026-09-01","DEV","09:31",316,2.34,0.4,"AVOID",0,"","","NO VALID ENTRY","פחות מ-15 נרות — אין מבנה"
"AAPL","2026-09-01","DEV","11:08",322.99,0.76,0.08,"WATCH",0,"RANGE","Good","REAL MISSED SETUP","טווח ללא כיוון"
"AAPL","2026-09-01","DEV","11:39",324.54,0.83,0.05,"WATCH",0,"RANGE","Good","REAL MISSED SETUP","טווח ללא כיוון"
"AAPL","2026-09-02","BLIND","10:59",324.6191,0.59,0.16,"ARMED",5,"UP","Neutral","AMBIGUOUS","מבנה עולה, שפל גבוה יותר ב-324.02, פריצת השיא הקודם"
"AAPL","2026-09-02","BLIND","11:48",324.45,0.54,0.17,"WATCH",0,"RANGE","Avoid","REAL MISSED SETUP","טווח ללא כיוון"
"AAPL","2026-09-02","BLIND","12:24",324.5851,0.5,0.03,"AVOID",0,"DOWN","Avoid","NO VALID ENTRY","מבנה יורד עם שפל חדש. נדרש: שפל שנכשל, החזרת 325.94 והחזקה מעליו"
"AAPL","2026-09-03","BLIND","09:30",324.7644,0.84,0.2,"AVOID",0,"","","NO VALID ENTRY","פחות מ-15 נרות — אין מבנה"
"AAPL","2026-09-03","BLIND","10:01",326.39,1.29,0.11,"WATCH",0,"UP","Good","REAL MISSED SETUP","המבנה הזה כבר פג היום — PULLBACK_CONTINUATION|09:52|09:47"
"AAPL","2026-09-04","DEV","11:18",318.915,0.53,0.11,"AVOID",0,"DOWN","Weak","NO VALID ENTRY","מבנה יורד עם שפל חדש. נדרש: שפל שנכשל, החזרת 319.41 והחזקה מעליו"
"META","2026-08-26","DEV","09:44",564.3,2.07,0.19,"WATCH",0,"RANGE","Avoid","REAL MISSED SETUP","טווח ללא כיוון"
"META","2026-08-26","DEV","10:17",566.3644,2.09,0.36,"WATCH",0,"UP","Weak","REAL MISSED SETUP","אין מבנה כניסה"
"META","2026-08-26","DEV","12:58",575.84,0.57,0.19,"WATCH",0,"RANGE","Weak","REAL MISSED SETUP","טווח ללא כיוון"
"META","2026-08-27","DEV","09:33",568.68,2.53,0.19,"AVOID",0,"","","NO VALID ENTRY","פחות מ-15 נרות — אין מבנה"
"META","2026-08-27","DEV","11:31",570.685,0.52,0.04,"AVOID",0,"DOWN","Avoid","NO VALID ENTRY","מבנה יורד עם שפל חדש. נדרש: שפל שנכשל, החזרת 572.19 והחזקה מעליו"
"META","2026-08-27","DEV","15:25",568.93,0.57,0.04,"WATCH",0,"UP","Weak","REAL MISSED SETUP","אין מבנה כניסה"
"META","2026-08-28","DEV","09:30",575.3,1.54,0.18,"AVOID",0,"","","NO VALID ENTRY","פחות מ-15 נרות — אין מבנה"
"META","2026-08-28","DEV","10:30",576.25,2.25,0.33,"AVOID",0,"DOWN","Weak","NO VALID ENTRY","מבנה יורד עם שפל חדש. נדרש: שפל שנכשל, החזרת 581.21 והחזקה מעליו"
"META","2026-08-28","DEV","14:23",574.33,0.55,0.01,"AVOID",0,"DOWN","Avoid","NO VALID ENTRY","מבנה יורד עם שפל חדש. נדרש: שפל שנכשל, החזרת 577.23 והחזקה מעליו"
"META","2026-08-28","DEV","14:54",574.81,0.5,0.16,"WATCH",0,"RANGE","Weak","REAL MISSED SETUP","טווח ללא כיוון"
"META","2026-08-28","DEV","15:45",576.0083,0.52,0.1,"WATCH",0,"RANGE","Weak","REAL MISSED SETUP","טווח ללא כיוון"
"META","2026-08-31","DEV","09:34",572.54,0.58,0.33,"AVOID",0,"","","NO VALID ENTRY","פחות מ-15 נרות — אין מבנה"
"META","2026-08-31","DEV","10:09",569.425,0.51,0.05,"AVOID",0,"DOWN","Avoid","NO VALID ENTRY","מבנה יורד עם שפל חדש. נדרש: שפל שנכשל, החזרת 574.69 והחזקה מעליו"
"META","2026-08-31","DEV","10:51",570.1022,0.54,0.14,"WATCH",0,"RANGE","Weak","REAL MISSED SETUP","טווח ללא כיוון"
"META","2026-08-31","DEV","14:05",571.04,0.54,0,"AVOID",0,"DOWN","Weak","NO VALID ENTRY","מבנה יורד עם שפל חדש. נדרש: שפל שנכשל, החזרת 572.00 והחזקה מעליו"
"META","2026-08-31","DEV","14:36",571.54,0.62,0.15,"AVOID",0,"DOWN","Weak","NO VALID ENTRY","מבנה יורד עם שפל חדש. נדרש: שפל שנכשל, החזרת 571.77 והחזקה מעליו"
"META","2026-09-01","DEV","09:30",557.61,1.93,0.2,"AVOID",0,"","","NO VALID ENTRY","פחות מ-15 נרות — אין מבנה"
"META","2026-09-01","DEV","10:01",567.34,0.61,0.32,"SETUP",7,"UP","Strong","AMBIGUOUS","מבנה עולה, שפל גבוה יותר ב-566.13"
"META","2026-09-01","DEV","10:32",571.45,1.41,0,"ARMED",5,"DOWN","Good","AMBIGUOUS","היפוך: שפל חדש נכשל ב-565.50, LH 568.39 (10:00) הוחזר ומחזיק 11 נרות, ממתין לשפל גבוה יותר"
"META","2026-09-01","DEV","12:45",579.52,0.55,0.07,"WATCH",0,"RANGE","Good","REAL MISSED SETUP","טווח ללא כיוון"
"META","2026-09-01","DEV","13:28",580.39,0.59,0.07,"AVOID",0,"DOWN","Neutral","NO VALID ENTRY","מבנה יורד עם שפל חדש. נדרש: שפל שנכשל, החזרת 582.17 והחזקה מעליו"
"META","2026-09-01","DEV","14:52",576.86,0.61,0.11,"AVOID",0,"DOWN","Neutral","NO VALID ENTRY","מבנה יורד עם שפל חדש. נדרש: שפל שנכשל, החזרת 581.73 והחזקה מעליו"
"META","2026-09-02","BLIND","09:30",583.99,1.83,0.03,"AVOID",0,"","","NO VALID ENTRY","פחות מ-15 נרות — אין מבנה"
"META","2026-09-02","BLIND","10:01",594.49,0.99,0.29,"SETUP",5,"UP","Good","AMBIGUOUS","מבנה עולה, שפל גבוה יותר ב-590.74, פריצת השיא הקודם"
"META","2026-09-02","BLIND","10:32",595.64,0.56,0.15,"ARMED",5,"RANGE","Good","AMBIGUOUS","בסיס מבני: שפל מוגן 594.07 (10:25) מול התנגדות 595.97 (10:28), 100% מהנרות החזיקו מעל השפל"
"META","2026-09-02","BLIND","11:08",594.2,0.51,0.15,"AVOID",0,"DOWN","Neutral","NO VALID ENTRY","מבנה יורד עם שפל חדש. נדרש: שפל שנכשל, החזרת 597.30 והחזקה מעליו"
"META","2026-09-02","BLIND","12:22",592.165,0.55,0.15,"WATCH",0,"UP","Neutral","REAL MISSED SETUP","אין מבנה כניסה"
"META","2026-09-02","BLIND","14:02",591.6601,0.52,0.04,"WATCH",0,"RANGE","Weak","REAL MISSED SETUP","טווח ללא כיוון"
"META","2026-09-02","BLIND","14:37",591.8151,0.65,0.16,"WATCH",0,"RANGE","Weak","REAL MISSED SETUP","טווח ללא כיוון"
"META","2026-09-02","BLIND","15:08",592.92,0.63,0.04,"SETUP",7,"UP","Good","AMBIGUOUS","היפוך: שפל חדש נכשל ב-591.10, LH 591.63 (14:53) הוחזר ומחזיק 9 נרות, ממתין לשפל גבוה יותר"
"META","2026-09-03","BLIND","09:30",609.62,1.61,0.27,"AVOID",0,"","","NO VALID ENTRY","פחות מ-15 נרות — אין מבנה"
"META","2026-09-03","BLIND","10:40",609.3101,0.59,0.35,"WATCH",0,"UP","Weak","REAL MISSED SETUP","אין מבנה כניסה"
"META","2026-09-03","BLIND","11:11",614.065,0.88,0.05,"AVOID",0,"DOWN","Neutral","NO VALID ENTRY","מבנה יורד עם שפל חדש. נדרש: שפל שנכשל, החזרת 611.68 והחזקה מעליו"
"META","2026-09-04","DEV","09:38",606.535,1.06,0.21,"AVOID",0,"","","NO VALID ENTRY","פחות מ-15 נרות — אין מבנה"
"META","2026-09-04","DEV","10:18",609.1401,0.7,0.11,"FAILED",0,"UP","Neutral","REAL MISSED SETUP","המחיר שבר את 610.11 — הסטאפ PULLBACK_CONTINUATION|10:08|10:07 בוטל"
"META","2026-09-04","DEV","10:53",610.155,0.5,0.33,"FAILED",0,"RANGE","Neutral","REAL MISSED SETUP","המחיר שבר את 610.62 — הסטאפ STRUCTURAL_BASE|10:43|10:46 בוטל"
"META","2026-09-04","DEV","11:48",609.9,0.61,0,"AVOID",0,"DOWN","Weak","NO VALID ENTRY","מבנה יורד עם שפל חדש. נדרש: שפל שנכשל, החזרת 611.86 והחזקה מעליו"
"META","2026-09-04","DEV","13:51",609.28,0.54,0.19,"WATCH",0,"RANGE","Neutral","REAL MISSED SETUP","טווח ללא כיוון"
"META","2026-09-04","DEV","14:28",611.12,0.61,0.18,"SETUP",4,"RANGE","Good","AMBIGUOUS","VWAP 610.64 אבד ב-14:17, הוחזר ומחזיק 11 נרות; מבנה RANGE"
"META","2026-09-04","DEV","15:03",613.69,0.58,0.04,"ARMED",7,"UP","Good","AMBIGUOUS","היפוך: שפל חדש נכשל ב-610.04, LH 612.63 (14:22) הוחזר ומחזיק 11 נרות, ממתין לשפל גבוה יותר"
"AMZN","2026-08-26","DEV","09:38",259.76,0.56,0.15,"AVOID",0,"","","NO VALID ENTRY","פחות מ-15 נרות — אין מבנה"
"AMZN","2026-08-26","DEV","10:27",259.095,0.53,0.12,"AVOID",0,"DOWN","Avoid","NO VALID ENTRY","מבנה יורד עם שפל חדש. נדרש: שפל שנכשל, החזרת 260.34 והחזקה מעליו"
"AMZN","2026-08-26","DEV","14:36",258.9699,0.53,0.03,"AVOID",0,"DOWN","Weak","NO VALID ENTRY","מבנה יורד עם שפל חדש. נדרש: שפל שנכשל, החזרת 259.06 והחזקה מעליו"
"AMZN","2026-08-27","DEV","09:37",256.01,1.01,0.17,"AVOID",0,"","","NO VALID ENTRY","פחות מ-15 נרות — אין מבנה"
"AMZN","2026-08-27","DEV","15:27",255.785,0.51,0.05,"ARMED",5,"UP","Neutral","AMBIGUOUS","מבנה עולה, שפל גבוה יותר ב-255.63, פריצת השיא הקודם"
"AMZN","2026-08-28","DEV","09:30",258.7301,0.59,0.37,"AVOID",0,"","","NO VALID ENTRY","פחות מ-15 נרות — אין מבנה"
"AMZN","2026-08-28","DEV","10:39",262.166,1.88,0.04,"ARMED",7,"RANGE","Good","AMBIGUOUS","היפוך: שפל חדש נכשל ב-260.63, LH 261.41 (10:30) הוחזר ומחזיק 4 נרות, ממתין לשפל גבוה יותר"
"AMZN","2026-08-28","DEV","15:18",265.065,0.54,0.02,"ARMED",3,"DOWN","Good","AMBIGUOUS","שפל 14:33 265.01 אבד ב-14:55, הוחזר ומחזיק 7 נרות; מבנה RANGE"
"AMZN","2026-08-31","DEV","10:37",260.075,0.54,0.13,"WATCH",0,"RANGE","Weak","REAL MISSED SETUP","טווח ללא כיוון"
"AMZN","2026-08-31","DEV","14:43",257.565,0.5,0,"WATCH",0,"RANGE","Weak","REAL MISSED SETUP","טווח ללא כיוון"
"AMZN","2026-09-01","DEV","09:31",252.5399,1.3,0.24,"AVOID",0,"","","NO VALID ENTRY","פחות מ-15 נרות — אין מבנה"
"AMZN","2026-09-01","DEV","10:10",253.905,0.51,0.09,"ARMED",0,"DOWN","Weak","REAL MISSED SETUP","VWAP 254.05 אבד ב-09:32, הוחזר ומחזיק 13 נרות; מבנה RANGE — האיכות ירדה לציון 0/10"
"AMZN","2026-09-02","BLIND","09:30",253.585,0.81,0.07,"AVOID",0,"","","NO VALID ENTRY","פחות מ-15 נרות — אין מבנה"
"AMZN","2026-09-03","BLIND","09:30",256.45,1.16,0.13,"AVOID",0,"","","NO VALID ENTRY","פחות מ-15 נרות — אין מבנה"
"AMZN","2026-09-03","BLIND","10:51",256.885,0.59,0.32,"AVOID",0,"DOWN","Avoid","NO VALID ENTRY","מבנה יורד עם שפל חדש. נדרש: שפל שנכשל, החזרת 257.89 והחזקה מעליו"
"AMZN","2026-09-03","BLIND","13:57",258.09,0.52,0,"AVOID",0,"DOWN","Neutral","NO VALID ENTRY","מבנה יורד עם שפל חדש. נדרש: שפל שנכשל, החזרת 258.38 והחזקה מעליו"
"AMZN","2026-09-04","DEV","09:50",257.16,0.53,0.09,"WATCH",0,"RANGE","Avoid","REAL MISSED SETUP","טווח ללא כיוון"
"AMZN","2026-09-04","DEV","12:01",255.84,0.55,-0.01,"ARMED",6,"UP","Neutral","AMBIGUOUS","היפוך: שפל חדש נכשל ב-255.34, LH 255.78 (11:13) הוחזר ומחזיק 24 נרות, ממתין לשפל גבוה יותר"
"GOOGL","2026-08-27","DEV","09:31",338.555,0.91,0.01,"AVOID",0,"","","NO VALID ENTRY","פחות מ-15 נרות — אין מבנה"
"GOOGL","2026-08-27","DEV","10:34",339.2701,0.53,0.07,"AVOID",0,"DOWN","Weak","NO VALID ENTRY","מבנה יורד עם שפל חדש. נדרש: שפל שנכשל, החזרת 340.09 והחזקה מעליו"
"GOOGL","2026-08-28","DEV","09:30",341.625,0.84,0.06,"AVOID",0,"","","NO VALID ENTRY","פחות מ-15 נרות — אין מבנה"
"GOOGL","2026-08-28","DEV","10:54",347.33,0.52,0.2,"READY",8,"UP","Strong","AMBIGUOUS","מבנה עולה, שפל גבוה יותר ב-343.64, פריצת השיא הקודם. הטריגר 344.91 נלקח."
"GOOGL","2026-08-31","DEV","15:20",338.34,0.91,0,"ARMED",6,"UP","Neutral","AMBIGUOUS","היפוך: שפל חדש נכשל ב-338.14, LH 338.42 (14:53) הוחזר ומחזיק 14 נרות, ממתין לשפל גבוה יותר"
"GOOGL","2026-09-01","DEV","09:30",333.705,1.01,0.19,"AVOID",0,"","","NO VALID ENTRY","פחות מ-15 נרות — אין מבנה"
"GOOGL","2026-09-02","BLIND","09:30",334.1,0.86,0.38,"AVOID",0,"","","NO VALID ENTRY","פחות מ-15 נרות — אין מבנה"
"GOOGL","2026-09-02","BLIND","10:01",336.38,1.08,0.12,"ARMED",5,"UP","Good","AMBIGUOUS","מבנה עולה, שפל גבוה יותר ב-334.01, פריצת השיא הקודם"
"GOOGL","2026-09-02","BLIND","11:35",337.34,0.55,0.31,"ARMED",7,"UP","Strong","AMBIGUOUS","בסיס מבני: שפל מוגן 336.79 (11:25) מול התנגדות 337.64 (11:30), 100% מהנרות החזיקו מעל השפל"
"GOOGL","2026-09-03","BLIND","09:30",341.65,0.88,0.15,"AVOID",0,"","","NO VALID ENTRY","פחות מ-15 נרות — אין מבנה"
"GOOGL","2026-09-03","BLIND","10:56",341.3799,0.56,0.17,"WATCH",0,"RANGE","Avoid","REAL MISSED SETUP","טווח ללא כיוון"
"GOOGL","2026-09-04","DEV","09:51",339.81,0.64,0.16,"AVOID",0,"DOWN","Avoid","NO VALID ENTRY","מבנה יורד עם שפל חדש. נדרש: שפל שנכשל, החזרת 341.36 והחזקה מעליו"
"AVGO","2026-08-26","DEV","10:21",351.295,0.61,0.17,"AVOID",0,"DOWN","Avoid","NO VALID ENTRY","מבנה יורד עם שפל חדש. נדרש: שפל שנכשל, החזרת 354.73 והחזקה מעליו"
"AVGO","2026-08-26","DEV","11:34",350.8,0.51,0.02,"AVOID",0,"DOWN","Avoid","NO VALID ENTRY","מבנה יורד עם שפל חדש. נדרש: שפל שנכשל, החזרת 351.56 והחזקה מעליו"
"AVGO","2026-08-26","DEV","12:46",350.9373,0.54,0.03,"AVOID",0,"DOWN","Weak","NO VALID ENTRY","מבנה יורד עם שפל חדש. נדרש: שפל שנכשל, החזרת 350.93 והחזקה מעליו"
"AVGO","2026-08-26","DEV","15:31",353.71,0.74,0.19,"AVOID",0,"DOWN","Weak","NO VALID ENTRY","מבנה יורד עם שפל חדש. נדרש: שפל שנכשל, החזרת 354.64 והחזקה מעליו"
"AVGO","2026-08-27","DEV","09:30",362.99,1.18,0.3,"AVOID",0,"","","NO VALID ENTRY","פחות מ-15 נרות — אין מבנה"
"AVGO","2026-08-27","DEV","10:01",365.555,1.1,0.28,"SETUP",7,"UP","Good","AMBIGUOUS","VWAP 364.00 אבד ב-09:57, הוחזר ומחזיק 4 נרות; מבנה UP"
"AVGO","2026-08-27","DEV","10:32",367.2133,0.65,0.26,"WATCH",0,"UP","Strong","REAL MISSED SETUP","אין מבנה כניסה"
"AVGO","2026-08-27","DEV","11:42",367.53,0.6,0.18,"WATCH",0,"RANGE","Good","REAL MISSED SETUP","טווח ללא כיוון"
"AVGO","2026-08-27","DEV","12:16",367.855,0.54,0.13,"WATCH",0,"RANGE","Good","REAL MISSED SETUP","טווח ללא כיוון"
"AVGO","2026-08-27","DEV","14:27",367.075,0.52,0.05,"WATCH",0,"RANGE","Good","REAL MISSED SETUP","טווח ללא כיוון"
"AVGO","2026-08-27","DEV","15:27",368.91,0.56,0.06,"WATCH",0,"RANGE","Good","REAL MISSED SETUP","טווח ללא כיוון"
"AVGO","2026-08-28","DEV","09:30",373.675,0.78,0.35,"AVOID",0,"","","NO VALID ENTRY","פחות מ-15 נרות — אין מבנה"
"AVGO","2026-08-28","DEV","10:06",371.4381,0.57,0.34,"WATCH",0,"RANGE","Weak","REAL MISSED SETUP","טווח ללא כיוון"
"AVGO","2026-08-28","DEV","10:45",371.77,0.54,0.05,"WATCH",0,"RANGE","Avoid","REAL MISSED SETUP","טווח ללא כיוון"
"AVGO","2026-08-28","DEV","12:04",366.265,0.53,0.15,"WATCH",0,"RANGE","Weak","REAL MISSED SETUP","טווח ללא כיוון"
"AVGO","2026-08-28","DEV","12:43",365.63,0.58,0.08,"AVOID",0,"DOWN","Avoid","NO VALID ENTRY","מבנה יורד עם שפל חדש. נדרש: שפל שנכשל, החזרת 366.84 והחזקה מעליו"
"AVGO","2026-08-28","DEV","13:18",366.465,0.51,0.19,"AVOID",0,"DOWN","Weak","NO VALID ENTRY","מבנה יורד עם שפל חדש. נדרש: שפל שנכשל, החזרת 366.14 והחזקה מעליו"
"AVGO","2026-08-28","DEV","14:58",366.85,0.54,0.07,"WATCH",0,"RANGE","Weak","REAL MISSED SETUP","טווח ללא כיוון"
"AVGO","2026-08-31","DEV","09:36",367.75,0.54,0.39,"AVOID",0,"","","NO VALID ENTRY","פחות מ-15 נרות — אין מבנה"
"AVGO","2026-08-31","DEV","11:56",368.49,0.54,0.19,"ARMED",4,"RANGE","Neutral","AMBIGUOUS","מבנה עולה, שפל גבוה יותר ב-367.93, פריצת השיא הקודם"
"AVGO","2026-08-31","DEV","15:29",369.3,0.55,0.04,"FAILED",0,"UP","Neutral","REAL MISSED SETUP","המחיר שבר את 369.51 — הסטאפ STRUCTURAL_BASE|15:18|15:23 בוטל"
"AVGO","2026-09-01","DEV","09:36",362.34,0.68,0.09,"AVOID",0,"","","NO VALID ENTRY","פחות מ-15 נרות — אין מבנה"
"AVGO","2026-09-01","DEV","10:17",364.46,0.58,0.13,"ARMED",7,"UP","Good","AMBIGUOUS","VWAP 363.96 אבד ב-10:04, הוחזר ומחזיק 13 נרות; מבנה UP"
"AVGO","2026-09-01","DEV","10:57",366.66,0.6,0.08,"ARMED",5,"UP","Strong","AMBIGUOUS","הטריגר 365.55 נפרץ, אבל המחיר כבר 2.3× ATR מעליו"
"AVGO","2026-09-01","DEV","11:28",368.545,0.51,0.02,"SETUP",6,"RANGE","Good","AMBIGUOUS","היפוך: שפל חדש נכשל ב-366.75, LH 367.26 (11:08) הוחזר ומחזיק 14 נרות, ממתין לשפל גבוה יותר"
"AVGO","2026-09-01","DEV","12:32",367.795,0.98,0,"WATCH",0,"UP","Good","REAL MISSED SETUP","אין מבנה כניסה"
"AVGO","2026-09-01","DEV","14:45",367.85,0.62,0.02,"WATCH",0,"RANGE","Good","REAL MISSED SETUP","טווח ללא כיוון"
"AVGO","2026-09-02","BLIND","09:33",365.5811,1.09,0.25,"AVOID",0,"","","NO VALID ENTRY","פחות מ-15 נרות — אין מבנה"
"AVGO","2026-09-02","BLIND","10:05",368.48,0.52,0.37,"ARMED",1,"DOWN","Neutral","AMBIGUOUS","VWAP 367.14 אבד ב-09:54, הוחזר ומחזיק 2 נרות; מבנה UP — האיכות ירדה לציון 1/10"
"AVGO","2026-09-02","BLIND","10:48",368.3,0.56,0.17,"AVOID",0,"DOWN","Neutral","NO VALID ENTRY","מבנה יורד עם שפל חדש. נדרש: שפל שנכשל, החזרת 369.57 והחזקה מעליו"
"AVGO","2026-09-02","BLIND","13:07",367.19,0.61,0.3,"FAILED",0,"RANGE","Neutral","REAL MISSED SETUP","המחיר שבר את 368.56 — הסטאפ RECLAIM_CONTINUATION|VWAP@368.64|12:54 בוטל"
"AVGO","2026-09-02","BLIND","13:50",367.66,0.52,0.26,"WATCH",0,"RANGE","Neutral","REAL MISSED SETUP","טווח ללא כיוון"
"AVGO","2026-09-02","BLIND","14:36",368.42,0.51,0.1,"WATCH",0,"RANGE","Neutral","REAL MISSED SETUP","טווח ללא כיוון"
"AVGO","2026-09-03","BLIND","10:31",343.15,1.02,0.24,"ARMED",4,"UP","Weak","AMBIGUOUS","מבנה עולה, שפל גבוה יותר ב-342.92, פריצת השיא הקודם"
"AVGO","2026-09-03","BLIND","11:02",345.165,1.17,0,"WATCH",0,"RANGE","Weak","REAL MISSED SETUP","טווח ללא כיוון"
"AVGO","2026-09-03","BLIND","12:29",353.3,0.99,0.32,"SETUP",6,"UP","Good","AMBIGUOUS","מבנה עולה, שפל גבוה יותר ב-351.86, פריצת השיא הקודם"
"AVGO","2026-09-03","BLIND","13:57",353.295,0.96,0.26,"FAILED",0,"RANGE","Good","REAL MISSED SETUP","המחיר שבר את 353.65 — הסטאפ PULLBACK_CONTINUATION|13:49|13:39 בוטל"
"AVGO","2026-09-03","BLIND","15:00",357.24,0.53,0.25,"SETUP",5,"RANGE","Good","AMBIGUOUS","בסיס מבני: שפל מוגן 356.07 (14:48) מול התנגדות 357.23 (14:50), 86% מהנרות החזיקו מעל השפל"
"AVGO","2026-09-04","DEV","09:30",354.7268,1.4,0.05,"AVOID",0,"","","NO VALID ENTRY","פחות מ-15 נרות — אין מבנה"
"AVGO","2026-09-04","DEV","10:06",355.62,0.87,0.33,"AVOID",0,"DOWN","Avoid","NO VALID ENTRY","מבנה יורד עם שפל חדש. נדרש: שפל שנכשל, החזרת 357.94 והחזקה מעליו"
"AVGO","2026-09-04","DEV","10:38",355.65,0.54,0.26,"WATCH",0,"RANGE","Weak","REAL MISSED SETUP","טווח ללא כיוון"
"AVGO","2026-09-04","DEV","11:20",356.0163,0.52,0.38,"WATCH",0,"UP","Weak","REAL MISSED SETUP","אין מבנה כניסה"
"AVGO","2026-09-04","DEV","13:34",353.835,0.51,0.04,"AVOID",0,"DOWN","Avoid","NO VALID ENTRY","מבנה יורד עם שפל חדש. נדרש: שפל שנכשל, החזרת 355.19 והחזקה מעליו"
"AVGO","2026-09-04","DEV","14:13",355.31,0.52,0.03,"WATCH",0,"RANGE","Weak","REAL MISSED SETUP","טווח ללא כיוון"
"AVGO","2026-09-04","DEV","15:20",356.01,0.55,0.03,"AVOID",0,"DOWN","Weak","NO VALID ENTRY","מבנה יורד עם שפל חדש. נדרש: שפל שנכשל, החזרת 356.92 והחזקה מעליו"
"MU","2026-08-28","DEV","09:33",912.22,2.96,0.08,"AVOID",0,"","","NO VALID ENTRY","פחות מ-15 נרות — אין מבנה"
"MU","2026-08-28","DEV","10:14",929.3098,1.88,0.04,"WATCH",0,"RANGE","Neutral","REAL MISSED SETUP","טווח ללא כיוון"
"MU","2026-08-28","DEV","10:51",935.695,0.73,0.15,"AVOID",0,"DOWN","Neutral","NO VALID ENTRY","מבנה יורד עם שפל חדש. נדרש: שפל שנכשל, החזרת 944.79 והחזקה מעליו"
"MU","2026-08-28","DEV","12:04",916.975,0.66,0.03,"AVOID",0,"DOWN","Weak","NO VALID ENTRY","מבנה יורד עם שפל חדש. נדרש: שפל שנכשל, החזרת 925.20 והחזקה מעליו"
"MU","2026-08-28","DEV","12:39",919.4,0.53,0.35,"ARMED",4,"UP","Neutral","AMBIGUOUS","מבנה עולה, שפל גבוה יותר ב-917.90, פריצת השיא הקודם"
"MU","2026-08-28","DEV","13:10",921.08,0.59,0.13,"AVOID",0,"DOWN","Weak","NO VALID ENTRY","מבנה יורד עם שפל חדש. נדרש: שפל שנכשל, החזרת 923.85 והחזקה מעליו"
"MU","2026-08-28","DEV","13:41",924,0.89,0.05,"ARMED",6,"UP","Neutral","AMBIGUOUS","היפוך: שפל חדש נכשל ב-919.84, LH 922.67 (13:09) הוחזר ומחזיק 25 נרות, ממתין לשפל גבוה יותר"
"MU","2026-08-28","DEV","15:23",928.01,0.52,0.11,"WATCH",0,"RANGE","Neutral","REAL MISSED SETUP","טווח ללא כיוון"
"MU","2026-08-31","DEV","09:32",937.05,1.7,0.35,"AVOID",0,"","","NO VALID ENTRY","פחות מ-15 נרות — אין מבנה"
"MU","2026-08-31","DEV","10:13",940.045,0.62,0.38,"WATCH",0,"UP","Weak","REAL MISSED SETUP","בסיס זוהה אבל איכות המניה Weak — לא מועמד לונג"
"MU","2026-08-31","DEV","12:04",936.178,0.57,0.01,"AVOID",0,"DOWN","Avoid","NO VALID ENTRY","מבנה יורד עם שפל חדש. נדרש: שפל שנכשל, החזרת 938.25 והחזקה מעליו"
"MU","2026-08-31","DEV","12:35",941.705,0.88,0.02,"READY",7,"UP","Good","AMBIGUOUS","מבנה עולה, שפל גבוה יותר ב-939.03, פריצת השיא הקודם. הטריגר 941.50 נלקח."
"MU","2026-08-31","DEV","14:55",941.34,0.54,0.35,"AVOID",0,"DOWN","Weak","NO VALID ENTRY","מבנה יורד עם שפל חדש. נדרש: שפל שנכשל, החזרת 947.87 והחזקה מעליו"
"MU","2026-08-31","DEV","15:26",946.4102,1.32,0.29,"AVOID",0,"DOWN","Neutral","NO VALID ENTRY","מבנה יורד עם שפל חדש. נדרש: שפל שנכשל, החזרת 941.50 והחזקה מעליו"
"MU","2026-09-01","DEV","09:41",930.93,1.45,0.05,"AVOID",0,"","","NO VALID ENTRY","פחות מ-15 נרות — אין מבנה"
"MU","2026-09-01","DEV","10:12",937.3051,1.03,0.35,"FAILED",0,"UP","Good","REAL MISSED SETUP","המחיר שבר את 938.76 — הסטאפ RECLAIM_CONTINUATION|VWAP@939.07|10:05 בוטל"
"MU","2026-09-01","DEV","10:43",947.61,1.26,0.05,"SETUP",4,"RANGE","Neutral","AMBIGUOUS","VWAP 939.14 אבד ב-10:31, הוחזר ומחזיק 11 נרות; מבנה RANGE"
"MU","2026-09-01","DEV","12:34",938.7,0.64,0.07,"AVOID",0,"DOWN","Weak","NO VALID ENTRY","מבנה יורד עם שפל חדש. נדרש: שפל שנכשל, החזרת 955.90 והחזקה מעליו"
"MU","2026-09-01","DEV","14:41",925.6483,0.78,0.35,"WATCH",0,"RANGE","Weak","REAL MISSED SETUP","טווח ללא כיוון"
"MU","2026-09-01","DEV","15:19",931.0701,0.51,0.26,"ARMED",4,"RANGE","Neutral","AMBIGUOUS","מבנה עולה, שפל גבוה יותר ב-930.31, פריצת השיא הקודם"
"MU","2026-09-01","DEV","15:52",930.8245,0.64,0.14,"FAILED",0,"RANGE","Weak","REAL MISSED SETUP","המחיר שבר את 931.50 — הסטאפ REVERSAL|15:38|15:35 בוטל"
"MU","2026-09-02","BLIND","09:54",931.27,1.81,0.12,"WATCH",0,"UP","Neutral","REAL MISSED SETUP","אין מבנה כניסה"
"MU","2026-09-02","BLIND","10:50",938.2653,0.67,0.3,"WATCH",0,"RANGE","Neutral","REAL MISSED SETUP","טווח ללא כיוון"
"MU","2026-09-02","BLIND","11:23",939.76,0.54,0.05,"FAILED",0,"UP","Neutral","REAL MISSED SETUP","המחיר שבר את 940.24 — הסטאפ STRUCTURAL_BASE|11:12|11:17 בוטל"
"MU","2026-09-02","BLIND","11:54",942.73,0.62,0.12,"ARMED",3,"RANGE","Neutral","AMBIGUOUS","שפל 11:35 941.23 אבד ב-11:50, הוחזר ומחזיק 4 נרות; מבנה RANGE"
"MU","2026-09-02","BLIND","14:04",944.005,0.73,0.2,"WATCH",0,"UP","Good","REAL MISSED SETUP","אין מבנה כניסה"
"MU","2026-09-02","BLIND","14:35",949.39,0.63,0.19,"SETUP",3,"RANGE","Good","AMBIGUOUS","VWAP 943.36 אבד ב-14:16, הוחזר ומחזיק 13 נרות; מבנה RANGE"
"MU","2026-09-03","BLIND","09:36",921.845,2.92,0.14,"AVOID",0,"","","NO VALID ENTRY","פחות מ-15 נרות — אין מבנה"
"MU","2026-09-03","BLIND","10:13",933.72,0.62,0.39,"WATCH",0,"RANGE","Weak","REAL MISSED SETUP","טווח ללא כיוון"
"MU","2026-09-03","BLIND","10:44",933.0101,2.53,0,"WATCH",0,"RANGE","Weak","REAL MISSED SETUP","טווח ללא כיוון"
"MU","2026-09-03","BLIND","11:15",947.0228,0.57,0.24,"SETUP",7,"UP","Good","AMBIGUOUS","היפוך: שפל חדש נכשל ב-934.60, LH 934.50 (10:41) הוחזר ומחזיק 29 נרות, שפל גבוה יותר מעליו"
"MU","2026-09-03","BLIND","12:16",942.97,0.53,0.07,"WATCH",0,"RANGE","Neutral","REAL MISSED SETUP","טווח ללא כיוון"
"MU","2026-09-03","BLIND","13:24",941,0.52,0.05,"FAILED",0,"RANGE","Neutral","REAL MISSED SETUP","המבנה נעלם — הסטאפ RECLAIM_CONTINUATION|VWAP@941.56|13:21 בוטל"
"MU","2026-09-03","BLIND","15:34",948.25,1.13,0.08,"WATCH",0,"RANGE","Good","REAL MISSED SETUP","טווח ללא כיוון"
"MU","2026-09-04","DEV","09:31",982.0175,2.21,0.4,"AVOID",0,"","","NO VALID ENTRY","פחות מ-15 נרות — אין מבנה"
"MU","2026-09-04","DEV","10:09",993.805,0.98,0.35,"SETUP",5,"UP","Good","AMBIGUOUS","VWAP 986.00 אבד ב-09:46, הוחזר ומחזיק 7 נרות; מבנה RANGE"
"MU","2026-09-04","DEV","10:44",995.4999,0.8,0.31,"SETUP",5,"UP","Good","AMBIGUOUS","בסיס מבני: שפל מוגן 994.21 (10:31) מול התנגדות 1003.57 (10:37), 100% מהנרות החזיקו מעל השפל"
"MU","2026-09-04","DEV","11:46",997.405,0.57,0.1,"FAILED",0,"RANGE","Good","REAL MISSED SETUP","המחיר שבר את 998.25 — הסטאפ STRUCTURAL_BASE|11:38|11:42 בוטל"
"MU","2026-09-04","DEV","12:17",999.98,0.73,0.07,"SETUP",7,"UP","Strong","AMBIGUOUS","בסיס מבני: שפל מוגן 997.68 (12:03) מול התנגדות 1000.77 (12:05), 100% מהנרות החזיקו מעל השפל"
"MU","2026-09-04","DEV","14:03",997.94,0.51,0.08,"WATCH",0,"UP","Good","REAL MISSED SETUP","אין מבנה כניסה"
"MU","2026-09-04","DEV","15:17",1003.222,0.82,0.16,"WATCH",0,"UP","Good","REAL MISSED SETUP","המבנה הזה כבר פג היום — PULLBACK_CONTINUATION|15:07|14:59"
"MU","2026-09-04","DEV","15:48",1009.16,0.85,0.03,"ARMED",6,"RANGE","Good","AMBIGUOUS","היפוך: שפל חדש נכשל ב-1007.45, LH 1009.00 (15:41) הוחזר ומחזיק 4 נרות, ממתין לשפל גבוה יותר"
"PLTR","2026-08-28","DEV","10:10",184.9022,0.54,0.28,"AVOID",0,"DOWN","Avoid","NO VALID ENTRY","מבנה יורד עם שפל חדש. נדרש: שפל שנכשל, החזרת 185.97 והחזקה מעליו"
"PLTR","2026-08-28","DEV","10:41",185.78,0.85,0.09,"ARMED",5,"UP","Neutral","AMBIGUOUS","מבנה עולה, שפל גבוה יותר ב-185.40, פריצת השיא הקודם"
"PLTR","2026-08-28","DEV","11:18",187.3593,0.54,0.31,"ARMED",6,"UP","Good","AMBIGUOUS","מבנה עולה, שפל גבוה יותר ב-187.00, פריצת השיא הקודם"
"PLTR","2026-08-28","DEV","12:29",185.39,0.6,0.02,"WATCH",0,"RANGE","Weak","REAL MISSED SETUP","טווח ללא כיוון"
"PLTR","2026-08-28","DEV","15:05",185.85,0.55,0.1,"AVOID",0,"DOWN","Avoid","NO VALID ENTRY","מבנה יורד עם שפל חדש. נדרש: שפל שנכשל, החזרת 185.98 והחזקה מעליו"
"PLTR","2026-08-31","DEV","09:32",185.285,0.79,0.34,"AVOID",0,"","","NO VALID ENTRY","פחות מ-15 נרות — אין מבנה"
"PLTR","2026-08-31","DEV","10:07",184.4601,0.73,0.36,"AVOID",0,"DOWN","Avoid","NO VALID ENTRY","מבנה יורד עם שפל חדש. נדרש: שפל שנכשל, החזרת 185.78 והחזקה מעליו"
"PLTR","2026-08-31","DEV","10:38",185.33,0.57,0.2,"ARMED",5,"UP","Neutral","AMBIGUOUS","מבנה עולה, שפל גבוה יותר ב-184.96, פריצת השיא הקודם"
"PLTR","2026-08-31","DEV","11:59",185.91,0.73,0.09,"SETUP",7,"UP","Good","AMBIGUOUS","בסיס מבני: שפל מוגן 185.59 (11:48) מול התנגדות 186.40 (11:53), 100% מהנרות החזיקו מעל השפל"
"PLTR","2026-08-31","DEV","13:24",185.77,0.51,0.18,"AVOID",0,"DOWN","Neutral","NO VALID ENTRY","מבנה יורד עם שפל חדש. נדרש: שפל שנכשל, החזרת 186.08 והחזקה מעליו"
"PLTR","2026-09-01","DEV","09:52",182.27,2.27,0.29,"WATCH",0,"UP","Neutral","REAL MISSED SETUP","אין מבנה כניסה"
"PLTR","2026-09-01","DEV","12:22",182.15,0.56,0.14,"WATCH",0,"RANGE","Weak","REAL MISSED SETUP","טווח ללא כיוון"
"PLTR","2026-09-01","DEV","14:43",180.57,0.54,0.09,"AVOID",0,"DOWN","Avoid","NO VALID ENTRY","מבנה יורד עם שפל חדש. נדרש: שפל שנכשל, החזרת 181.44 והחזקה מעליו"
"PLTR","2026-09-02","BLIND","09:36",173.235,2.49,0.21,"AVOID",0,"","","NO VALID ENTRY","פחות מ-15 נרות — אין מבנה"
"PLTR","2026-09-02","BLIND","12:14",166.325,1.45,0.37,"WATCH",0,"RANGE","Weak","REAL MISSED SETUP","טווח ללא כיוון"
"PLTR","2026-09-02","BLIND","12:45",167.96,0.6,0.14,"ARMED",5,"UP","Neutral","AMBIGUOUS","מבנה עולה, שפל גבוה יותר ב-166.59, פריצת השיא הקודם"
"PLTR","2026-09-02","BLIND","13:16",167.99,0.77,0.14,"AVOID",0,"DOWN","Avoid","NO VALID ENTRY","מבנה יורד עם שפל חדש. נדרש: שפל שנכשל, החזרת 168.34 והחזקה מעליו"
"PLTR","2026-09-02","BLIND","13:47",169.38,0.6,0.11,"ARMED",5,"UP","Neutral","AMBIGUOUS","מבנה עולה, שפל גבוה יותר ב-168.34, פריצת השיא הקודם"
"PLTR","2026-09-02","BLIND","15:27",168.75,0.72,0.01,"WATCH",0,"UP","Weak","REAL MISSED SETUP","אין מבנה כניסה"
"PLTR","2026-09-03","BLIND","09:32",174.31,5.51,-0.07,"AVOID",0,"","","NO VALID ENTRY","פחות מ-15 נרות — אין מבנה"
"PLTR","2026-09-03","BLIND","13:40",182.86,0.51,0.07,"ARMED",5,"RANGE","Good","AMBIGUOUS","שפל 13:10 182.69 אבד ב-13:19, הוחזר ומחזיק 10 נרות; מבנה RANGE"
"PLTR","2026-09-03","BLIND","14:52",183.075,0.51,0.15,"ARMED",4,"RANGE","Good","AMBIGUOUS","שפל 14:01 182.92 אבד ב-14:46, הוחזר ומחזיק 2 נרות; מבנה RANGE"
"PLTR","2026-09-04","DEV","10:18",176.2694,0.53,0.29,"WATCH",0,"RANGE","Weak","REAL MISSED SETUP","טווח ללא כיוון"
"PLTR","2026-09-04","DEV","10:49",176.05,0.74,0.22,"WATCH",0,"UP","Weak","REAL MISSED SETUP","אין מבנה כניסה"
"PLTR","2026-09-04","DEV","14:01",174.045,0.54,0.02,"AVOID",0,"DOWN","Avoid","NO VALID ENTRY","מבנה יורד עם שפל חדש. נדרש: שפל שנכשל, החזרת 174.37 והחזקה מעליו"
"NFLX","2026-08-28","DEV","09:30",80.04,1.37,0.11,"AVOID",0,"","","NO VALID ENTRY","פחות מ-15 נרות — אין מבנה"
"NFLX","2026-08-28","DEV","10:01",80.92,0.7,0.29,"ARMED",5,"UP","Good","AMBIGUOUS","VWAP 80.50 אבד ב-09:42, הוחזר ומחזיק 13 נרות; מבנה RANGE"
"NFLX","2026-08-28","DEV","10:32",81.39,1.18,0.08,"ARMED",7,"UP","Strong","AMBIGUOUS","מבנה עולה, שפל גבוה יותר ב-81.07, פריצת השיא הקודם"
"NFLX","2026-08-31","DEV","09:33",80.9501,0.69,0.19,"AVOID",0,"","","NO VALID ENTRY","פחות מ-15 נרות — אין מבנה"
"NFLX","2026-08-31","DEV","10:27",80.9,0.56,0.11,"WATCH",0,"UP","Weak","REAL MISSED SETUP","אין מבנה כניסה"
"NFLX","2026-09-01","DEV","09:30",79.705,1.69,0.04,"AVOID",0,"","","NO VALID ENTRY","פחות מ-15 נרות — אין מבנה"
"NFLX","2026-09-01","DEV","10:01",81.05,1.33,0.15,"SETUP",8,"UP","Strong","AMBIGUOUS","מבנה עולה, שפל גבוה יותר ב-80.77"
"NFLX","2026-09-01","DEV","13:25",80.8782,0.51,0.02,"WATCH",0,"RANGE","Neutral","REAL MISSED SETUP","טווח ללא כיוון"
"NFLX","2026-09-02","BLIND","09:30",80.345,3.45,0.06,"AVOID",0,"","","NO VALID ENTRY","פחות מ-15 נרות — אין מבנה"
"NFLX","2026-09-02","BLIND","10:14",82.215,0.53,0.07,"WATCH",0,"UP","Good","REAL MISSED SETUP","אין מבנה כניסה"
"NFLX","2026-09-02","BLIND","13:16",81.8947,0.52,0.12,"WATCH",0,"UP","Neutral","REAL MISSED SETUP","אין מבנה כניסה"
"NFLX","2026-09-03","BLIND","10:39",82.105,0.51,0.36,"WATCH",0,"RANGE","Weak","REAL MISSED SETUP","טווח ללא כיוון"
"NFLX","2026-09-03","BLIND","12:31",81.7975,0.71,0.2,"WATCH",0,"RANGE","Weak","REAL MISSED SETUP","טווח ללא כיוון"
"NFLX","2026-09-03","BLIND","13:20",82.255,1.12,0.01,"WATCH",0,"UP","Neutral","REAL MISSED SETUP","המבנה הזה כבר פג היום — REVERSAL|13:04|12:40"
"NFLX","2026-09-04","DEV","11:38",79.045,0.61,0.17,"WATCH",0,"RANGE","Weak","REAL MISSED SETUP","טווח ללא כיוון"
"NFLX","2026-09-04","DEV","12:09",79.18,0.52,0.01,"WATCH",0,"RANGE","Weak","REAL MISSED SETUP","טווח ללא כיוון"
"ORCL","2026-08-28","DEV","10:10",150.61,1.02,0.39,"WATCH",0,"RANGE","Avoid","REAL MISSED SETUP","טווח ללא כיוון"
"ORCL","2026-08-28","DEV","10:41",152.09,0.72,0.14,"ARMED",6,"RANGE","Weak","AMBIGUOUS","היפוך: שפל חדש נכשל ב-150.92, LH 151.60 (10:29) הוחזר ומחזיק 5 נרות, ממתין לשפל גבוה יותר"
"ORCL","2026-08-28","DEV","11:59",150.74,0.64,0.36,"WATCH",0,"UP","Weak","REAL MISSED SETUP","אין מבנה כניסה"
"ORCL","2026-08-28","DEV","13:00",149.96,0.5,0.17,"AVOID",0,"DOWN","Avoid","NO VALID ENTRY","מבנה יורד עם שפל חדש. נדרש: שפל שנכשל, החזרת 150.75 והחזקה מעליו"
"ORCL","2026-08-28","DEV","13:34",150.49,0.59,0.24,"ARMED",5,"UP","Neutral","AMBIGUOUS","מבנה עולה, שפל גבוה יותר ב-150.18, פריצת השיא הקודם"
"ORCL","2026-08-28","DEV","14:50",150.64,0.68,0.03,"FAILED",0,"RANGE","Weak","REAL MISSED SETUP","המחיר שבר את 150.66 — הסטאפ PULLBACK_CONTINUATION@150.66 בוטל"
"ORCL","2026-08-28","DEV","15:47",150.81,0.51,0.2,"WATCH",0,"RANGE","Weak","REAL MISSED SETUP","טווח ללא כיוון"
"ORCL","2026-08-31","DEV","09:38",148.33,0.71,0.39,"AVOID",0,"","","NO VALID ENTRY","פחות מ-15 נרות — אין מבנה"
"ORCL","2026-08-31","DEV","10:09",148.49,0.54,0.16,"SETUP",3,"RANGE","Avoid","AMBIGUOUS","מבנה עולה, שפל גבוה יותר ב-147.99"
"ORCL","2026-08-31","DEV","10:40",149.105,0.71,0.31,"ARMED",6,"RANGE","Neutral","AMBIGUOUS","היפוך: שפל חדש נכשל ב-148.50, LH 148.91 (10:31) הוחזר ומחזיק 5 נרות, ממתין לשפל גבוה יותר"
"ORCL","2026-08-31","DEV","13:11",148.665,0.52,0.11,"AVOID",0,"DOWN","Weak","NO VALID ENTRY","מבנה יורד. נדרש: שפל שנכשל, החזרת 149.25 והחזקה מעליו"
"ORCL","2026-08-31","DEV","13:42",149.47,0.73,0.03,"ARMED",4,"DOWN","Neutral","AMBIGUOUS","היפוך: שפל חדש נכשל ב-148.76, LH 149.08 (13:24) הוחזר ומחזיק 7 נרות, ממתין לשפל גבוה יותר"
"ORCL","2026-08-31","DEV","14:39",150.44,0.53,0.06,"ARMED",6,"RANGE","Good","AMBIGUOUS","בסיס מבני: שפל מוגן 150.28 (14:22) מול התנגדות 150.65 (14:23), 100% מהנרות החזיקו מעל השפל"
"ORCL","2026-09-01","DEV","09:30",143.68,1.8,0.23,"AVOID",0,"","","NO VALID ENTRY","פחות מ-15 נרות — אין מבנה"
"ORCL","2026-09-01","DEV","10:27",142.8005,0.57,0.1,"AVOID",0,"DOWN","Avoid","NO VALID ENTRY","מבנה יורד עם שפל חדש. נדרש: שפל שנכשל, החזרת 143.90 והחזקה מעליו"
"ORCL","2026-09-01","DEV","11:14",142.12,0.58,0.02,"AVOID",0,"DOWN","Avoid","NO VALID ENTRY","מבנה יורד עם שפל חדש. נדרש: שפל שנכשל, החזרת 142.59 והחזקה מעליו"
"ORCL","2026-09-01","DEV","13:23",140.63,0.53,0.25,"AVOID",0,"DOWN","Avoid","NO VALID ENTRY","מבנה יורד עם שפל חדש. נדרש: שפל שנכשל, החזרת 141.03 והחזקה מעליו"
"ORCL","2026-09-01","DEV","14:41",140.15,0.56,0.14,"AVOID",0,"DOWN","Avoid","NO VALID ENTRY","מבנה יורד עם שפל חדש. נדרש: שפל שנכשל, החזרת 140.97 והחזקה מעליו"
"ORCL","2026-09-02","BLIND","09:30",140.17,2.72,-0.06,"AVOID",0,"","","NO VALID ENTRY","פחות מ-15 נרות — אין מבנה"
"ORCL","2026-09-02","BLIND","10:01",143.48,1.48,-0.01,"SETUP",5,"RANGE","Good","AMBIGUOUS","שפל 09:53 143.25 אבד ב-09:58, הוחזר ומחזיק 3 נרות; מבנה RANGE"
"ORCL","2026-09-02","BLIND","10:32",144.69,0.9,0.1,"ARMED",3,"RANGE","Good","AMBIGUOUS","שפל 10:12 144.66 אבד ב-10:30, הוחזר ומחזיק 2 נרות; מבנה RANGE"
"ORCL","2026-09-02","BLIND","12:08",144.06,0.54,0.17,"AVOID",0,"DOWN","Neutral","NO VALID ENTRY","מבנה יורד עם שפל חדש. נדרש: שפל שנכשל, החזרת 144.49 והחזקה מעליו"
"ORCL","2026-09-02","BLIND","12:41",144.498,0.53,0.03,"ARMED",5,"RANGE","Good","AMBIGUOUS","היפוך: שפל חדש נכשל ב-143.81, LH 144.25 (12:17) הוחזר ומחזיק 10 נרות, ממתין לשפל גבוה יותר"
"ORCL","2026-09-02","BLIND","14:01",145.45,0.58,0.03,"ARMED",5,"RANGE","Good","AMBIGUOUS","היפוך: שפל חדש נכשל ב-144.84, LH 145.10 (13:40) הוחזר ומחזיק 17 נרות, ממתין לשפל גבוה יותר"
"ORCL","2026-09-02","BLIND","14:54",145.9,0.54,0.08,"SETUP",1,"DOWN","Neutral","AMBIGUOUS","שפל 14:25 145.98 אבד ב-14:42, הוחזר ומחזיק 10 נרות; מבנה RANGE"
"ORCL","2026-09-02","BLIND","15:25",145.82,0.53,0.03,"WATCH",0,"UP","Good","REAL MISSED SETUP","אין מבנה כניסה"
"ORCL","2026-09-03","BLIND","09:32",148.2248,0.93,0.33,"AVOID",0,"","","NO VALID ENTRY","פחות מ-15 נרות — אין מבנה"
"ORCL","2026-09-03","BLIND","10:03",149.1,2.33,0.12,"SETUP",5,"RANGE","Good","AMBIGUOUS","VWAP 148.65 אבד ב-10:01, הוחזר ומחזיק 2 נרות; מבנה RANGE"
"ORCL","2026-09-03","BLIND","12:18",153.61,0.51,0.37,"SETUP",4,"RANGE","Good","AMBIGUOUS","שפל 11:56 153.24 אבד ב-12:07, הוחזר ומחזיק 11 נרות; מבנה RANGE"
"ORCL","2026-09-03","BLIND","12:55",153.91,0.51,0.12,"SETUP",7,"UP","Strong","AMBIGUOUS","נסיגה 2.1× ATR מהשיא 154.40, שפל גבוה יותר מאושר 153.74 (12:51)"
"ORCL","2026-09-03","BLIND","13:43",153.53,1.8,0.04,"WATCH",0,"RANGE","Good","REAL MISSED SETUP","טווח ללא כיוון"
"ORCL","2026-09-03","BLIND","14:16",155.895,0.56,0.36,"SETUP",7,"UP","Strong","AMBIGUOUS","מבנה עולה, שפל גבוה יותר ב-155.22, פריצת השיא הקודם"
"ORCL","2026-09-03","BLIND","14:55",155.24,0.52,0.3,"FAILED",0,"UP","Good","REAL MISSED SETUP","המחיר שבר את 155.35 — הסטאפ PULLBACK_CONTINUATION|14:51|14:49 בוטל"
"ORCL","2026-09-04","DEV","09:46",157.17,0.95,0.17,"WATCH",0,"RANGE","Avoid","REAL MISSED SETUP","טווח ללא כיוון"
"ORCL","2026-09-04","DEV","10:19",157.205,1.05,0,"FAILED",0,"UP","Weak","REAL MISSED SETUP","המחיר שבר את 157.55 — הסטאפ PULLBACK_CONTINUATION@157.55 בוטל"
"ORCL","2026-09-04","DEV","11:21",157.05,0.53,0.03,"AVOID",0,"DOWN","Avoid","NO VALID ENTRY","מבנה יורד עם שפל חדש. נדרש: שפל שנכשל, החזרת 158.60 והחזקה מעליו"
"ORCL","2026-09-04","DEV","12:27",157.89,0.54,0.3,"ARMED",6,"UP","Neutral","AMBIGUOUS","היפוך: שפל חדש נכשל ב-157.44, LH 157.64 (11:50) הוחזר ומחזיק 21 נרות, ממתין לשפל גבוה יותר"
"ORCL","2026-09-04","DEV","15:17",156.92,0.53,0.13,"AVOID",0,"DOWN","Avoid","NO VALID ENTRY","מבנה יורד עם שפל חדש. נדרש: שפל שנכשל, החזרת 157.38 והחזקה מעליו"
"ORCL","2026-09-04","DEV","15:48",157.48,0.87,0.15,"WATCH",0,"UP","Neutral","REAL MISSED SETUP","אין מבנה כניסה"
"CRM","2026-08-28","DEV","09:32",254.91,2.59,0.3,"AVOID",0,"","","NO VALID ENTRY","פחות מ-15 נרות — אין מבנה"
"CRM","2026-08-28","DEV","10:25",257.4899,1.61,0.18,"AVOID",0,"DOWN","Neutral","NO VALID ENTRY","מבנה יורד עם שפל חדש. נדרש: שפל שנכשל, החזרת 259.87 והחזקה מעליו"
"CRM","2026-08-28","DEV","10:56",261.0883,0.94,0.34,"SETUP",7,"UP","Strong","AMBIGUOUS","מבנה עולה, שפל גבוה יותר ב-259.11, פריצת השיא הקודם"
"CRM","2026-08-28","DEV","11:45",260.1501,0.84,0.18,"WATCH",0,"RANGE","Good","REAL MISSED SETUP","טווח ללא כיוון"
"CRM","2026-08-28","DEV","12:18",259.365,0.52,0.29,"WATCH",0,"RANGE","Good","REAL MISSED SETUP","טווח ללא כיוון"
"CRM","2026-08-28","DEV","13:08",258.9386,0.53,0.04,"ARMED",3,"RANGE","Neutral","AMBIGUOUS","VWAP 259.03 אבד ב-13:04, הוחזר ומחזיק 3 נרות; מבנה RANGE"
"CRM","2026-08-28","DEV","13:39",259.565,0.7,0.13,"WATCH",0,"UP","Strong","REAL MISSED SETUP","המבנה הזה כבר פג היום — REVERSAL|13:23|13:21"
"CRM","2026-08-28","DEV","14:48",258.34,0.7,0.26,"AVOID",0,"DOWN","Weak","NO VALID ENTRY","מבנה יורד עם שפל חדש. נדרש: שפל שנכשל, החזרת 259.88 והחזקה מעליו"
"CRM","2026-08-31","DEV","09:53",256.65,1.18,0.02,"FAILED",0,"UP","Neutral","REAL MISSED SETUP","המחיר שבר את 257.50 — הסטאפ RECLAIM_CONTINUATION|VWAP@257.79|09:42 בוטל"
"CRM","2026-08-31","DEV","10:44",258.64,0.7,0.09,"FAILED",0,"RANGE","Good","REAL MISSED SETUP","המחיר שבר את 258.82 — הסטאפ STRUCTURAL_BASE|10:34|10:39 בוטל"
"CRM","2026-08-31","DEV","11:24",260.28,0.56,0.31,"SETUP",7,"UP","Strong","AMBIGUOUS","מבנה עולה, שפל גבוה יותר ב-259.47, פריצת השיא הקודם"
"CRM","2026-08-31","DEV","13:26",260.645,0.52,0.15,"ARMED",5,"UP","Good","AMBIGUOUS","מבנה עולה, שפל גבוה יותר ב-260.34"
"CRM","2026-09-01","DEV","09:54",255.33,1.67,0.1,"AVOID",0,"DOWN","Avoid","NO VALID ENTRY","מבנה יורד. נדרש: שפל שנכשל, החזרת 258.88 והחזקה מעליו"
"CRM","2026-09-01","DEV","10:25",259.795,0.97,0.18,"SETUP",7,"UP","Good","AMBIGUOUS","מבנה עולה, שפל גבוה יותר ב-258.27, פריצת השיא הקודם"
"CRM","2026-09-01","DEV","11:09",256.87,0.62,0.13,"WATCH",0,"UP","Neutral","REAL MISSED SETUP","אין מבנה כניסה"
"CRM","2026-09-01","DEV","12:30",254.93,0.61,0.27,"AVOID",0,"DOWN","Weak","NO VALID ENTRY","מבנה יורד עם שפל חדש. נדרש: שפל שנכשל, החזרת 256.61 והחזקה מעליו"
"CRM","2026-09-01","DEV","13:01",256.265,0.75,0.07,"AVOID",0,"DOWN","Weak","NO VALID ENTRY","מבנה יורד עם שפל חדש. נדרש: שפל שנכשל, החזרת 255.14 והחזקה מעליו"
"CRM","2026-09-01","DEV","14:59",256.96,0.61,0.03,"WATCH",0,"RANGE","Weak","REAL MISSED SETUP","טווח ללא כיוון"
"CRM","2026-09-02","BLIND","09:30",260.07,1.72,0.07,"AVOID",0,"","","NO VALID ENTRY","פחות מ-15 נרות — אין מבנה"
"CRM","2026-09-02","BLIND","10:23",255.98,0.58,0.39,"WATCH",0,"RANGE","Weak","REAL MISSED SETUP","טווח ללא כיוון"
"CRM","2026-09-02","BLIND","11:38",254.1025,0.55,0.2,"AVOID",0,"DOWN","Avoid","NO VALID ENTRY","מבנה יורד עם שפל חדש. נדרש: שפל שנכשל, החזרת 256.32 והחזקה מעליו"
"CRM","2026-09-02","BLIND","12:17",254.035,0.55,0.07,"WATCH",0,"UP","Weak","REAL MISSED SETUP","אין מבנה כניסה"
"CRM","2026-09-02","BLIND","13:20",253.95,0.53,0.02,"AVOID",0,"DOWN","Avoid","NO VALID ENTRY","מבנה יורד עם שפל חדש. נדרש: שפל שנכשל, החזרת 254.21 והחזקה מעליו"
"CRM","2026-09-03","BLIND","09:30",263.465,1.35,0.07,"AVOID",0,"","","NO VALID ENTRY","פחות מ-15 נרות — אין מבנה"
"CRM","2026-09-03","BLIND","10:01",266.4,0.7,0.21,"SETUP",5,"RANGE","Good","AMBIGUOUS","VWAP 264.80 אבד ב-09:52, הוחזר ומחזיק 5 נרות; מבנה RANGE"
"CRM","2026-09-03","BLIND","10:52",263.64,0.53,0.3,"AVOID",0,"DOWN","Weak","NO VALID ENTRY","מבנה יורד עם שפל חדש. נדרש: שפל שנכשל, החזרת 265.84 והחזקה מעליו"
"CRM","2026-09-03","BLIND","11:35",263.98,0.59,0.15,"AVOID",0,"DOWN","Weak","NO VALID ENTRY","מבנה יורד עם שפל חדש. נדרש: שפל שנכשל, החזרת 264.79 והחזקה מעליו"
"CRM","2026-09-03","BLIND","13:17",264.3,0.63,0,"AVOID",0,"DOWN","Weak","NO VALID ENTRY","מבנה יורד עם שפל חדש. נדרש: שפל שנכשל, החזרת 265.25 והחזקה מעליו"
"CRM","2026-09-04","DEV","09:34",260.06,0.91,0.38,"AVOID",0,"","","NO VALID ENTRY","פחות מ-15 נרות — אין מבנה"
"CRM","2026-09-04","DEV","10:08",259.24,0.6,-0.03,"WATCH",0,"RANGE","Avoid","REAL MISSED SETUP","טווח ללא כיוון"
"CRM","2026-09-04","DEV","11:02",258.06,0.63,0.09,"AVOID",0,"DOWN","Avoid","NO VALID ENTRY","מבנה יורד עם שפל חדש. נדרש: שפל שנכשל, החזרת 260.27 והחזקה מעליו"
"CRM","2026-09-04","DEV","12:56",259.725,0.56,0,"AVOID",0,"DOWN","Weak","NO VALID ENTRY","מבנה יורד עם שפל חדש. נדרש: שפל שנכשל, החזרת 260.17 והחזקה מעליו"