symbol,date,status,reason,expected,unique,coverage,missing,dupes,first,last,missingList,dupeList
"AAPL","2026-09-08","FULL","",390,390,100,0,0,"09:30","15:59","",""
"AAPL","2026-09-09","FULL","",390,390,100,0,0,"09:30","15:59","",""
"AAPL","2026-09-10","FULL","",390,390,100,0,0,"09:30","15:59","",""
"AAPL","2026-09-11","FULL","",390,390,100,0,0,"09:30","15:59","",""
"AAPL","2026-09-14","FULL","",390,390,100,0,0,"09:30","15:59","",""
"AAPL","2026-09-15","FULL","",390,390,100,0,0,"09:30","15:59","",""
"AAPL","2026-09-16","FULL","",390,390,100,0,0,"09:30","15:59","",""
"ABBV","2026-09-08","FULL","",390,390,100,0,0,"09:30","15:59","",""
"ABBV","2026-09-09","FULL","",390,390,100,0,0,"09:30","15:59","",""
"ABBV","2026-09-10","FULL","",390,390,100,0,0,"09:30","15:59","",""
"ABBV","2026-09-11","FULL","",390,390,100,0,0,"09:30","15:59","",""
"ABBV","2026-09-14","FULL","",390,390,100,0,0,"09:30","15:59","",""
"ABBV","2026-09-15","FULL","",390,390,100,0,0,"09:30","15:59","",""
"ABBV","2026-09-16","FULL","",390,390,100,0,0,"09:30","15:59","",""
"ABNB","2026-09-02","FULL","",390,390,100,0,0,"09:30","15:59","",""
"ABNB","2026-09-03","FULL","",390,390,100,0,0,"09:30","15:59","",""
"ABNB","2026-09-04","FULL","",390,390,100,0,0,"09:30","15:59","",""
"ABNB","2026-09-08","FULL","",390,390,100,0,0,"09:30","15:59","",""
"ABNB","2026-09-09","FULL","",390,390,100,0,0,"09:30","15:59","",""
"ABNB","2026-09-10","FULL","",390,390,100,0,0,"09:30","15:59","",""
"ABNB","2026-09-11","PARTIAL","1 duplicate timestamps",390,390,100,0,1,"09:30","15:59","","14:17"
"ABT","2026-09-08","FULL","",390,390,100,0,0,"09:30","15:59","",""
"ABT","2026-09-09","FULL","",390,390,100,0,0,"09:30","15:59","",""
"ABT","2026-09-10","FULL","",390,390,100,0,0,"09:30","15:59","",""
"ABT","2026-09-11","FULL","",390,390,100,0,0,"09:30","15:59","",""
"ABT","2026-09-14","FULL","",390,390,100,0,0,"09:30","15:59","",""
"ABT","2026-09-15","FULL","",390,390,100,0,0,"09:30","15:59","",""
"ABT","2026-09-16","FULL","",390,390,100,0,0,"09:30","15:59","",""
"ADBE","2026-09-08","FULL","",390,390,100,0,0,"09:30","15:59","",""
"ADBE","2026-09-09","FULL","",390,390,100,0,0,"09:30","15:59","",""
"ADBE","2026-09-10","FULL","",390,390,100,0,0,"09:30","15:59","",""
"ADBE","2026-09-11","FULL","",390,390,100,0,0,"09:30","15:59","",""
"ADBE","2026-09-14","FULL","",390,390,100,0,0,"09:30","15:59","",""
"ADBE","2026-09-15","FULL","",390,390,100,0,0,"09:30","15:59","",""
"ADBE","2026-09-16","FULL","",390,390,100,0,0,"09:30","15:59","",""
"ADI","2026-09-08","FULL","",390,390,100,0,0,"09:30","15:59","",""
"ADI","2026-09-09","PARTIAL","1 duplicate timestamps",390,390,100,0,1,"09:30","15:59","","14:45"
"ADI","2026-09-10","FULL","",390,390,100,0,0,"09:30","15:59","",""
"ADI","2026-09-11","FULL","",390,390,100,0,0,"09:30","15:59","",""
"ADI","2026-09-14","FULL","",390,390,100,0,0,"09:30","15:59","",""
"ADI","2026-09-15","FULL","",390,390,100,0,0,"09:30","15:59","",""
"ADP","2026-09-08","FULL","",390,390,100,0,0,"09:30","15:59","",""
"ADP","2026-09-09","PARTIAL","1 duplicate timestamps",390,390,100,0,1,"09:30","15:59","","13:55"
"ADP","2026-09-10","FULL","",390,390,100,0,0,"09:30","15:59","",""
"ADP","2026-09-11","PARTIAL","2 duplicate timestamps",390,390,100,0,2,"09:30","15:59","","13:20 14:53"
"ADP","2026-09-14","FULL","",390,390,100,0,0,"09:30","15:59","",""
"ADP","2026-09-15","FULL","",390,390,100,0,0,"09:30","15:59","",""
"ALAB","2026-09-02","FULL","",390,390,100,0,0,"09:30","15:59","",""
"ALAB","2026-09-03","FULL","",390,390,100,0,0,"09:30","15:59","",""
"ALAB","2026-09-04","FULL","",390,390,100,0,0,"09:30","15:59","",""
"ALAB","2026-09-08","FULL","",390,390,100,0,0,"09:30","15:59","",""
"ALAB","2026-09-09","FULL","",390,390,100,0,0,"09:30","15:59","",""
"ALAB","2026-09-10","FULL","",390,390,100,0,0,"09:30","15:59","",""
"ALAB","2026-09-11","FULL","",390,390,100,0,0,"09:30","15:59","",""
"AMD","2026-09-08","FULL","",390,390,100,0,0,"09:30","15:59","",""
"AMD","2026-09-09","FULL","",390,390,100,0,0,"09:30","15:59","",""
"AMD","2026-09-10","FULL","",390,390,100,0,0,"09:30","15:59","",""
"AMD","2026-09-11","FULL","",390,390,100,0,0,"09:30","15:59","",""
"AMD","2026-09-14","FULL","",390,390,100,0,0,"09:30","15:59","",""
"AMD","2026-09-15","FULL","",390,390,100,0,0,"09:30","15:59","",""
"AMD","2026-09-16","FULL","",390,390,100,0,0,"09:30","15:59","",""
"AMGN","2026-09-08","FULL","",390,390,100,0,0,"09:30","15:59","",""
"AMGN","2026-09-09","FULL","",390,390,100,0,0,"09:30","15:59","",""
"AMGN","2026-09-10","FULL","",390,390,100,0,0,"09:30","15:59","",""
"AMGN","2026-09-11","FULL","",390,390,100,0,0,"09:30","15:59","",""
"AMGN","2026-09-14","FULL","",390,390,100,0,0,"09:30","15:59","",""
"AMGN","2026-09-15","FULL","",390,390,100,0,0,"09:30","15:59","",""
"AMGN","2026-09-16","FULL","",390,390,100,0,0,"09:30","15:59","",""
"AMT","2026-09-08","FULL","",390,390,100,0,0,"09:30","15:59","",""
"AMT","2026-09-09","PARTIAL","1 duplicate timestamps",390,390,100,0,1,"09:30","15:59","","14:21"
"AMT","2026-09-10","FULL","",390,390,100,0,0,"09:30","15:59","",""
"AMT","2026-09-11","FULL","",390,390,100,0,0,"09:30","15:59","",""
"AMT","2026-09-14","PARTIAL","1 duplicate timestamps",390,390,100,0,1,"09:30","15:59","","09:37"
"AMT","2026-09-15","FULL","",390,390,100,0,0,"09:30","15:59","",""
"AMZN","2026-09-08","FULL","",390,390,100,0,0,"09:30","15:59","",""
"AMZN","2026-09-09","FULL","",390,390,100,0,0,"09:30","15:59","",""
"AMZN","2026-09-10","FULL","",390,390,100,0,0,"09:30","15:59","",""
"AMZN","2026-09-11","FULL","",390,390,100,0,0,"09:30","15:59","",""
"AMZN","2026-09-14","FULL","",390,390,100,0,0,"09:30","15:59","",""
"AMZN","2026-09-15","FULL","",390,390,100,0,0,"09:30","15:59","",""
"AMZN","2026-09-16","FULL","",390,390,100,0,0,"09:30","15:59","",""
"ANET","2026-09-08","FULL","",390,390,100,0,0,"09:30","15:59","",""
"ANET","2026-09-09","FULL","",390,390,100,0,0,"09:30","15:59","",""
"ANET","2026-09-10","FULL","",390,390,100,0,0,"09:30","15:59","",""
"ANET","2026-09-11","FULL","",390,390,100,0,0,"09:30","15:59","",""
"ANET","2026-09-14","FULL","",390,390,100,0,0,"09:30","15:59","",""
"ANET","2026-09-15","FULL","",390,390,100,0,0,"09:30","15:59","",""
"APH","2026-09-08","FULL","",390,390,100,0,0,"09:30","15:59","",""
"APH","2026-09-09","FULL","",390,390,100,0,0,"09:30","15:59","",""
"APH","2026-09-10","FULL","",390,390,100,0,0,"09:30","15:59","",""
"APH","2026-09-11","FULL","",390,390,100,0,0,"09:30","15:59","",""
"APH","2026-09-14","FULL","",390,390,100,0,0,"09:30","15:59","",""
"APH","2026-09-15","FULL","",390,390,100,0,0,"09:30","15:59","",""
"APP","2026-09-02","FULL","",390,390,100,0,0,"09:30","15:59","",""
"APP","2026-09-03","FULL","",390,390,100,0,0,"09:30","15:59","",""
"APP","2026-09-04","FULL","",390,390,100,0,0,"09:30","15:59","",""
"APP","2026-09-08","FULL","",390,390,100,0,0,"09:30","15:59","",""
"APP","2026-09-09","FULL","",390,390,100,0,0,"09:30","15:59","",""
"APP","2026-09-10","FULL","",390,390,100,0,0,"09:30","15:59","",""
"APP","2026-09-11","FULL","",390,390,100,0,0,"09:30","15:59","",""
"ARM","2026-09-02","FULL","",390,390,100,0,0,"09:30","15:59","",""
"ARM","2026-09-03","FULL","",390,390,100,0,0,"09:30","15:59","",""
"ARM","2026-09-04","FULL","",390,390,100,0,0,"09:30","15:59","",""
"ARM","2026-09-08","FULL","",390,390,100,0,0,"09:30","15:59","",""
"ARM","2026-09-09","PARTIAL","1 duplicate timestamps",390,390,100,0,1,"09:30","15:59","","13:41"
"ARM","2026-09-10","FULL","",390,390,100,0,0,"09:30","15:59","",""
"ARM","2026-09-11","FULL","",390,390,100,0,0,"09:30","15:59","",""
"ASML","2026-09-02","FULL","",390,390,100,0,0,"09:30","15:59","",""
"ASML","2026-09-03","FULL","",390,390,100,0,0,"09:30","15:59","",""
"ASML","2026-09-04","FULL","",390,390,100,0,0,"09:30","15:59","",""
"ASML","2026-09-08","FULL","",390,390,100,0,0,"09:30","15:59","",""
"ASML","2026-09-09","FULL","",390,390,100,0,0,"09:30","15:59","",""
"ASML","2026-09-10","FULL","",390,390,100,0,0,"09:30","15:59","",""
"ASML","2026-09-11","FULL","",390,390,100,0,0,"09:30","15:59","",""
"AVGO","2026-09-08","FULL","",390,390,100,0,0,"09:30","15:59","",""
"AVGO","2026-09-09","FULL","",390,390,100,0,0,"09:30","15:59","",""
"AVGO","2026-09-10","FULL","",390,390,100,0,0,"09:30","15:59","",""
"AVGO","2026-09-11","FULL","",390,390,100,0,0,"09:30","15:59","",""
"AVGO","2026-09-14","FULL","",390,390,100,0,0,"09:30","15:59","",""
"AVGO","2026-09-15","FULL","",390,390,100,0,0,"09:30","15:59","",""
"AVGO","2026-09-16","FULL","",390,390,100,0,0,"09:30","15:59","",""
"AXP","2026-09-08","FULL","",390,390,100,0,0,"09:30","15:59","",""
"AXP","2026-09-09","FULL","",390,390,100,0,0,"09:30","15:59","",""
"AXP","2026-09-10","FULL","",390,390,100,0,0,"09:30","15:59","",""
"AXP","2026-09-11","FULL","",390,390,100,0,0,"09:30","15:59","",""
"AXP","2026-09-14","FULL","",390,390,100,0,0,"09:30","15:59","",""
"AXP","2026-09-15","FULL","",390,390,100,0,0,"09:30","15:59","",""
"AXP","2026-09-16","FULL","",390,390,100,0,0,"09:30","15:59","",""
"BAC","2026-09-08","FULL","",390,390,100,0,0,"09:30","15:59","",""
"BAC","2026-09-09","FULL","",390,390,100,0,0,"09:30","15:59","",""
"BAC","2026-09-10","FULL","",390,390,100,0,0,"09:30","15:59","",""
"BAC","2026-09-11","FULL","",390,390,100,0,0,"09:30","15:59","",""
"BAC","2026-09-14","FULL","",390,390,100,0,0,"09:30","15:59","",""
"BAC","2026-09-15","FULL","",390,390,100,0,0,"09:30","15:59","",""
"BAC","2026-09-16","FULL","",390,390,100,0,0,"09:30","15:59","",""
"BKNG","2026-09-08","FULL","",390,390,100,0,0,"09:30","15:59","",""
"BKNG","2026-09-09","FULL","",390,390,100,0,0,"09:30","15:59","",""
"BKNG","2026-09-10","FULL","",390,390,100,0,0,"09:30","15:59","",""
"BKNG","2026-09-11","FULL","",390,390,100,0,0,"09:30","15:59","",""
"BKNG","2026-09-14","FULL","",390,390,100,0,0,"09:30","15:59","",""
"BKNG","2026-09-15","FULL","",390,390,100,0,0,"09:30","15:59","",""
"BKNG","2026-09-16","FULL","",390,390,100,0,0,"09:30","15:59","",""
"BLK","2026-09-08","PARTIAL","1 duplicate timestamps",390,390,100,0,1,"09:30","15:59","","11:49"
"BLK","2026-09-09","PARTIAL","2 duplicate timestamps",390,390,100,0,2,"09:30","15:59","","09:55 15:23"
"BLK","2026-09-10","PARTIAL","1 duplicate timestamps",390,390,100,0,1,"09:30","15:59","","12:25"
"BLK","2026-09-11","PARTIAL","5 duplicate timestamps",390,390,100,0,5,"09:30","15:59","","12:45 12:55 13:50 14:51 15:41"
"BLK","2026-09-14","FULL","",390,390,100,0,0,"09:30","15:59","",""
"BLK","2026-09-15","PARTIAL","1 duplicate timestamps",390,390,100,0,1,"09:30","15:59","","09:32"
"BLK","2026-09-16","FULL","",390,390,100,0,0,"09:30","15:59","",""
"BMY","2026-09-08","FULL","",390,390,100,0,0,"09:30","15:59","",""
"BMY","2026-09-09","FULL","",390,390,100,0,0,"09:30","15:59","",""
"BMY","2026-09-10","FULL","",390,390,100,0,0,"09:30","15:59","",""
"BMY","2026-09-11","FULL","",390,390,100,0,0,"09:30","15:59","",""
"BMY","2026-09-14","FULL","",390,390,100,0,0,"09:30","15:59","",""
"BMY","2026-09-15","FULL","",390,390,100,0,0,"09:30","15:59","",""
"BRK-B","2026-09-08","FULL","",390,390,100,0,0,"09:30","15:59","",""
"BRK-B","2026-09-09","FULL","",390,390,100,0,0,"09:30","15:59","",""
"BRK-B","2026-09-10","FULL","",390,390,100,0,0,"09:30","15:59","",""
"BRK-B","2026-09-11","FULL","",390,390,100,0,0,"09:30","15:59","",""
"BRK-B","2026-09-14","FULL","",390,390,100,0,0,"09:30","15:59","",""
"BRK-B","2026-09-15","FULL","",390,390,100,0,0,"09:30","15:59","",""
"BRK-B","2026-09-16","FULL","",390,390,100,0,0,"09:30","15:59","",""
"BSX","2026-09-08","FULL","",390,390,100,0,0,"09:30","15:59","",""
"BSX","2026-09-09","FULL","",390,390,100,0,0,"09:30","15:59","",""
"BSX","2026-09-10","FULL","",390,390,100,0,0,"09:30","15:59","",""
"BSX","2026-09-11","FULL","",390,390,100,0,0,"09:30","15:59","",""
"BSX","2026-09-14","FULL","",390,390,100,0,0,"09:30","15:59","",""
"BSX","2026-09-15","FULL","",390,390,100,0,0,"09:30","15:59","",""
"BSX","2026-09-16","FULL","",390,390,100,0,0,"09:30","15:59","",""
"BX","2026-09-08","FULL","",390,390,100,0,0,"09:30","15:59","",""
"BX","2026-09-09","FULL","",390,390,100,0,0,"09:30","15:59","",""
"BX","2026-09-10","FULL","",390,390,100,0,0,"09:30","15:59","",""
"BX","2026-09-11","PARTIAL","1 duplicate timestamps",390,390,100,0,1,"09:30","15:59","","12:56"
"BX","2026-09-14","FULL","",390,390,100,0,0,"09:30","15:59","",""
"BX","2026-09-15","FULL","",390,390,100,0,0,"09:30","15:59","",""
"C","2026-09-08","FULL","",390,390,100,0,0,"09:30","15:59","",""
"C","2026-09-09","FULL","",390,390,100,0,0,"09:30","15:59","",""
"C","2026-09-10","FULL","",390,390,100,0,0,"09:30","15:59","",""
"C","2026-09-11","FULL","",390,390,100,0,0,"09:30","15:59","",""
"C","2026-09-14","FULL","",390,390,100,0,0,"09:30","15:59","",""
"C","2026-09-15","FULL","",390,390,100,0,0,"09:30","15:59","",""
"CAT","2026-09-08","FULL","",390,390,100,0,0,"09:30","15:59","",""
"CAT","2026-09-09","FULL","",390,390,100,0,0,"09:30","15:59","",""
"CAT","2026-09-10","FULL","",390,390,100,0,0,"09:30","15:59","",""
"CAT","2026-09-11","FULL","",390,390,100,0,0,"09:30","15:59","",""
"CAT","2026-09-14","FULL","",390,390,100,0,0,"09:30","15:59","",""
"CAT","2026-09-15","FULL","",390,390,100,0,0,"09:30","15:59","",""
"CAT","2026-09-16","FULL","",390,390,100,0,0,"09:30","15:59","",""
"CB","2026-09-08","PARTIAL","1 duplicate timestamps",390,390,100,0,1,"09:30","15:59","","12:50"
"CB","2026-09-09","PARTIAL","1 duplicate timestamps",390,390,100,0,1,"09:30","15:59","","13:36"
"CB","2026-09-10","PARTIAL","1 duplicate timestamps",390,390,100,0,1,"09:30","15:59","","13:38"
"CB","2026-09-11","FULL","",390,390,100,0,0,"09:30","15:59","",""
"CB","2026-09-14","FULL","",390,390,100,0,0,"09:30","15:59","",""
"CB","2026-09-15","FULL","",390,390,100,0,0,"09:30","15:59","",""
"CME","2026-09-08","FULL","",390,390,100,0,0,"09:30","15:59","",""
"CME","2026-09-09","PARTIAL","1 duplicate timestamps",390,390,100,0,1,"09:30","15:59","","11:40"
"CME","2026-09-10","FULL","",390,390,100,0,0,"09:30","15:59","",""
"CME","2026-09-11","FULL","",390,390,100,0,0,"09:30","15:59","",""
"CME","2026-09-14","FULL","",390,390,100,0,0,"09:30","15:59","",""
"CME","2026-09-15","FULL","",390,390,100,0,0,"09:30","15:59","",""
"COIN","2026-09-08","FULL","",390,390,100,0,0,"09:30","15:59","",""
"COIN","2026-09-09","FULL","",390,390,100,0,0,"09:30","15:59","",""
"COIN","2026-09-10","FULL","",390,390,100,0,0,"09:30","15:59","",""
"COIN","2026-09-11","FULL","",390,390,100,0,0,"09:30","15:59","",""
"COIN","2026-09-14","FULL","",390,390,100,0,0,"09:30","15:59","",""
"COIN","2026-09-15","FULL","",390,390,100,0,0,"09:30","15:59","",""
"COIN","2026-09-16","FULL","",390,390,100,0,0,"09:30","15:59","",""
"COP","2026-09-08","FULL","",390,390,100,0,0,"09:30","15:59","",""
"COP","2026-09-09","FULL","",390,390,100,0,0,"09:30","15:59","",""
"COP","2026-09-10","FULL","",390,390,100,0,0,"09:30","15:59","",""
"COP","2026-09-11","FULL","",390,390,100,0,0,"09:30","15:59","",""
"COP","2026-09-14","FULL","",390,390,100,0,0,"09:30","15:59","",""
"COP","2026-09-15","FULL","",390,390,100,0,0,"09:30","15:59","",""
"COST","2026-09-08","FULL","",390,390,100,0,0,"09:30","15:59","",""
"COST","2026-09-09","FULL","",390,390,100,0,0,"09:30","15:59","",""
"COST","2026-09-10","FULL","",390,390,100,0,0,"09:30","15:59","",""
"COST","2026-09-11","FULL","",390,390,100,0,0,"09:30","15:59","",""
"COST","2026-09-14","FULL","",390,390,100,0,0,"09:30","15:59","",""
"COST","2026-09-15","FULL","",390,390,100,0,0,"09:30","15:59","",""
"COST","2026-09-16","FULL","",390,390,100,0,0,"09:30","15:59","",""
"CRDO","2026-09-08","FULL","",390,390,100,0,0,"09:30","15:59","",""
"CRDO","2026-09-09","FULL","",390,390,100,0,0,"09:30","15:59","",""
"CRDO","2026-09-10","FULL","",390,390,100,0,0,"09:30","15:59","",""
"CRDO","2026-09-11","FULL","",390,390,100,0,0,"09:30","15:59","",""
"CRDO","2026-09-14","FULL","",390,390,100,0,0,"09:30","15:59","",""
"CRDO","2026-09-15","FULL","",390,390,100,0,0,"09:30","15:59","",""
"CRDO","2026-09-16","FULL","",390,390,100,0,0,"09:30","15:59","",""
"CRM","2026-09-08","FULL","",390,390,100,0,0,"09:30","15:59","",""
"CRM","2026-09-09","FULL","",390,390,100,0,0,"09:30","15:59","",""
"CRM","2026-09-10","FULL","",390,390,100,0,0,"09:30","15:59","",""
"CRM","2026-09-11","FULL","",390,390,100,0,0,"09:30","15:59","",""
"CRM","2026-09-14","FULL","",390,390,100,0,0,"09:30","15:59","",""
"CRM","2026-09-15","FULL","",390,390,100,0,0,"09:30","15:59","",""
"CRM","2026-09-16","FULL","",390,390,100,0,0,"09:30","15:59","",""
"CRWD","2026-09-08","FULL","",390,390,100,0,0,"09:30","15:59","",""
"CRWD","2026-09-09","FULL","",390,390,100,0,0,"09:30","15:59","",""
"CRWD","2026-09-10","FULL","",390,390,100,0,0,"09:30","15:59","",""
"CRWD","2026-09-11","FULL","",390,390,100,0,0,"09:30","15:59","",""
"CRWD","2026-09-14","FULL","",390,390,100,0,0,"09:30","15:59","",""
"CRWD","2026-09-15","FULL","",390,390,100,0,0,"09:30","15:59","",""
"CSCO","2026-09-08","FULL","",390,390,100,0,0,"09:30","15:59","",""
"CSCO","2026-09-09","FULL","",390,390,100,0,0,"09:30","15:59","",""
"CSCO","2026-09-10","FULL","",390,390,100,0,0,"09:30","15:59","",""
"CSCO","2026-09-11","FULL","",390,390,100,0,0,"09:30","15:59","",""
"CSCO","2026-09-14","FULL","",390,390,100,0,0,"09:30","15:59","",""
"CSCO","2026-09-15","FULL","",390,390,100,0,0,"09:30","15:59","",""
"CSCO","2026-09-16","FULL","",390,390,100,0,0,"09:30","15:59","",""
"CVX","2026-09-08","FULL","",390,390,100,0,0,"09:30","15:59","",""
"CVX","2026-09-09","FULL","",390,390,100,0,0,"09:30","15:59","",""
"CVX","2026-09-10","FULL","",390,390,100,0,0,"09:30","15:59","",""
"CVX","2026-09-11","FULL","",390,390,100,0,0,"09:30","15:59","",""
"CVX","2026-09-14","FULL","",390,390,100,0,0,"09:30","15:59","",""
"CVX","2026-09-15","FULL","",390,390,100,0,0,"09:30","15:59","",""
"CVX","2026-09-16","FULL","",390,390,100,0,0,"09:30","15:59","",""
"DDOG","2026-09-08","FULL","",390,390,100,0,0,"09:30","15:59","",""
"DDOG","2026-09-09","FULL","",390,390,100,0,0,"09:30","15:59","",""
"DDOG","2026-09-10","FULL","",390,390,100,0,0,"09:30","15:59","",""
"DDOG","2026-09-11","FULL","",390,390,100,0,0,"09:30","15:59","",""
"DDOG","2026-09-14","FULL","",390,390,100,0,0,"09:30","15:59","",""
"DDOG","2026-09-15","FULL","",390,390,100,0,0,"09:30","15:59","",""
"DDOG","2026-09-16","FULL","",390,390,100,0,0,"09:30","15:59","",""
"DE","2026-09-08","FULL","",390,390,100,0,0,"09:30","15:59","",""
"DE","2026-09-09","FULL","",390,390,100,0,0,"09:30","15:59","",""
"DE","2026-09-10","FULL","",390,390,100,0,0,"09:30","15:59","",""
"DE","2026-09-11","PARTIAL","2 duplicate timestamps",390,390,100,0,2,"09:30","15:59","","13:22 15:04"
"DE","2026-09-14","FULL","",390,390,100,0,0,"09:30","15:59","",""
"DE","2026-09-15","PARTIAL","1 duplicate timestamps",390,390,100,0,1,"09:30","15:59","","09:34"
"DELL","2026-09-08","FULL","",390,390,100,0,0,"09:30","15:59","",""
"DELL","2026-09-09","FULL","",390,390,100,0,0,"09:30","15:59","",""
"DELL","2026-09-10","FULL","",390,390,100,0,0,"09:30","15:59","",""
"DELL","2026-09-11","FULL","",390,390,100,0,0,"09:30","15:59","",""
"DELL","2026-09-14","FULL","",390,390,100,0,0,"09:30","15:59","",""
"DELL","2026-09-15","FULL","",390,390,100,0,0,"09:30","15:59","",""
"DELL","2026-09-16","FULL","",390,390,100,0,0,"09:30","15:59","",""
"DIS","2026-09-08","FULL","",390,390,100,0,0,"09:30","15:59","",""
"DIS","2026-09-09","FULL","",390,390,100,0,0,"09:30","15:59","",""
"DIS","2026-09-10","FULL","",390,390,100,0,0,"09:30","15:59","",""
"DIS","2026-09-11","FULL","",390,390,100,0,0,"09:30","15:59","",""
"DIS","2026-09-14","FULL","",390,390,100,0,0,"09:30","15:59","",""
"DIS","2026-09-15","FULL","",390,390,100,0,0,"09:30","15:59","",""
"DIS","2026-09-16","FULL","",390,390,100,0,0,"09:30","15:59","",""
"DUK","2026-09-08","FULL","",390,390,100,0,0,"09:30","15:59","",""
"DUK","2026-09-09","FULL","",390,390,100,0,0,"09:30","15:59","",""
"DUK","2026-09-10","FULL","",390,390,100,0,0,"09:30","15:59","",""
"DUK","2026-09-11","FULL","",390,390,100,0,0,"09:30","15:59","",""
"DUK","2026-09-14","FULL","",390,390,100,0,0,"09:30","15:59","",""
"DUK","2026-09-15","FULL","",390,390,100,0,0,"09:30","15:59","",""
"ELV","2026-09-08","FULL","",390,390,100,0,0,"09:30","15:59","",""
"ELV","2026-09-09","PARTIAL","1 duplicate timestamps",390,390,100,0,1,"09:30","15:59","","10:37"
"ELV","2026-09-10","FULL","",390,390,100,0,0,"09:30","15:59","",""
"ELV","2026-09-11","PARTIAL","1 duplicate timestamps",390,390,100,0,1,"09:30","15:59","","13:56"
"ELV","2026-09-14","FULL","",390,390,100,0,0,"09:30","15:59","",""
"ELV","2026-09-15","FULL","",390,390,100,0,0,"09:30","15:59","",""
"ETN","2026-09-08","FULL","",390,390,100,0,0,"09:30","15:59","",""
"ETN","2026-09-09","FULL","",390,390,100,0,0,"09:30","15:59","",""
"ETN","2026-09-10","FULL","",390,390,100,0,0,"09:30","15:59","",""
"ETN","2026-09-11","FULL","",390,390,100,0,0,"09:30","15:59","",""
"ETN","2026-09-14","FULL","",390,390,100,0,0,"09:30","15:59","",""
"ETN","2026-09-15","FULL","",390,390,100,0,0,"09:30","15:59","",""
"FISV","2026-09-08","FULL","",390,390,100,0,0,"09:30","15:59","",""
"FISV","2026-09-09","FULL","",390,390,100,0,0,"09:30","15:59","",""
"FISV","2026-09-10","FULL","",390,390,100,0,0,"09:30","15:59","",""
"FISV","2026-09-11","FULL","",390,390,100,0,0,"09:30","15:59","",""
"FISV","2026-09-14","FULL","",390,390,100,0,0,"09:30","15:59","",""
"FISV","2026-09-15","FULL","",390,390,100,0,0,"09:30","15:59","",""
"GE","2026-09-08","FULL","",390,390,100,0,0,"09:30","15:59","",""
"GE","2026-09-09","FULL","",390,390,100,0,0,"09:30","15:59","",""
"GE","2026-09-10","FULL","",390,390,100,0,0,"09:30","15:59","",""
"GE","2026-09-11","FULL","",390,390,100,0,0,"09:30","15:59","",""
"GE","2026-09-14","FULL","",390,390,100,0,0,"09:30","15:59","",""
"GE","2026-09-15","FULL","",390,390,100,0,0,"09:30","15:59","",""
"GE","2026-09-16","FULL","",390,390,100,0,0,"09:30","15:59","",""
"GILD","2026-09-08","FULL","",390,390,100,0,0,"09:30","15:59","",""
"GILD","2026-09-09","FULL","",390,390,100,0,0,"09:30","15:59","",""
"GILD","2026-09-10","FULL","",390,390,100,0,0,"09:30","15:59","",""
"GILD","2026-09-11","FULL","",390,390,100,0,0,"09:30","15:59","",""
"GILD","2026-09-14","FULL","",390,390,100,0,0,"09:30","15:59","",""
"GILD","2026-09-15","FULL","",390,390,100,0,0,"09:30","15:59","",""
"GOOGL","2026-09-08","FULL","",390,390,100,0,0,"09:30","15:59","",""
"GOOGL","2026-09-09","FULL","",390,390,100,0,0,"09:30","15:59","",""
"GOOGL","2026-09-10","FULL","",390,390,100,0,0,"09:30","15:59","",""
"GOOGL","2026-09-11","FULL","",390,390,100,0,0,"09:30","15:59","",""
"GOOGL","2026-09-14","FULL","",390,390,100,0,0,"09:30","15:59","",""
"GOOGL","2026-09-15","FULL","",390,390,100,0,0,"09:30","15:59","",""
"GOOGL","2026-09-16","FULL","",390,390,100,0,0,"09:30","15:59","",""
"GS","2026-09-08","FULL","",390,390,100,0,0,"09:30","15:59","",""
"GS","2026-09-09","FULL","",390,390,100,0,0,"09:30","15:59","",""
"GS","2026-09-10","FULL","",390,390,100,0,0,"09:30","15:59","",""
"GS","2026-09-11","FULL","",390,390,100,0,0,"09:30","15:59","",""
"GS","2026-09-14","FULL","",390,390,100,0,0,"09:30","15:59","",""
"GS","2026-09-15","FULL","",390,390,100,0,0,"09:30","15:59","",""
"GS","2026-09-16","FULL","",390,390,100,0,0,"09:30","15:59","",""
"HD","2026-09-08","FULL","",390,390,100,0,0,"09:30","15:59","",""
"HD","2026-09-09","FULL","",390,390,100,0,0,"09:30","15:59","",""
"HD","2026-09-10","FULL","",390,390,100,0,0,"09:30","15:59","",""
"HD","2026-09-11","FULL","",390,390,100,0,0,"09:30","15:59","",""
"HD","2026-09-14","FULL","",390,390,100,0,0,"09:30","15:59","",""
"HD","2026-09-15","FULL","",390,390,100,0,0,"09:30","15:59","",""
"HD","2026-09-16","FULL","",390,390,100,0,0,"09:30","15:59","",""
"HON","2026-09-08","FULL","",390,390,100,0,0,"09:30","15:59","",""
"HON","2026-09-09","FULL","",390,390,100,0,0,"09:30","15:59","",""
"HON","2026-09-10","FULL","",390,390,100,0,0,"09:30","15:59","",""
"HON","2026-09-11","PARTIAL","1 duplicate timestamps",390,390,100,0,1,"09:30","15:59","","12:55"
"HON","2026-09-14","FULL","",390,390,100,0,0,"09:30","15:59","",""
"HON","2026-09-15","FULL","",390,390,100,0,0,"09:30","15:59","",""
"HON","2026-09-16","FULL","",390,390,100,0,0,"09:30","15:59","",""
"HOOD","2026-09-08","FULL","",390,390,100,0,0,"09:30","15:59","",""
"HOOD","2026-09-09","FULL","",390,390,100,0,0,"09:30","15:59","",""
"HOOD","2026-09-10","FULL","",390,390,100,0,0,"09:30","15:59","",""
"HOOD","2026-09-11","FULL","",390,390,100,0,0,"09:30","15:59","",""
"HOOD","2026-09-14","FULL","",390,390,100,0,0,"09:30","15:59","",""
"HOOD","2026-09-15","FULL","",390,390,100,0,0,"09:30","15:59","",""
"HOOD","2026-09-16","FULL","",390,390,100,0,0,"09:30","15:59","",""
"IBM","2026-09-08","FULL","",390,390,100,0,0,"09:30","15:59","",""
"IBM","2026-09-09","FULL","",390,390,100,0,0,"09:30","15:59","",""
"IBM","2026-09-10","FULL","",390,390,100,0,0,"09:30","15:59","",""
"IBM","2026-09-11","FULL","",390,390,100,0,0,"09:30","15:59","",""
"IBM","2026-09-14","FULL","",390,390,100,0,0,"09:30","15:59","",""
"IBM","2026-09-15","FULL","",390,390,100,0,0,"09:30","15:59","",""
"IBM","2026-09-16","FULL","",390,390,100,0,0,"09:30","15:59","",""
"ICE","2026-09-08","FULL","",390,390,100,0,0,"09:30","15:59","",""
"ICE","2026-09-09","FULL","",390,390,100,0,0,"09:30","15:59","",""
"ICE","2026-09-10","FULL","",390,390,100,0,0,"09:30","15:59","",""
"ICE","2026-09-11","PARTIAL","1 duplicate timestamps",390,390,100,0,1,"09:30","15:59","","09:30"
"ICE","2026-09-14","FULL","",390,390,100,0,0,"09:30","15:59","",""
"ICE","2026-09-15","FULL","",390,390,100,0,0,"09:30","15:59","",""
"INTC","2026-09-08","FULL","",390,390,100,0,0,"09:30","15:59","",""
"INTC","2026-09-09","FULL","",390,390,100,0,0,"09:30","15:59","",""
"INTC","2026-09-10","FULL","",390,390,100,0,0,"09:30","15:59","",""
"INTC","2026-09-11","FULL","",390,390,100,0,0,"09:30","15:59","",""
"INTC","2026-09-14","FULL","",390,390,100,0,0,"09:30","15:59","",""
"INTC","2026-09-15","FULL","",390,390,100,0,0,"09:30","15:59","",""
"INTU","2026-09-08","FULL","",390,390,100,0,0,"09:30","15:59","",""
"INTU","2026-09-09","FULL","",390,390,100,0,0,"09:30","15:59","",""
"INTU","2026-09-10","FULL","",390,390,100,0,0,"09:30","15:59","",""
"INTU","2026-09-11","FULL","",390,390,100,0,0,"09:30","15:59","",""
"INTU","2026-09-14","FULL","",390,390,100,0,0,"09:30","15:59","",""
"INTU","2026-09-15","FULL","",390,390,100,0,0,"09:30","15:59","",""
"INTU","2026-09-16","FULL","",390,390,100,0,0,"09:30","15:59","",""
"ISRG","2026-09-08","FULL","",390,390,100,0,0,"09:30","15:59","",""
"ISRG","2026-09-09","FULL","",390,390,100,0,0,"09:30","15:59","",""
"ISRG","2026-09-10","FULL","",390,390,100,0,0,"09:30","15:59","",""
"ISRG","2026-09-11","FULL","",390,390,100,0,0,"09:30","15:59","",""
"ISRG","2026-09-14","FULL","",390,390,100,0,0,"09:30","15:59","",""
"ISRG","2026-09-15","FULL","",390,390,100,0,0,"09:30","15:59","",""
"ISRG","2026-09-16","FULL","",390,390,100,0,0,"09:30","15:59","",""
"JNJ","2026-09-08","FULL","",390,390,100,0,0,"09:30","15:59","",""
"JNJ","2026-09-09","FULL","",390,390,100,0,0,"09:30","15:59","",""
"JNJ","2026-09-10","FULL","",390,390,100,0,0,"09:30","15:59","",""
"JNJ","2026-09-11","FULL","",390,390,100,0,0,"09:30","15:59","",""
"JNJ","2026-09-14","FULL","",390,390,100,0,0,"09:30","15:59","",""
"JNJ","2026-09-15","FULL","",390,390,100,0,0,"09:30","15:59","",""
"JNJ","2026-09-16","FULL","",390,390,100,0,0,"09:30","15:59","",""
"JPM","2026-09-08","FULL","",390,390,100,0,0,"09:30","15:59","",""
"JPM","2026-09-09","FULL","",390,390,100,0,0,"09:30","15:59","",""
"JPM","2026-09-10","FULL","",390,390,100,0,0,"09:30","15:59","",""
"JPM","2026-09-11","FULL","",390,390,100,0,0,"09:30","15:59","",""
"JPM","2026-09-14","FULL","",390,390,100,0,0,"09:30","15:59","",""
"JPM","2026-09-15","FULL","",390,390,100,0,0,"09:30","15:59","",""
"JPM","2026-09-16","FULL","",390,390,100,0,0,"09:30","15:59","",""
"KKR","2026-09-08","FULL","",390,390,100,0,0,"09:30","15:59","",""
"KKR","2026-09-09","FULL","",390,390,100,0,0,"09:30","15:59","",""
"KKR","2026-09-10","FULL","",390,390,100,0,0,"09:30","15:59","",""
"KKR","2026-09-11","PARTIAL","2 duplicate timestamps",390,390,100,0,2,"09:30","15:59","","12:26 13:13"
"KKR","2026-09-14","FULL","",390,390,100,0,0,"09:30","15:59","",""
"KKR","2026-09-15","FULL","",390,390,100,0,0,"09:30","15:59","",""
"KLAC","2026-09-08","FULL","",390,390,100,0,0,"09:30","15:59","",""
"KLAC","2026-09-09","FULL","",390,390,100,0,0,"09:30","15:59","",""
"KLAC","2026-09-10","FULL","",390,390,100,0,0,"09:30","15:59","",""
"KLAC","2026-09-11","FULL","",390,390,100,0,0,"09:30","15:59","",""
"KLAC","2026-09-14","FULL","",390,390,100,0,0,"09:30","15:59","",""
"KLAC","2026-09-15","FULL","",390,390,100,0,0,"09:30","15:59","",""
"KO","2026-09-08","FULL","",390,390,100,0,0,"09:30","15:59","",""
"KO","2026-09-09","FULL","",390,390,100,0,0,"09:30","15:59","",""
"KO","2026-09-10","FULL","",390,390,100,0,0,"09:30","15:59","",""
"KO","2026-09-11","FULL","",390,390,100,0,0,"09:30","15:59","",""
"KO","2026-09-14","FULL","",390,390,100,0,0,"09:30","15:59","",""
"KO","2026-09-15","FULL","",390,390,100,0,0,"09:30","15:59","",""
"KO","2026-09-16","FULL","",390,390,100,0,0,"09:30","15:59","",""
"LIN","2026-09-08","FULL","",390,390,100,0,0,"09:30","15:59","",""
"LIN","2026-09-09","FULL","",390,390,100,0,0,"09:30","15:59","",""
"LIN","2026-09-10","FULL","",390,390,100,0,0,"09:30","15:59","",""
"LIN","2026-09-11","FULL","",390,390,100,0,0,"09:30","15:59","",""
"LIN","2026-09-14","FULL","",390,390,100,0,0,"09:30","15:59","",""
"LIN","2026-09-15","FULL","",390,390,100,0,0,"09:30","15:59","",""
"LIN","2026-09-16","FULL","",390,390,100,0,0,"09:30","15:59","",""
"LLY","2026-09-08","FULL","",390,390,100,0,0,"09:30","15:59","",""
"LLY","2026-09-09","FULL","",390,390,100,0,0,"09:30","15:59","",""
"LLY","2026-09-10","FULL","",390,390,100,0,0,"09:30","15:59","",""
"LLY","2026-09-11","FULL","",390,390,100,0,0,"09:30","15:59","",""
"LLY","2026-09-14","FULL","",390,390,100,0,0,"09:30","15:59","",""
"LLY","2026-09-15","FULL","",390,390,100,0,0,"09:30","15:59","",""
"LLY","2026-09-16","FULL","",390,390,100,0,0,"09:30","15:59","",""
"LMT","2026-09-08","FULL","",390,390,100,0,0,"09:30","15:59","",""
"LMT","2026-09-09","PARTIAL","1 duplicate timestamps",390,390,100,0,1,"09:30","15:59","","11:37"
"LMT","2026-09-10","FULL","",390,390,100,0,0,"09:30","15:59","",""
"LMT","2026-09-11","PARTIAL","1 duplicate timestamps",390,390,100,0,1,"09:30","15:59","","12:57"
"LMT","2026-09-14","FULL","",390,390,100,0,0,"09:30","15:59","",""
"LMT","2026-09-15","FULL","",390,390,100,0,0,"09:30","15:59","",""
"LOW","2026-09-08","FULL","",390,390,100,0,0,"09:30","15:59","",""
"LOW","2026-09-09","FULL","",390,390,100,0,0,"09:30","15:59","",""
"LOW","2026-09-10","FULL","",390,390,100,0,0,"09:30","15:59","",""
"LOW","2026-09-11","FULL","",390,390,100,0,0,"09:30","15:59","",""
"LOW","2026-09-14","FULL","",390,390,100,0,0,"09:30","15:59","",""
"LOW","2026-09-15","FULL","",390,390,100,0,0,"09:30","15:59","",""
"LRCX","2026-09-08","FULL","",390,390,100,0,0,"09:30","15:59","",""
"LRCX","2026-09-09","FULL","",390,390,100,0,0,"09:30","15:59","",""
"LRCX","2026-09-10","FULL","",390,390,100,0,0,"09:30","15:59","",""
"LRCX","2026-09-11","FULL","",390,390,100,0,0,"09:30","15:59","",""
"LRCX","2026-09-14","FULL","",390,390,100,0,0,"09:30","15:59","",""
"LRCX","2026-09-15","FULL","",390,390,100,0,0,"09:30","15:59","",""
"LRCX","2026-09-16","FULL","",390,390,100,0,0,"09:30","15:59","",""
"MA","2026-09-08","FULL","",390,390,100,0,0,"09:30","15:59","",""
"MA","2026-09-09","FULL","",390,390,100,0,0,"09:30","15:59","",""
"MA","2026-09-10","FULL","",390,390,100,0,0,"09:30","15:59","",""
"MA","2026-09-11","FULL","",390,390,100,0,0,"09:30","15:59","",""
"MA","2026-09-14","FULL","",390,390,100,0,0,"09:30","15:59","",""
"MA","2026-09-15","FULL","",390,390,100,0,0,"09:30","15:59","",""
"MA","2026-09-16","FULL","",390,390,100,0,0,"09:30","15:59","",""
"MCD","2026-09-08","FULL","",390,390,100,0,0,"09:30","15:59","",""
"MCD","2026-09-09","FULL","",390,390,100,0,0,"09:30","15:59","",""
"MCD","2026-09-10","FULL","",390,390,100,0,0,"09:30","15:59","",""
"MCD","2026-09-11","FULL","",390,390,100,0,0,"09:30","15:59","",""
"MCD","2026-09-14","FULL","",390,390,100,0,0,"09:30","15:59","",""
"MCD","2026-09-15","FULL","",390,390,100,0,0,"09:30","15:59","",""
"MCD","2026-09-16","FULL","",390,390,100,0,0,"09:30","15:59","",""
"MDLZ","2026-09-08","FULL","",390,390,100,0,0,"09:30","15:59","",""
"MDLZ","2026-09-09","FULL","",390,390,100,0,0,"09:30","15:59","",""
"MDLZ","2026-09-10","FULL","",390,390,100,0,0,"09:30","15:59","",""
"MDLZ","2026-09-11","FULL","",390,390,100,0,0,"09:30","15:59","",""
"MDLZ","2026-09-14","FULL","",390,390,100,0,0,"09:30","15:59","",""
"MDLZ","2026-09-15","FULL","",390,390,100,0,0,"09:30","15:59","",""
"MDT","2026-09-08","FULL","",390,390,100,0,0,"09:30","15:59","",""
"MDT","2026-09-09","FULL","",390,390,100,0,0,"09:30","15:59","",""
"MDT","2026-09-10","FULL","",390,390,100,0,0,"09:30","15:59","",""
"MDT","2026-09-11","FULL","",390,390,100,0,0,"09:30","15:59","",""
"MDT","2026-09-14","FULL","",390,390,100,0,0,"09:30","15:59","",""
"MDT","2026-09-15","FULL","",390,390,100,0,0,"09:30","15:59","",""
"META","2026-09-08","FULL","",390,390,100,0,0,"09:30","15:59","",""
"META","2026-09-09","FULL","",390,390,100,0,0,"09:30","15:59","",""
"META","2026-09-10","FULL","",390,390,100,0,0,"09:30","15:59","",""
"META","2026-09-11","FULL","",390,390,100,0,0,"09:30","15:59","",""
"META","2026-09-14","FULL","",390,390,100,0,0,"09:30","15:59","",""
"META","2026-09-15","FULL","",390,390,100,0,0,"09:30","15:59","",""
"META","2026-09-16","FULL","",390,390,100,0,0,"09:30","15:59","",""
"MRK","2026-09-08","FULL","",390,390,100,0,0,"09:30","15:59","",""
"MRK","2026-09-09","FULL","",390,390,100,0,0,"09:30","15:59","",""
"MRK","2026-09-10","FULL","",390,390,100,0,0,"09:30","15:59","",""
"MRK","2026-09-11","FULL","",390,390,100,0,0,"09:30","15:59","",""
"MRK","2026-09-14","FULL","",390,390,100,0,0,"09:30","15:59","",""
"MRK","2026-09-15","FULL","",390,390,100,0,0,"09:30","15:59","",""
"MRK","2026-09-16","FULL","",390,390,100,0,0,"09:30","15:59","",""
"MRSH","2026-09-08","FULL","",390,390,100,0,0,"09:30","15:59","",""
"MRSH","2026-09-09","PARTIAL","1 duplicate timestamps",390,390,100,0,1,"09:30","15:59","","13:37"
"MRSH","2026-09-10","FULL","",390,390,100,0,0,"09:30","15:59","",""
"MRSH","2026-09-11","FULL","",390,390,100,0,0,"09:30","15:59","",""
"MRSH","2026-09-14","FULL","",390,390,100,0,0,"09:30","15:59","",""
"MRSH","2026-09-15","FULL","",390,390,100,0,0,"09:30","15:59","",""
"MRVL","2026-09-08","FULL","",390,390,100,0,0,"09:30","15:59","",""
"MRVL","2026-09-09","FULL","",390,390,100,0,0,"09:30","15:59","",""
"MRVL","2026-09-10","FULL","",390,390,100,0,0,"09:30","15:59","",""
"MRVL","2026-09-11","FULL","",390,390,100,0,0,"09:30","15:59","",""
"MRVL","2026-09-14","FULL","",390,390,100,0,0,"09:30","15:59","",""
"MRVL","2026-09-15","FULL","",390,390,100,0,0,"09:30","15:59","",""
"MRVL","2026-09-16","FULL","",390,390,100,0,0,"09:30","15:59","",""
"MS","2026-09-08","FULL","",390,390,100,0,0,"09:30","15:59","",""
"MS","2026-09-09","FULL","",390,390,100,0,0,"09:30","15:59","",""
"MS","2026-09-10","FULL","",390,390,100,0,0,"09:30","15:59","",""
"MS","2026-09-11","FULL","",390,390,100,0,0,"09:30","15:59","",""
"MS","2026-09-14","FULL","",390,390,100,0,0,"09:30","15:59","",""
"MS","2026-09-15","FULL","",390,390,100,0,0,"09:30","15:59","",""
"MS","2026-09-16","FULL","",390,390,100,0,0,"09:30","15:59","",""
"MSFT","2026-09-08","FULL","",390,390,100,0,0,"09:30","15:59","",""
"MSFT","2026-09-09","FULL","",390,390,100,0,0,"09:30","15:59","",""
"MSFT","2026-09-10","FULL","",390,390,100,0,0,"09:30","15:59","",""
"MSFT","2026-09-11","FULL","",390,390,100,0,0,"09:30","15:59","",""
"MSFT","2026-09-14","FULL","",390,390,100,0,0,"09:30","15:59","",""
"MSFT","2026-09-15","FULL","",390,390,100,0,0,"09:30","15:59","",""
"MSFT","2026-09-16","FULL","",390,390,100,0,0,"09:30","15:59","",""
"MSTR","2026-09-08","FULL","",390,390,100,0,0,"09:30","15:59","",""
"MSTR","2026-09-09","FULL","",390,390,100,0,0,"09:30","15:59","",""
"MSTR","2026-09-10","FULL","",390,390,100,0,0,"09:30","15:59","",""
"MSTR","2026-09-11","FULL","",390,390,100,0,0,"09:30","15:59","",""
"MSTR","2026-09-14","FULL","",390,390,100,0,0,"09:30","15:59","",""
"MSTR","2026-09-15","FULL","",390,390,100,0,0,"09:30","15:59","",""
"MSTR","2026-09-16","FULL","",390,390,100,0,0,"09:30","15:59","",""
"MU","2026-09-08","FULL","",390,390,100,0,0,"09:30","15:59","",""
"MU","2026-09-09","FULL","",390,390,100,0,0,"09:30","15:59","",""
"MU","2026-09-10","FULL","",390,390,100,0,0,"09:30","15:59","",""
"MU","2026-09-11","FULL","",390,390,100,0,0,"09:30","15:59","",""
"MU","2026-09-14","FULL","",390,390,100,0,0,"09:30","15:59","",""
"MU","2026-09-15","FULL","",390,390,100,0,0,"09:30","15:59","",""
"NEE","2026-09-08","FULL","",390,390,100,0,0,"09:30","15:59","",""
"NEE","2026-09-09","FULL","",390,390,100,0,0,"09:30","15:59","",""
"NEE","2026-09-10","FULL","",390,390,100,0,0,"09:30","15:59","",""
"NEE","2026-09-11","FULL","",390,390,100,0,0,"09:30","15:59","",""
"NEE","2026-09-14","FULL","",390,390,100,0,0,"09:30","15:59","",""
"NEE","2026-09-15","FULL","",390,390,100,0,0,"09:30","15:59","",""
"NEE","2026-09-16","FULL","",390,390,100,0,0,"09:30","15:59","",""
"NFLX","2026-09-08","FULL","",390,390,100,0,0,"09:30","15:59","",""
"NFLX","2026-09-09","FULL","",390,390,100,0,0,"09:30","15:59","",""
"NFLX","2026-09-10","FULL","",390,390,100,0,0,"09:30","15:59","",""
"NFLX","2026-09-11","FULL","",390,390,100,0,0,"09:30","15:59","",""
"NFLX","2026-09-14","FULL","",390,390,100,0,0,"09:30","15:59","",""
"NFLX","2026-09-15","FULL","",390,390,100,0,0,"09:30","15:59","",""
"NFLX","2026-09-16","FULL","",390,390,100,0,0,"09:30","15:59","",""
"NOW","2026-09-08","FULL","",390,390,100,0,0,"09:30","15:59","",""
"NOW","2026-09-09","FULL","",390,390,100,0,0,"09:30","15:59","",""
"NOW","2026-09-10","FULL","",390,390,100,0,0,"09:30","15:59","",""
"NOW","2026-09-11","FULL","",390,390,100,0,0,"09:30","15:59","",""
"NOW","2026-09-14","FULL","",390,390,100,0,0,"09:30","15:59","",""
"NOW","2026-09-15","FULL","",390,390,100,0,0,"09:30","15:59","",""
"NOW","2026-09-16","FULL","",390,390,100,0,0,"09:30","15:59","",""
"NVDA","2026-09-08","FULL","",390,390,100,0,0,"09:30","15:59","",""
"NVDA","2026-09-09","FULL","",390,390,100,0,0,"09:30","15:59","",""
"NVDA","2026-09-10","FULL","",390,390,100,0,0,"09:30","15:59","",""
"NVDA","2026-09-11","FULL","",390,390,100,0,0,"09:30","15:59","",""
"NVDA","2026-09-14","FULL","",390,390,100,0,0,"09:30","15:59","",""
"NVDA","2026-09-15","FULL","",390,390,100,0,0,"09:30","15:59","",""
"NVDA","2026-09-16","FULL","",390,390,100,0,0,"09:30","15:59","",""
"ORCL","2026-09-08","FULL","",390,390,100,0,0,"09:30","15:59","",""
"ORCL","2026-09-09","FULL","",390,390,100,0,0,"09:30","15:59","",""
"ORCL","2026-09-10","FULL","",390,390,100,0,0,"09:30","15:59","",""
"ORCL","2026-09-11","FULL","",390,390,100,0,0,"09:30","15:59","",""
"ORCL","2026-09-14","FULL","",390,390,100,0,0,"09:30","15:59","",""
"ORCL","2026-09-15","FULL","",390,390,100,0,0,"09:30","15:59","",""
"ORCL","2026-09-16","FULL","",390,390,100,0,0,"09:30","15:59","",""
"PANW","2026-09-08","FULL","",390,390,100,0,0,"09:30","15:59","",""
"PANW","2026-09-09","FULL","",390,390,100,0,0,"09:30","15:59","",""
"PANW","2026-09-10","FULL","",390,390,100,0,0,"09:30","15:59","",""
"PANW","2026-09-11","FULL","",390,390,100,0,0,"09:30","15:59","",""
"PANW","2026-09-14","FULL","",390,390,100,0,0,"09:30","15:59","",""
"PANW","2026-09-15","FULL","",390,390,100,0,0,"09:30","15:59","",""
"PEP","2026-09-08","FULL","",390,390,100,0,0,"09:30","15:59","",""
"PEP","2026-09-09","FULL","",390,390,100,0,0,"09:30","15:59","",""
"PEP","2026-09-10","FULL","",390,390,100,0,0,"09:30","15:59","",""
"PEP","2026-09-11","FULL","",390,390,100,0,0,"09:30","15:59","",""
"PEP","2026-09-14","FULL","",390,390,100,0,0,"09:30","15:59","",""
"PEP","2026-09-15","FULL","",390,390,100,0,0,"09:30","15:59","",""
"PEP","2026-09-16","FULL","",390,390,100,0,0,"09:30","15:59","",""
"PG","2026-09-08","FULL","",390,390,100,0,0,"09:30","15:59","",""
"PG","2026-09-09","FULL","",390,390,100,0,0,"09:30","15:59","",""
"PG","2026-09-10","FULL","",390,390,100,0,0,"09:30","15:59","",""
"PG","2026-09-11","FULL","",390,390,100,0,0,"09:30","15:59","",""
"PG","2026-09-14","FULL","",390,390,100,0,0,"09:30","15:59","",""
"PG","2026-09-15","FULL","",390,390,100,0,0,"09:30","15:59","",""
"PG","2026-09-16","FULL","",390,390,100,0,0,"09:30","15:59","",""
"PGR","2026-09-08","FULL","",390,390,100,0,0,"09:30","15:59","",""
"PGR","2026-09-09","FULL","",390,390,100,0,0,"09:30","15:59","",""
"PGR","2026-09-10","PARTIAL","1 duplicate timestamps",390,390,100,0,1,"09:30","15:59","","12:26"
"PGR","2026-09-11","PARTIAL","1 duplicate timestamps",390,390,100,0,1,"09:30","15:59","","13:11"
"PGR","2026-09-14","FULL","",390,390,100,0,0,"09:30","15:59","",""
"PGR","2026-09-15","FULL","",390,390,100,0,0,"09:30","15:59","",""
"PGR","2026-09-16","PARTIAL","1 duplicate timestamps",390,390,100,0,1,"09:30","15:59","","10:59"
"PLD","2026-09-08","FULL","",390,390,100,0,0,"09:30","15:59","",""
"PLD","2026-09-09","PARTIAL","1 duplicate timestamps",390,390,100,0,1,"09:30","15:59","","13:36"
"PLD","2026-09-10","FULL","",390,390,100,0,0,"09:30","15:59","",""
"PLD","2026-09-11","PARTIAL","1 duplicate timestamps",390,390,100,0,1,"09:30","15:59","","13:13"
"PLD","2026-09-14","FULL","",390,390,100,0,0,"09:30","15:59","",""
"PLD","2026-09-15","FULL","",390,390,100,0,0,"09:30","15:59","",""
"PLTR","2026-09-08","FULL","",390,390,100,0,0,"09:30","15:59","",""
"PLTR","2026-09-09","FULL","",390,390,100,0,0,"09:30","15:59","",""
"PLTR","2026-09-10","FULL","",390,390,100,0,0,"09:30","15:59","",""
"PLTR","2026-09-11","FULL","",390,390,100,0,0,"09:30","15:59","",""
"PLTR","2026-09-14","FULL","",390,390,100,0,0,"09:30","15:59","",""
"PLTR","2026-09-15","FULL","",390,390,100,0,0,"09:30","15:59","",""
"PLTR","2026-09-16","FULL","",390,390,100,0,0,"09:30","15:59","",""
"PM","2026-09-08","FULL","",390,390,100,0,0,"09:30","15:59","",""
"PM","2026-09-09","FULL","",390,390,100,0,0,"09:30","15:59","",""
"PM","2026-09-10","PARTIAL","1 duplicate timestamps",390,390,100,0,1,"09:30","15:59","","12:22"
"PM","2026-09-11","FULL","",390,390,100,0,0,"09:30","15:59","",""
"PM","2026-09-14","FULL","",390,390,100,0,0,"09:30","15:59","",""
"PM","2026-09-15","FULL","",390,390,100,0,0,"09:30","15:59","",""
"PM","2026-09-16","FULL","",390,390,100,0,0,"09:30","15:59","",""
"QCOM","2026-09-08","FULL","",390,390,100,0,0,"09:30","15:59","",""
"QCOM","2026-09-09","FULL","",390,390,100,0,0,"09:30","15:59","",""
"QCOM","2026-09-10","FULL","",390,390,100,0,0,"09:30","15:59","",""
"QCOM","2026-09-11","FULL","",390,390,100,0,0,"09:30","15:59","",""
"QCOM","2026-09-14","FULL","",390,390,100,0,0,"09:30","15:59","",""
"QCOM","2026-09-15","FULL","",390,390,100,0,0,"09:30","15:59","",""
"QCOM","2026-09-16","FULL","",390,390,100,0,0,"09:30","15:59","",""
"QQQ","—","INVALID","empty file",0,0,0,0,0,"—","—","",""
"RBLX","2026-09-08","FULL","",390,390,100,0,0,"09:30","15:59","",""
"RBLX","2026-09-09","FULL","",390,390,100,0,0,"09:30","15:59","",""
"RBLX","2026-09-10","FULL","",390,390,100,0,0,"09:30","15:59","",""
"RBLX","2026-09-11","FULL","",390,390,100,0,0,"09:30","15:59","",""
"RBLX","2026-09-14","FULL","",390,390,100,0,0,"09:30","15:59","",""
"RBLX","2026-09-15","FULL","",390,390,100,0,0,"09:30","15:59","",""
"RBLX","2026-09-16","FULL","",390,390,100,0,0,"09:30","15:59","",""
"RTX","2026-09-08","FULL","",390,390,100,0,0,"09:30","15:59","",""
"RTX","2026-09-09","FULL","",390,390,100,0,0,"09:30","15:59","",""
"RTX","2026-09-10","FULL","",390,390,100,0,0,"09:30","15:59","",""
"RTX","2026-09-11","FULL","",390,390,100,0,0,"09:30","15:59","",""
"RTX","2026-09-14","FULL","",390,390,100,0,0,"09:30","15:59","",""
"RTX","2026-09-15","FULL","",390,390,100,0,0,"09:30","15:59","",""
"RTX","2026-09-16","FULL","",390,390,100,0,0,"09:30","15:59","",""
"SBUX","2026-09-08","FULL","",390,390,100,0,0,"09:30","15:59","",""
"SBUX","2026-09-09","FULL","",390,390,100,0,0,"09:30","15:59","",""
"SBUX","2026-09-10","FULL","",390,390,100,0,0,"09:30","15:59","",""
"SBUX","2026-09-11","FULL","",390,390,100,0,0,"09:30","15:59","",""
"SBUX","2026-09-14","FULL","",390,390,100,0,0,"09:30","15:59","",""
"SBUX","2026-09-15","FULL","",390,390,100,0,0,"09:30","15:59","",""
"SCHW","2026-09-08","FULL","",390,390,100,0,0,"09:30","15:59","",""
"SCHW","2026-09-09","FULL","",390,390,100,0,0,"09:30","15:59","",""
"SCHW","2026-09-10","FULL","",390,390,100,0,0,"09:30","15:59","",""
"SCHW","2026-09-11","FULL","",390,390,100,0,0,"09:30","15:59","",""
"SCHW","2026-09-14","FULL","",390,390,100,0,0,"09:30","15:59","",""
"SCHW","2026-09-15","FULL","",390,390,100,0,0,"09:30","15:59","",""
"SCHW","2026-09-16","FULL","",390,390,100,0,0,"09:30","15:59","",""
"SHOP","2026-09-08","FULL","",390,390,100,0,0,"09:30","15:59","",""
"SHOP","2026-09-09","FULL","",390,390,100,0,0,"09:30","15:59","",""
"SHOP","2026-09-10","FULL","",390,390,100,0,0,"09:30","15:59","",""
"SHOP","2026-09-11","FULL","",390,390,100,0,0,"09:30","15:59","",""
"SHOP","2026-09-14","FULL","",390,390,100,0,0,"09:30","15:59","",""
"SHOP","2026-09-15","FULL","",390,390,100,0,0,"09:30","15:59","",""
"SHOP","2026-09-16","PARTIAL","1 duplicate timestamps",390,390,100,0,1,"09:30","15:59","","12:50"
"SMCI","2026-09-08","FULL","",390,390,100,0,0,"09:30","15:59","",""
"SMCI","2026-09-09","FULL","",390,390,100,0,0,"09:30","15:59","",""
"SMCI","2026-09-10","FULL","",390,390,100,0,0,"09:30","15:59","",""
"SMCI","2026-09-11","FULL","",390,390,100,0,0,"09:30","15:59","",""
"SMCI","2026-09-14","FULL","",390,390,100,0,0,"09:30","15:59","",""
"SMCI","2026-09-15","FULL","",390,390,100,0,0,"09:30","15:59","",""
"SMCI","2026-09-16","FULL","",390,390,100,0,0,"09:30","15:59","",""
"SMH","—","INVALID","empty file",0,0,0,0,0,"—","—","",""
"SNOW","2026-09-08","FULL","",390,390,100,0,0,"09:30","15:59","",""
"SNOW","2026-09-09","FULL","",390,390,100,0,0,"09:30","15:59","",""
"SNOW","2026-09-10","FULL","",390,390,100,0,0,"09:30","15:59","",""
"SNOW","2026-09-11","FULL","",390,390,100,0,0,"09:30","15:59","",""
"SNOW","2026-09-14","FULL","",390,390,100,0,0,"09:30","15:59","",""
"SNOW","2026-09-15","FULL","",390,390,100,0,0,"09:30","15:59","",""
"SNOW","2026-09-16","FULL","",390,390,100,0,0,"09:30","15:59","",""
"SO","2026-09-08","FULL","",390,390,100,0,0,"09:30","15:59","",""
"SO","2026-09-09","FULL","",390,390,100,0,0,"09:30","15:59","",""
"SO","2026-09-10","FULL","",390,390,100,0,0,"09:30","15:59","",""
"SO","2026-09-11","FULL","",390,390,100,0,0,"09:30","15:59","",""
"SO","2026-09-14","FULL","",390,390,100,0,0,"09:30","15:59","",""
"SO","2026-09-15","FULL","",390,390,100,0,0,"09:30","15:59","",""
"SPGI","2026-09-08","FULL","",390,390,100,0,0,"09:30","15:59","",""
"SPGI","2026-09-09","FULL","",390,390,100,0,0,"09:30","15:59","",""
"SPGI","2026-09-10","FULL","",390,390,100,0,0,"09:30","15:59","",""
"SPGI","2026-09-11","FULL","",390,390,100,0,0,"09:30","15:59","",""
"SPGI","2026-09-14","FULL","",390,390,100,0,0,"09:30","15:59","",""
"SPGI","2026-09-15","FULL","",390,390,100,0,0,"09:30","15:59","",""
"SPGI","2026-09-16","FULL","",390,390,100,0,0,"09:30","15:59","",""
"SPY","—","INVALID","empty file",0,0,0,0,0,"—","—","",""
"SYK","2026-09-08","FULL","",390,390,100,0,0,"09:30","15:59","",""
"SYK","2026-09-09","FULL","",390,390,100,0,0,"09:30","15:59","",""
"SYK","2026-09-10","FULL","",390,390,100,0,0,"09:30","15:59","",""
"SYK","2026-09-11","FULL","",390,390,100,0,0,"09:30","15:59","",""
"SYK","2026-09-14","FULL","",390,390,100,0,0,"09:30","15:59","",""
"SYK","2026-09-15","FULL","",390,390,100,0,0,"09:30","15:59","",""
"SYK","2026-09-16","FULL","",390,390,100,0,0,"09:30","15:59","",""
"T","2026-09-08","FULL","",390,390,100,0,0,"09:30","15:59","",""
"T","2026-09-09","FULL","",390,390,100,0,0,"09:30","15:59","",""
"T","2026-09-10","FULL","",390,390,100,0,0,"09:30","15:59","",""
"T","2026-09-11","FULL","",390,390,100,0,0,"09:30","15:59","",""
"T","2026-09-14","FULL","",390,390,100,0,0,"09:30","15:59","",""
"T","2026-09-15","FULL","",390,390,100,0,0,"09:30","15:59","",""
"T","2026-09-16","FULL","",390,390,100,0,0,"09:30","15:59","",""
"TJX","2026-09-08","FULL","",390,390,100,0,0,"09:30","15:59","",""
"TJX","2026-09-09","FULL","",390,390,100,0,0,"09:30","15:59","",""
"TJX","2026-09-10","FULL","",390,390,100,0,0,"09:30","15:59","",""
"TJX","2026-09-11","FULL","",390,390,100,0,0,"09:30","15:59","",""
"TJX","2026-09-14","FULL","",390,390,100,0,0,"09:30","15:59","",""
"TJX","2026-09-15","FULL","",390,390,100,0,0,"09:30","15:59","",""
"TJX","2026-09-16","FULL","",390,390,100,0,0,"09:30","15:59","",""
"TMUS","2026-09-08","FULL","",390,390,100,0,0,"09:30","15:59","",""
"TMUS","2026-09-09","FULL","",390,390,100,0,0,"09:30","15:59","",""
"TMUS","2026-09-10","FULL","",390,390,100,0,0,"09:30","15:59","",""
"TMUS","2026-09-11","FULL","",390,390,100,0,0,"09:30","15:59","",""
"TMUS","2026-09-14","FULL","",390,390,100,0,0,"09:30","15:59","",""
"TMUS","2026-09-15","FULL","",390,390,100,0,0,"09:30","15:59","",""
"TMUS","2026-09-16","FULL","",390,390,100,0,0,"09:30","15:59","",""
"TSLA","2026-09-08","FULL","",390,390,100,0,0,"09:30","15:59","",""
"TSLA","2026-09-09","FULL","",390,390,100,0,0,"09:30","15:59","",""
"TSLA","2026-09-10","FULL","",390,390,100,0,0,"09:30","15:59","",""
"TSLA","2026-09-11","FULL","",390,390,100,0,0,"09:30","15:59","",""
"TSLA","2026-09-14","FULL","",390,390,100,0,0,"09:30","15:59","",""
"TSLA","2026-09-15","FULL","",390,390,100,0,0,"09:30","15:59","",""
"TSLA","2026-09-16","FULL","",390,390,100,0,0,"09:30","15:59","",""
"TSM","2026-09-08","FULL","",390,390,100,0,0,"09:30","15:59","",""
"TSM","2026-09-09","FULL","",390,390,100,0,0,"09:30","15:59","",""
"TSM","2026-09-10","FULL","",390,390,100,0,0,"09:30","15:59","",""
"TSM","2026-09-11","FULL","",390,390,100,0,0,"09:30","15:59","",""
"TSM","2026-09-14","FULL","",390,390,100,0,0,"09:30","15:59","",""
"TSM","2026-09-15","FULL","",390,390,100,0,0,"09:30","15:59","",""
"TSM","2026-09-16","FULL","",390,390,100,0,0,"09:30","15:59","",""
"TXN","2026-09-08","FULL","",390,390,100,0,0,"09:30","15:59","",""
"TXN","2026-09-09","FULL","",390,390,100,0,0,"09:30","15:59","",""
"TXN","2026-09-10","FULL","",390,390,100,0,0,"09:30","15:59","",""
"TXN","2026-09-11","FULL","",390,390,100,0,0,"09:30","15:59","",""
"TXN","2026-09-14","FULL","",390,390,100,0,0,"09:30","15:59","",""
"TXN","2026-09-15","FULL","",390,390,100,0,0,"09:30","15:59","",""
"TXN","2026-09-16","FULL","",390,390,100,0,0,"09:30","15:59","",""
"UBER","2026-09-08","FULL","",390,390,100,0,0,"09:30","15:59","",""
"UBER","2026-09-09","FULL","",390,390,100,0,0,"09:30","15:59","",""
"UBER","2026-09-10","FULL","",390,390,100,0,0,"09:30","15:59","",""
"UBER","2026-09-11","FULL","",390,390,100,0,0,"09:30","15:59","",""
"UBER","2026-09-14","FULL","",390,390,100,0,0,"09:30","15:59","",""
"UBER","2026-09-15","FULL","",390,390,100,0,0,"09:30","15:59","",""
"UBER","2026-09-16","FULL","",390,390,100,0,0,"09:30","15:59","",""
"UNH","2026-09-08","FULL","",390,390,100,0,0,"09:30","15:59","",""
"UNH","2026-09-09","FULL","",390,390,100,0,0,"09:30","15:59","",""
"UNH","2026-09-10","FULL","",390,390,100,0,0,"09:30","15:59","",""
"UNH","2026-09-11","FULL","",390,390,100,0,0,"09:30","15:59","",""
"UNH","2026-09-14","FULL","",390,390,100,0,0,"09:30","15:59","",""
"UNH","2026-09-15","FULL","",390,390,100,0,0,"09:30","15:59","",""
"UNH","2026-09-16","FULL","",390,390,100,0,0,"09:30","15:59","",""
"UNP","2026-09-08","PARTIAL","1 duplicate timestamps",390,390,100,0,1,"09:30","15:59","","13:03"
"UNP","2026-09-09","PARTIAL","3 duplicate timestamps",390,390,100,0,3,"09:30","15:59","","13:21 13:53 14:41"
"UNP","2026-09-10","FULL","",390,390,100,0,0,"09:30","15:59","",""
"UNP","2026-09-11","PARTIAL","2 duplicate timestamps",390,390,100,0,2,"09:30","15:59","","12:54 14:11"
"UNP","2026-09-14","FULL","",390,390,100,0,0,"09:30","15:59","",""
"UNP","2026-09-15","PARTIAL","1 duplicate timestamps",390,390,100,0,1,"09:30","15:59","","09:32"
"V","2026-09-08","FULL","",390,390,100,0,0,"09:30","15:59","",""
"V","2026-09-09","FULL","",390,390,100,0,0,"09:30","15:59","",""
"V","2026-09-10","FULL","",390,390,100,0,0,"09:30","15:59","",""
"V","2026-09-11","FULL","",390,390,100,0,0,"09:30","15:59","",""
"V","2026-09-14","FULL","",390,390,100,0,0,"09:30","15:59","",""
"V","2026-09-15","FULL","",390,390,100,0,0,"09:30","15:59","",""
"V","2026-09-16","FULL","",390,390,100,0,0,"09:30","15:59","",""
"VRTX","2026-09-08","FULL","",390,390,100,0,0,"09:30","15:59","",""
"VRTX","2026-09-09","FULL","",390,390,100,0,0,"09:30","15:59","",""
"VRTX","2026-09-10","FULL","",390,390,100,0,0,"09:30","15:59","",""
"VRTX","2026-09-11","PARTIAL","3 duplicate timestamps",390,390,100,0,3,"09:30","15:59","","12:57 14:54 15:25"
"VRTX","2026-09-14","FULL","",390,390,100,0,0,"09:30","15:59","",""
"VRTX","2026-09-15","FULL","",390,390,100,0,0,"09:30","15:59","",""
"VZ","2026-09-08","FULL","",390,390,100,0,0,"09:30","15:59","",""
"VZ","2026-09-09","FULL","",390,390,100,0,0,"09:30","15:59","",""
"VZ","2026-09-10","FULL","",390,390,100,0,0,"09:30","15:59","",""
"VZ","2026-09-11","FULL","",390,390,100,0,0,"09:30","15:59","",""
"VZ","2026-09-14","FULL","",390,390,100,0,0,"09:30","15:59","",""
"VZ","2026-09-15","FULL","",390,390,100,0,0,"09:30","15:59","",""
"VZ","2026-09-16","FULL","",390,390,100,0,0,"09:30","15:59","",""
"WFC","2026-09-08","FULL","",390,390,100,0,0,"09:30","15:59","",""
"WFC","2026-09-09","FULL","",390,390,100,0,0,"09:30","15:59","",""
"WFC","2026-09-10","FULL","",390,390,100,0,0,"09:30","15:59","",""
"WFC","2026-09-11","FULL","",390,390,100,0,0,"09:30","15:59","",""
"WFC","2026-09-14","FULL","",390,390,100,0,0,"09:30","15:59","",""
"WFC","2026-09-15","FULL","",390,390,100,0,0,"09:30","15:59","",""
"WFC","2026-09-16","FULL","",390,390,100,0,0,"09:30","15:59","",""
"WM","2026-09-08","FULL","",390,390,100,0,0,"09:30","15:59","",""
"WM","2026-09-09","PARTIAL","1 duplicate timestamps",390,390,100,0,1,"09:30","15:59","","14:47"
"WM","2026-09-10","FULL","",390,390,100,0,0,"09:30","15:59","",""
"WM","2026-09-11","FULL","",390,390,100,0,0,"09:30","15:59","",""
"WM","2026-09-14","FULL","",390,390,100,0,0,"09:30","15:59","",""
"WM","2026-09-15","FULL","",390,390,100,0,0,"09:30","15:59","",""
"WMT","2026-09-08","FULL","",390,390,100,0,0,"09:30","15:59","",""
"WMT","2026-09-09","FULL","",390,390,100,0,0,"09:30","15:59","",""
"WMT","2026-09-10","FULL","",390,390,100,0,0,"09:30","15:59","",""
"WMT","2026-09-11","FULL","",390,390,100,0,0,"09:30","15:59","",""
"WMT","2026-09-14","FULL","",390,390,100,0,0,"09:30","15:59","",""
"WMT","2026-09-15","FULL","",390,390,100,0,0,"09:30","15:59","",""
"WMT","2026-09-16","FULL","",390,390,100,0,0,"09:30","15:59","",""
"XLK","—","INVALID","empty file",0,0,0,0,0,"—","—","",""
"XOM","2026-09-08","FULL","",390,390,100,0,0,"09:30","15:59","",""
"XOM","2026-09-09","FULL","",390,390,100,0,0,"09:30","15:59","",""
"XOM","2026-09-10","FULL","",390,390,100,0,0,"09:30","15:59","",""
"XOM","2026-09-11","FULL","",390,390,100,0,0,"09:30","15:59","",""
"XOM","2026-09-14","FULL","",390,390,100,0,0,"09:30","15:59","",""
"XOM","2026-09-15","FULL","",390,390,100,0,0,"09:30","15:59","",""
"XOM","2026-09-16","FULL","",390,390,100,0,0,"09:30","15:59","",""