scan_time,symbol,history_start,history_end,history_days,last_bar_time,current_price,data_quality_status,short_term_rank,short_term_status,short_term_score,short_term_setup,short_term_structure_5m,short_term_structure_15m,short_term_relative_strength,short_term_volume_state,short_term_move_potential,short_term_entry_action,short_term_entry_price,short_term_stop_price,short_term_target_1,short_term_target_1_pct,short_term_target_2,short_term_target_2_pct,short_term_risk_per_share,short_term_rr_target_1,short_term_rr_target_2,short_term_cancel_condition,short_term_exit_condition,short_term_why,short_term_why_not_ready,long_term_rank,long_term_status,long_term_score,long_term_buy_action,long_term_buy_price,long_term_price_percentile,long_term_period_high,long_term_period_low,long_term_drawdown_from_high_pct,long_term_distance_from_low_pct,long_term_support_price,long_term_falling_risk,long_term_target_1,long_term_target_1_pct,long_term_target_2,long_term_target_2_pct,long_term_invalidation_price,long_term_why
2026-10-07T05:03:34.000Z,ANET,2026-08-28,2026-10-06,27,2026-10-06 15:59,215.36,OK,1,READY,84,BREAKOUT_RETEST,UPTREND (HH+HL),UPTREND (HH+HL),"STRONG: session +3.54%, m30 -0.17%, h2 +1.11%, multi +3.72% vs SPY/QQQ",NORMAL (last 30m at 1.15x its usual volume for that time of day),"MEDIUM: typical daily range 2.74%, recent 5d 2.63%, ATR 6.28, 25/27 days moved 2%+",BUY IF PRICE >= 216.18,216.18,214.68,217.68,0.69,219.18,1.39,1.5,1,2,CANCEL IF PRICE < 214.68 BEFORE ENTRY (structure low 214.79 broken),SELL 100% IF PRICE <= 214.68; SELL 50% AT 217.68 AND MOVE STOP TO 216.18; SELL REMAINING 50% AT 219.18; EXIT (FAILED_SETUP) IF A 5m CLOSE IS BACK BELOW 214.59 AND 5m STRUCTURE TURNS NEGATIVE,"BREAKOUT_RETEST: broke 214.59, retested to 214.79 and held. 5m UPTREND (HH+HL), 15m UPTREND (HH+HL). Entry trigger is 0.38% above the current price. Risk 1.5/share (0.69%); Target 1 217.68 = 1R (0.69%), Target 2 219.18 (2R) = 2R (1.39%). Relative strength STRONG. Score parts: setup 25, structure 20, rs 9, volume 8, move 11, rr 11.",,114,NOT INTERESTING,20,,,96.3,216.07,181.27,-0.33,18.81,207.41,LOW,,,216.07,0.33,203.63,"Current price 215.36 is in the 96th percentile of 27 sessions (2026-08-28..2026-10-06), 0.33% below the period high 216.07 and 18.81% above the period low 181.27. Nearest strong support 204.66–207.41: 4 separate days touched it, 9 reversal(s) from it, 8 closes inside it; it is 3.69% below the price. Falling risk LOW. Only 27 sessions of history — confidence 65%. Not a buy because: price is above the history median (96th percentile)."
2026-10-07T05:03:34.000Z,BMY,2026-08-28,2026-10-06,27,2026-10-06 15:59,59.58,OK,2,READY,78,BREAKOUT_RETEST,UPTREND (HH+HL),UPTREND (HH+HL),"STRONG: session +1.08%, m30 +0.4%, h2 +0.89%, multi -7.67% vs SPY/QQQ",NORMAL (last 30m at 0.99x its usual volume for that time of day),"MEDIUM: typical daily range 1.83%, recent 5d 2.24%, ATR 1.45, 13/27 days moved 2%+",BUY IF PRICE >= 59.63,59.63,59.21,60.05,0.7,60.47,1.41,0.42,1,2,CANCEL IF PRICE < 59.21 BEFORE ENTRY (structure low 59.24 broken),SELL 100% IF PRICE <= 59.21; SELL 50% AT 60.05 AND MOVE STOP TO 59.63; SELL REMAINING 50% AT 60.47; EXIT (FAILED_SETUP) IF A 5m CLOSE IS BACK BELOW 59.26 AND 5m STRUCTURE TURNS NEGATIVE,"BREAKOUT_RETEST: broke 59.26, retested to 59.24 and held. 5m UPTREND (HH+HL), 15m UPTREND (HH+HL). Entry trigger is 0.08% above the current price. Risk 0.42/share (0.7%); Target 1 60.05 = 1R (0.7%), Target 2 60.47 (2R) = 2R (1.41%). Relative strength STRONG. Score parts: setup 25, structure 20, rs 9, volume 8, move 9, rr 7.",,51,WATCH,24,,,3.7,68.24,58.33,-12.69,2.14,,HIGH,,,,,,"Current price 59.58 is in the 4th percentile of 27 sessions (2026-08-28..2026-10-06), 12.69% below the period high 68.24 and 2.14% above the period low 58.33. No support zone at or below the price has 2+ touches or a reversal. Falling risk HIGH: 10d slope -0.49%/day, daily lower highs, decline accelerating (5d -5.23% vs prior 1%), 4 new lows in the last 10 sessions. Only 27 sessions of history — confidence 65%. Not a buy because: no historical support with 2+ touches or a reversal at or below the price."
2026-10-07T05:03:34.000Z,CSCO,2026-08-28,2026-10-06,27,2026-10-06 15:59,117.97,OK,3,READY,77,BREAKOUT,UPTREND (HH+HL),UPTREND (HH+HL),"STRONG: session +3.9%, m30 0%, h2 +1.16%, multi +7.86% vs SPY/QQQ",NORMAL (last 30m at 1.44x its usual volume for that time of day),"MEDIUM: typical daily range 1.91%, recent 5d 2.48%, ATR 2.77, 10/27 days moved 2%+",BUY IF PRICE >= 118.46,118.46,117.38,119.54,0.91,120.62,1.82,1.08,1,2,CANCEL IF PRICE < 117.38 BEFORE ENTRY (structure low 117.44 broken),SELL 100% IF PRICE <= 117.38; SELL 50% AT 119.54 AND MOVE STOP TO 118.46; SELL REMAINING 50% AT 120.62; EXIT (FAILED_SETUP) IF A 5m CLOSE IS BACK BELOW 118.4 AND 5m STRUCTURE TURNS NEGATIVE,"BREAKOUT: 60-min base 117.44–118.4 (0.81% tall), resistance tested 8x, volume not contracting in the base. 5m UPTREND (HH+HL), 15m UPTREND (HH+HL). Entry trigger is 0.42% above the current price. Risk 1.08/share (0.91%); Target 1 119.54 = 1R (0.91%), Target 2 120.62 (2R) = 2R (1.82%). Relative strength STRONG. Score parts: setup 25, structure 20, rs 9, volume 3, move 9, rr 11.",,129,NOT INTERESTING,11,,,96.3,118.4,104.51,-0.36,12.88,111.37,MEDIUM,,,118.4,0.36,109.16,"Current price 117.97 is in the 96th percentile of 27 sessions (2026-08-28..2026-10-06), 0.36% below the period high 118.4 and 12.88% above the period low 104.51. Nearest strong support 109.71–111.37: 6 separate days touched it, 3 reversal(s) from it, 10 closes inside it; it is 5.6% below the price. Falling risk MEDIUM: daily lower highs, daily lower lows. Only 27 sessions of history — confidence 65%. Not a buy because: price is above the history median (96th percentile)."
2026-10-07T05:03:34.000Z,NEE,2026-08-28,2026-10-06,27,2026-10-06 15:59,77.88,OK,4,READY,75,BREAKOUT_RETEST,UPTREND (HH+HL),UPTREND (HH+HL),"STRONG: session +1.14%, m30 +0.85%, h2 +0.82%, multi +0.18% vs SPY/QQQ",NORMAL (last 30m at 1.35x its usual volume for that time of day),"LOW: typical daily range 1.41%, recent 5d 1.82%, ATR 1.31, 7/27 days moved 2%+",BUY IF PRICE >= 78.08,78.08,77.57,78.59,0.65,79.1,1.31,0.51,1,2,CANCEL IF PRICE < 77.57 BEFORE ENTRY (structure low 77.61 broken),SELL 100% IF PRICE <= 77.57; SELL 50% AT 78.59 AND MOVE STOP TO 78.08; SELL REMAINING 50% AT 79.10; EXIT (FAILED_SETUP) IF A 5m CLOSE IS BACK BELOW 77.42 AND 5m STRUCTURE TURNS NEGATIVE,"BREAKOUT_RETEST: broke 77.42, retested to 77.61 and held. 5m UPTREND (HH+HL), 15m UPTREND (HH+HL). Entry trigger is 0.26% above the current price. Risk 0.51/share (0.65%); Target 1 78.59 = 1R (0.65%), Target 2 79.1 (2R) = 2R (1.31%). Relative strength STRONG. Score parts: setup 25, structure 20, rs 9, volume 8, move 6, rr 7.",,33,WATCH,40,,,33.3,84.38,74.41,-7.7,4.66,76.87,MEDIUM,79.55,2.14,81.63,4.82,75.71,"Current price 77.88 is in the 33rd percentile of 27 sessions (2026-08-28..2026-10-06), 7.7% below the period high 84.38 and 4.66% above the period low 74.41. Nearest strong support 76.1–76.87: 3 separate days touched it, 6 reversal(s) from it, 5 closes inside it, heavy volume there; it is 1.3% below the price. Upside to 79.55 (first resistance) is 2.14%, to 81.63 is 4.82%; downside to invalidation 75.71 is 1.51% (ratio 2.31). Falling risk MEDIUM: daily lower lows, 6 new lows in the last 10 sessions. Only 27 sessions of history — confidence 65%. Not a buy because: less than 4% upside to the first resistance."
2026-10-07T05:03:34.000Z,PANW,2026-08-28,2026-10-06,27,2026-10-06 15:59,419.95,OK,5,READY,75,BREAKOUT,UPTREND (HH+HL),MIXED (HH+LL),"STRONG: session +1.7%, m30 +0.29%, h2 +0.32%, multi +5.66% vs SPY/QQQ",NORMAL (last 30m at 1.01x its usual volume for that time of day),"HIGH: typical daily range 4.03%, recent 5d 3.27%, ATR 16.72, 27/27 days moved 2%+",BUY IF PRICE >= 421.31,421.31,416.34,426.28,1.18,432.33,2.62,4.97,1,2.22,CANCEL IF PRICE < 416.34 BEFORE ENTRY (structure low 416.55 broken),SELL 100% IF PRICE <= 416.34; SELL 50% AT 426.28 AND MOVE STOP TO 421.31; SELL REMAINING 50% AT 432.33; EXIT (FAILED_SETUP) IF A 5m CLOSE IS BACK BELOW 421.09 AND 5m STRUCTURE TURNS NEGATIVE,"BREAKOUT: 180-min base 416.55–421.09 (1.08% tall), resistance tested 3x, volume not contracting in the base. 5m UPTREND (HH+HL), 15m MIXED (HH+LL). Entry trigger is 0.32% above the current price. Risk 4.97/share (1.18%); Target 1 426.28 = 1R (1.18%), Target 2 432.33 (resistance 432.33) = 2.22R (2.62%). Relative strength STRONG. Score parts: setup 25, structure 15, rs 9, volume 3, move 12, rr 11.",,123,NOT INTERESTING,15,,,96.3,432.33,321.39,-2.86,30.67,385.23,LOW,,,432.33,2.95,375.01,"Current price 419.95 is in the 96th percentile of 27 sessions (2026-08-28..2026-10-06), 2.86% below the period high 432.33 and 30.67% above the period low 321.39. Nearest strong support 376.9–385.23: 2 separate days touched it, 5 reversal(s) from it, 6 closes inside it; it is 8.27% below the price. Falling risk LOW. Only 27 sessions of history — confidence 65%. Not a buy because: price is above the history median (96th percentile)."
2026-10-07T05:03:34.000Z,MRVL,2026-08-31,2026-10-06,26,2026-10-06 15:59,287.19,OK,6,READY,74,BREAKOUT_RETEST,MIXED (HH+LL),UPTREND (HH+HL),"POSITIVE: session +5.87%, m30 -0.13%, h2 -0.44%, multi +6.64% vs SPY/QQQ",EXPANDING (last 30m at 1.72x its usual volume for that time of day),"HIGH: typical daily range 4.09%, recent 5d 5.58%, ATR 13.55, 26/26 days moved 2%+",BUY IF PRICE >= 301.43,301.43,267.12,335.74,11.38,370.05,22.76,34.31,1,2,CANCEL IF PRICE < 267.12 BEFORE ENTRY (structure low 267.26 broken),SELL 100% IF PRICE <= 267.12; SELL 50% AT 335.74 AND MOVE STOP TO 301.43; SELL REMAINING 50% AT 370.05; EXIT (FAILED_SETUP) IF A 5m CLOSE IS BACK BELOW 271 AND 5m STRUCTURE TURNS NEGATIVE,"BREAKOUT_RETEST: broke 271, retested to 267.26 and held. 5m MIXED (HH+LL), 15m UPTREND (HH+HL). Entry trigger is 4.96% above the current price. Risk 34.31/share (11.38%); Target 1 335.74 = 1R (11.38%), Target 2 370.05 (2R) = 2R (22.76%). Relative strength POSITIVE. Score parts: setup 25, structure 7, rs 6, volume 10, move 15, rr 11.",,121,NOT INTERESTING,16,,,96.2,301.27,200.62,-4.67,43.15,263.25,LOW,,,301.27,4.9,255.28,"Current price 287.19 is in the 96th percentile of 26 sessions (2026-08-31..2026-10-06), 4.67% below the period high 301.27 and 43.15% above the period low 200.62. Nearest strong support 256.57–263.25: 5 separate days touched it, 7 reversal(s) from it, 7 closes inside it; it is 8.34% below the price. Falling risk LOW. Only 26 sessions of history — confidence 65%. Not a buy because: price is above the history median (96th percentile)."
2026-10-07T05:03:34.000Z,NVDA,2026-08-26,2026-10-06,29,2026-10-06 15:59,239.17,OK,7,READY,67,REVERSAL,DOWNTREND (LH+LL),MIXED (HH+LL),"NEUTRAL: session -1.2%, m30 -0.17%, h2 -0.21%, multi +2.78% vs SPY/QQQ",NORMAL (last 30m at 0.91x its usual volume for that time of day),"MEDIUM: typical daily range 2.06%, recent 5d 1.87%, ATR 5.35, 15/29 days moved 2%+",BUY IF PRICE >= 243.50,243.5,235.89,251.11,3.13,258.72,6.25,7.61,1,2,CANCEL IF PRICE < 235.89 BEFORE ENTRY (structure low 236.01 broken),SELL 100% IF PRICE <= 235.89; SELL 50% AT 251.11 AND MOVE STOP TO 243.50; SELL REMAINING 50% AT 258.72; EXIT (FAILED_SETUP) IF A 5m CLOSE IS BACK BELOW 234.65 AND 5m STRUCTURE TURNS NEGATIVE,"REVERSAL: downtrend to LL 233.6; last LH 234.65 reclaimed and held, HL 236.01, recovery volume strengthening. 5m DOWNTREND (LH+LL), 15m MIXED (HH+LL). Entry trigger is 1.81% above the current price. Risk 7.61/share (3.13%); Target 1 251.11 = 1R (3.13%), Target 2 258.72 (2R) = 2R (6.25%). Relative strength NEUTRAL. Score parts: setup 25, structure 13, rs 3, volume 8, move 7, rr 11.",,108,NOT INTERESTING,21,,,96.6,243.37,208.93,-1.73,14.47,229.63,LOW,,,243.37,1.76,225.36,"Current price 239.17 is in the 97th percentile of 29 sessions (2026-08-26..2026-10-06), 1.73% below the period high 243.37 and 14.47% above the period low 208.93. Nearest strong support 226.5–229.63: 6 separate days touched it, 11 reversal(s) from it, 9 closes inside it, heavy volume there; it is 3.99% below the price. Falling risk LOW. Only 29 sessions of history — confidence 66%. Not a buy because: price is above the history median (97th percentile)."
2026-10-07T05:03:34.000Z,TJX,2026-08-28,2026-10-06,27,2026-10-06 15:59,137.04,OK,8,READY,66,BREAKOUT_RETEST,MIXED (HH+LL),MIXED (HH+LL),"STRONG: session +1.55%, m30 +0.87%, h2 +1.07%, multi -0.06% vs SPY/QQQ",NORMAL (last 30m at 1.20x its usual volume for that time of day),"MEDIUM: typical daily range 1.83%, recent 5d 1.8%, ATR 3.01, 12/27 days moved 2%+",BUY IF PRICE >= 137.31,137.31,136.19,138.43,0.82,139.55,1.63,1.12,1,2,CANCEL IF PRICE < 136.19 BEFORE ENTRY (structure low 136.26 broken),SELL 100% IF PRICE <= 136.19; SELL 50% AT 138.43 AND MOVE STOP TO 137.31; SELL REMAINING 50% AT 139.55; EXIT (FAILED_SETUP) IF A 5m CLOSE IS BACK BELOW 135.92 AND 5m STRUCTURE TURNS NEGATIVE,"BREAKOUT_RETEST: broke 135.92, retested to 136.26 and held. 5m MIXED (HH+LL), 15m MIXED (HH+LL). Entry trigger is 0.2% above the current price. Risk 1.12/share (0.82%); Target 1 138.43 = 1R (0.82%), Target 2 139.55 (2R) = 2R (1.63%). Relative strength STRONG. Score parts: setup 25, structure 7, rs 9, volume 8, move 6, rr 11.",,116,NOT INTERESTING,20,,,96.3,137.24,122.78,-0.15,11.61,132.25,LOW,,,137.24,0.15,129.8,"Current price 137.04 is in the 96th percentile of 27 sessions (2026-08-28..2026-10-06), 0.15% below the period high 137.24 and 11.61% above the period low 122.78. Nearest strong support 130.46–132.25: 8 separate days touched it, 12 reversal(s) from it, 10 closes inside it; it is 3.5% below the price. Falling risk LOW. Only 27 sessions of history — confidence 65%. Not a buy because: price is above the history median (96th percentile)."
2026-10-07T05:03:34.000Z,AMD,2026-08-28,2026-10-06,27,2026-10-06 15:59,649.55,OK,9,READY,62,BREAKOUT_RETEST,MIXED (HH+LL),MIXED (HH+LL),"NEUTRAL: session +0.23%, m30 -0.65%, h2 -0.6%, multi +4.44% vs SPY/QQQ",NORMAL (last 30m at 1.05x its usual volume for that time of day),"HIGH: typical daily range 3.22%, recent 5d 2.98%, ATR 25.25, 27/27 days moved 2%+",BUY IF PRICE >= 658.85,658.85,633.06,684.64,3.91,710.43,7.83,25.79,1,2,CANCEL IF PRICE < 633.06 BEFORE ENTRY (structure low 633.38 broken),SELL 100% IF PRICE <= 633.06; SELL 50% AT 684.64 AND MOVE STOP TO 658.85; SELL REMAINING 50% AT 710.43; EXIT (FAILED_SETUP) IF A 5m CLOSE IS BACK BELOW 633.25 AND 5m STRUCTURE TURNS NEGATIVE,"BREAKOUT_RETEST: broke 633.25, retested to 633.38 and held. 5m MIXED (HH+LL), 15m MIXED (HH+LL). Entry trigger is 1.43% above the current price. Risk 25.79/share (3.91%); Target 1 684.64 = 1R (3.91%), Target 2 710.43 (2R) = 2R (7.83%). Relative strength NEUTRAL. Score parts: setup 25, structure 7, rs 3, volume 8, move 12, rr 7.",,103,NOT INTERESTING,21,,,96.3,658.52,440.5,-1.36,47.46,625.52,LOW,,,658.52,1.38,608.45,"Current price 649.55 is in the 96th percentile of 27 sessions (2026-08-28..2026-10-06), 1.36% below the period high 658.52 and 47.46% above the period low 440.5. Nearest strong support 611.51–625.52: 5 separate days touched it, 5 reversal(s) from it, 8 closes inside it, heavy volume there; it is 3.7% below the price. Falling risk LOW. Only 27 sessions of history — confidence 65%. Not a buy because: price is above the history median (96th percentile)."
2026-10-07T05:03:34.000Z,ABBV,2026-08-28,2026-10-06,27,2026-10-06 15:59,266.79,OK,10,READY,61,BREAKOUT,UPTREND (HH+HL),MIXED (HH+LL),"NEUTRAL: session -0.36%, m30 +0.15%, h2 +0.46%, multi -1.1% vs SPY/QQQ",NORMAL (last 30m at 0.97x its usual volume for that time of day),"MEDIUM: typical daily range 1.78%, recent 5d 2.17%, ATR 5.1, 13/27 days moved 2%+",BUY IF PRICE >= 268.04,268.04,266,270.08,0.76,272.12,1.52,2.04,1,2,CANCEL IF PRICE < 266.00 BEFORE ENTRY (structure low 266.14 broken),SELL 100% IF PRICE <= 266.00; SELL 50% AT 270.08 AND MOVE STOP TO 268.04; SELL REMAINING 50% AT 272.12; EXIT (FAILED_SETUP) IF A 5m CLOSE IS BACK BELOW 267.9 AND 5m STRUCTURE TURNS NEGATIVE,"BREAKOUT: 100-min base 266.14–267.9 (0.66% tall), resistance tested 8x, volume not contracting in the base. 5m UPTREND (HH+HL), 15m MIXED (HH+LL). Entry trigger is 0.47% above the current price. Risk 2.04/share (0.76%); Target 1 270.08 = 1R (0.76%), Target 2 272.12 (2R) = 2R (1.52%). Relative strength NEUTRAL. Score parts: setup 25, structure 15, rs 3, volume 3, move 8, rr 7.",,102,NOT INTERESTING,21,,,96.3,269.39,246.77,-0.97,8.11,265.05,LOW,,,,,260.69,"Current price 266.79 is in the 96th percentile of 27 sessions (2026-08-28..2026-10-06), 0.97% below the period high 269.39 and 8.11% above the period low 246.77. Nearest strong support 262–265.05: 8 separate days touched it, 18 reversal(s) from it, 14 closes inside it; it is 0.65% below the price. Falling risk LOW: daily lower highs. Only 27 sessions of history — confidence 65%. Not a buy because: price is above the history median (96th percentile)."
2026-10-07T05:03:34.000Z,PG,2026-08-28,2026-10-06,27,2026-10-06 15:59,148.41,OK,11,READY,59,REVERSAL,UPTREND (HH+HL),MIXED (LH+HL),"NEUTRAL: session +0.26%, m30 -0.19%, h2 -0.05%, multi -2.4% vs SPY/QQQ",NORMAL (last 30m at 1.24x its usual volume for that time of day),"LOW: typical daily range 1.21%, recent 5d 1.53%, ATR 2.31, 6/27 days moved 2%+",BUY IF PRICE >= 149.76,149.76,144.25,155.27,3.68,160.78,7.36,5.51,1,2,CANCEL IF PRICE < 144.25 BEFORE ENTRY (structure low 144.33 broken),SELL 100% IF PRICE <= 144.25; SELL 50% AT 155.27 AND MOVE STOP TO 149.76; SELL REMAINING 50% AT 160.78; EXIT (FAILED_SETUP) IF A 5m CLOSE IS BACK BELOW 144.35 AND 5m STRUCTURE TURNS NEGATIVE,"REVERSAL: downtrend to LL 143.9; last LH 144.35 reclaimed and held, HL 144.33, recovery volume weaker. 5m UPTREND (HH+HL), 15m MIXED (LH+HL). Entry trigger is 0.91% above the current price. Risk 5.51/share (3.68%); Target 1 155.27 = 1R (3.68%), Target 2 160.78 (2R) = 2R (7.36%). Relative strength NEUTRAL. Score parts: setup 25, structure 15, rs 0, volume 3, move 5, rr 11.",,109,NOT INTERESTING,21,,,92.6,149.68,141.86,-0.85,4.62,147.76,LOW,,,,,145.76,"Current price 148.41 is in the 93rd percentile of 27 sessions (2026-08-28..2026-10-06), 0.85% below the period high 149.68 and 4.62% above the period low 141.86. Nearest strong support 146.5–147.76: 7 separate days touched it, 5 reversal(s) from it, 11 closes inside it; it is 0.44% below the price. Falling risk LOW: daily lower lows. Only 27 sessions of history — confidence 65%. Not a buy because: price is above the history median (93rd percentile)."
2026-10-07T05:03:34.000Z,SPY,2026-08-26,2026-10-06,29,2026-10-06 15:59,779.14,OK,12,READY,54,BREAKOUT_RETEST,MIXED (LH+HL),MIXED (LH+HL),,NORMAL (last 30m at 0.87x its usual volume for that time of day),"LOW: typical daily range 0.68%, recent 5d 0.79%, ATR 6.95, 0/29 days moved 2%+",BUY IF PRICE >= 782.02,782.02,777.57,786.47,0.57,790.92,1.14,4.45,1,2,CANCEL IF PRICE < 777.57 BEFORE ENTRY (structure low 777.96 broken),SELL 100% IF PRICE <= 777.57; SELL 50% AT 786.47 AND MOVE STOP TO 782.02; SELL REMAINING 50% AT 790.92; EXIT (FAILED_SETUP) IF A 5m CLOSE IS BACK BELOW 776.61 AND 5m STRUCTURE TURNS NEGATIVE,"BREAKOUT_RETEST: broke 776.61, retested to 777.96 and held. 5m MIXED (LH+HL), 15m MIXED (LH+HL). Entry trigger is 0.37% above the current price. Risk 4.45/share (0.57%); Target 1 786.47 = 1R (0.57%), Target 2 790.92 (2R) = 2R (1.14%). Score parts: setup 25, structure 7, rs 0, volume 8, move 3, rr 11.",,111,NOT INTERESTING,21,,,96.6,781.62,749.6,-0.32,3.94,770.42,LOW,,,,,760.52,"Current price 779.14 is in the 97th percentile of 29 sessions (2026-08-26..2026-10-06), 0.32% below the period high 781.62 and 3.94% above the period low 749.6. Nearest strong support 764.35–770.42: 15 separate days touched it, 21 reversal(s) from it, 17 closes inside it; it is 1.12% below the price. Falling risk LOW: daily lower lows. Only 29 sessions of history — confidence 66%. Not a buy because: price is above the history median (97th percentile)."
2026-10-07T05:03:34.000Z,VOO,2026-08-26,2026-10-06,29,2026-10-06 15:59,716.14,OK,13,READY,50,BREAKOUT_RETEST,MIXED (LH+HL),MIXED (LH+HL),"NEUTRAL: session +0.13%, m30 +0.04%, h2 +0.04%, multi -0.49% vs SPY/QQQ",NORMAL (last 30m at 0.71x its usual volume for that time of day),"LOW: typical daily range 0.67%, recent 5d 0.79%, ATR 6.46, 0/29 days moved 2%+",BUY IF PRICE >= 718.83,718.83,714.73,722.93,0.57,727.03,1.14,4.1,1,2,CANCEL IF PRICE < 714.73 BEFORE ENTRY (structure low 715.1 broken),SELL 100% IF PRICE <= 714.73; SELL 50% AT 722.93 AND MOVE STOP TO 718.83; SELL REMAINING 50% AT 727.03; EXIT (FAILED_SETUP) IF A 5m CLOSE IS BACK BELOW 713.86 AND 5m STRUCTURE TURNS NEGATIVE,"BREAKOUT_RETEST: broke 713.86, retested to 715.1 and held. 5m MIXED (LH+HL), 15m MIXED (LH+HL). Entry trigger is 0.38% above the current price. Risk 4.1/share (0.57%); Target 1 722.93 = 1R (0.57%), Target 2 727.03 (2R) = 2R (1.14%). Relative strength NEUTRAL. Score parts: setup 25, structure 7, rs 0, volume 8, move 3, rr 7.",,112,NOT INTERESTING,21,,,96.6,718.47,689.04,-0.32,3.93,709.78,LOW,,,,,699.11,"Current price 716.14 is in the 97th percentile of 29 sessions (2026-08-26..2026-10-06), 0.32% below the period high 718.47 and 3.93% above the period low 689.04. Nearest strong support 702.63–709.78: 15 separate days touched it, 20 reversal(s) from it, 18 closes inside it; it is 0.89% below the price. Falling risk LOW. Only 29 sessions of history — confidence 66%. Not a buy because: price is above the history median (97th percentile)."
2026-10-07T05:03:34.000Z,QQQ,2026-08-26,2026-10-06,29,2026-10-06 15:59,759.61,OK,14,READY,49,REVERSAL,MIXED (LH+HL),MIXED (LH+HL),,NORMAL (last 30m at 0.73x its usual volume for that time of day),"LOW: typical daily range 0.92%, recent 5d 0.87%, ATR 9.52, 1/29 days moved 2%+",BUY IF PRICE >= 763.25,763.25,753.3,773.2,1.3,783.15,2.61,9.95,1,2,CANCEL IF PRICE < 753.30 BEFORE ENTRY (structure low 753.68 broken),SELL 100% IF PRICE <= 753.30; SELL 50% AT 773.20 AND MOVE STOP TO 763.25; SELL REMAINING 50% AT 783.15; EXIT (FAILED_SETUP) IF A 5m CLOSE IS BACK BELOW 754.34 AND 5m STRUCTURE TURNS NEGATIVE,"REVERSAL: downtrend to LL 747.54; last LH 754.34 reclaimed and held, HL 753.68, recovery volume weaker. 5m MIXED (LH+HL), 15m MIXED (LH+HL). Entry trigger is 0.48% above the current price. Risk 9.95/share (1.3%); Target 1 773.2 = 1R (1.3%), Target 2 783.15 (2R) = 2R (2.61%). Score parts: setup 25, structure 13, rs 0, volume 3, move 1, rr 7.",,110,NOT INTERESTING,21,,,96.6,762.86,700,-0.43,8.52,738.43,LOW,,,762.86,0.43,727.97,"Current price 759.61 is in the 97th percentile of 29 sessions (2026-08-26..2026-10-06), 0.43% below the period high 762.86 and 8.52% above the period low 700. Nearest strong support 731.63–738.43: 7 separate days touched it, 13 reversal(s) from it, 3 closes inside it; it is 2.79% below the price. Falling risk LOW. Only 29 sessions of history — confidence 66%. Not a buy because: price is above the history median (97th percentile)."
2026-10-07T05:03:34.000Z,INTU,2026-08-28,2026-10-06,27,2026-10-06 15:59,289.71,OK,17,WATCH,73,BREAKOUT,UPTREND (HH+HL),UPTREND (HH+HL),"STRONG: session +1.27%, m30 +0.6%, h2 +0.88%, multi +5.64% vs SPY/QQQ",NORMAL (last 30m at 0.95x its usual volume for that time of day),"HIGH: typical daily range 3.5%, recent 5d 3.34%, ATR 11.08, 27/27 days moved 2%+",BUY IF PRICE >= 290.21,290.21,287.3,293.12,1,296.03,2.01,2.91,1,2,CANCEL IF PRICE < 287.30 BEFORE ENTRY (structure low 287.45 broken),SELL 100% IF PRICE <= 287.30; SELL 50% AT 293.12 AND MOVE STOP TO 290.21; SELL REMAINING 50% AT 296.03; EXIT (FAILED_SETUP) IF A 5m CLOSE IS BACK BELOW 290.06 AND 5m STRUCTURE TURNS NEGATIVE,"BREAKOUT: 180-min base 287.45–290.06 (0.9% tall), resistance tested 1x, volume contracting in the base. 5m UPTREND (HH+HL), 15m UPTREND (HH+HL). Entry trigger is 0.17% above the current price. Risk 2.91/share (1%); Target 1 293.12 = 1R (1%), Target 2 296.03 (2R) = 2R (2.01%). Relative strength STRONG. Score parts: setup 10, structure 20, rs 12, volume 8, move 12, rr 11.",significant resistance 291.5 (8 touches) sits before 1.5R (294.57); resistance 290.06 tested only once,10,BUY LOWER,49,BUY IF PRICE <= 282.28,282.28,33.3,365.77,262.32,-20.8,10.44,282.28,MEDIUM,302.9,7.3,315.4,11.73,275.92,"Current price 289.71 is in the 33rd percentile of 27 sessions (2026-08-28..2026-10-06), 20.8% below the period high 365.77 and 10.44% above the period low 262.32. Nearest strong support 277.31–282.28: 4 separate days touched it, 6 reversal(s) from it, 5 closes inside it; it is 2.56% below the price. Upside to 302.9 (first resistance) is 7.3%, to 315.4 is 11.73%; downside to invalidation 275.92 is 2.25% (ratio 3.24). Falling risk MEDIUM: daily lower highs, daily lower lows, 4 new lows in the last 10 sessions. Only 27 sessions of history — confidence 65%."
2026-10-07T05:03:34.000Z,TMUS,2026-08-28,2026-10-06,27,2026-10-06 15:59,165.94,OK,28,WATCH,62,PULLBACK_CONTINUATION,UPTREND (HH+HL),UPTREND (HH+HL),"STRONG: session +0.8%, m30 +0.41%, h2 +1.26%, multi -0.67% vs SPY/QQQ",NORMAL (last 30m at 1.15x its usual volume for that time of day),"MEDIUM: typical daily range 2.32%, recent 5d 1.71%, ATR 4.18, 15/27 days moved 2%+",BUY IF PRICE >= 166.15,166.15,164.8,167.5,0.81,168.33,1.31,1.35,1,1.61,CANCEL IF PRICE < 164.80 BEFORE ENTRY (structure low 164.89 broken),SELL 100% IF PRICE <= 164.80; SELL 50% AT 167.50 AND MOVE STOP TO 166.15; SELL REMAINING 50% AT 168.33; EXIT (FAILED_SETUP) IF A 5m CLOSE IS BACK BELOW 164.89 AND 5m STRUCTURE TURNS NEGATIVE,"PULLBACK_CONTINUATION: uptrend HL 163.97 → high 165.23, pulled back 27% to 164.89 (HL held), local high 166.06, pullback on lighter volume. 5m UPTREND (HH+HL), 15m UPTREND (HH+HL). Entry trigger is 0.13% above the current price. Risk 1.35/share (0.81%); Target 1 167.5 = 1R (0.81%), Target 2 168.33 (resistance 168.33) = 1.61R (1.31%). Relative strength STRONG. Score parts: setup 10, structure 20, rs 9, volume 8, move 8, rr 7.",no pullback below the last swing high; significant resistance 167.16 (12 touches) sits before 1.5R (168.18),6,BUY NOW,46,BUY NOW AT 165.94,165.94,37,189.86,160.81,-12.6,3.19,165.77,MEDIUM,178.2,7.39,183.62,10.65,162.53,"Current price 165.94 is in the 37th percentile of 27 sessions (2026-08-28..2026-10-06), 12.6% below the period high 189.86 and 3.19% above the period low 160.81. Nearest strong support 163.35–165.77: 7 separate days touched it, 2 reversal(s) from it, 9 closes inside it; the price is inside this zone. Upside to 178.2 (first resistance) is 7.39%, to 183.62 is 10.65%; downside to invalidation 162.53 is 2.05% (ratio 3.60). Falling risk MEDIUM: daily lower highs, daily lower lows, 2 new low(s) in the last 10 sessions. Only 27 sessions of history — confidence 65%."
2026-10-07T05:03:34.000Z,XLY,2026-08-26,2026-10-06,29,2026-10-06 15:59,111.74,OK,29,WATCH,62,BREAKOUT_RETEST,UPTREND (HH+HL),UPTREND (HH+HL),"STRONG: session +0.8%, m30 +0.31%, h2 +0.52%, multi -0.06% vs SPY/QQQ",NORMAL (last 30m at 1.03x its usual volume for that time of day),"LOW: typical daily range 1.02%, recent 5d 1.09%, ATR 1.44, 0/29 days moved 2%+",BUY IF PRICE >= 111.84,111.84,111.61,112.07,0.21,112.49,0.58,0.23,1,2.83,CANCEL IF PRICE < 111.61 BEFORE ENTRY (structure low 111.68 broken),SELL 100% IF PRICE <= 111.61; SELL 50% AT 112.07 AND MOVE STOP TO 111.84; SELL REMAINING 50% AT 112.49; EXIT (FAILED_SETUP) IF A 5m CLOSE IS BACK BELOW 111.43 AND 5m STRUCTURE TURNS NEGATIVE,"BREAKOUT_RETEST: broke 111.43, retested to 111.68 and held. 5m UPTREND (HH+HL), 15m UPTREND (HH+HL). Entry trigger is 0.09% above the current price. Risk 0.23/share (0.21%); Target 1 112.07 = 1R (0.21%), Target 2 112.49 (resistance 112.49) = 2.83R (0.58%). Relative strength STRONG. Score parts: setup 10, structure 20, rs 9, volume 8, move 4, rr 11.","Higher Low at the retest not confirmed yet; upside to Target 2 is 0.58%, under 0.8% (40% of the typical daily range 1.02%)",9,BUY NOW,40,BUY NOW AT 111.74,111.74,44.8,117.84,107.99,-5.18,3.47,111.52,MEDIUM,116.77,4.5,,,110.07,"Current price 111.74 is in the 45th percentile of 29 sessions (2026-08-26..2026-10-06), 5.18% below the period high 117.84 and 3.47% above the period low 107.99. Nearest strong support 110.63–111.52: 7 separate days touched it, 15 reversal(s) from it, 7 closes inside it; the price is inside this zone. Upside to 116.77 (first resistance) is 4.5%; downside to invalidation 110.07 is 1.49% (ratio 3.01). Falling risk MEDIUM: daily lower lows, 5 new lows in the last 10 sessions. Only 29 sessions of history — confidence 66%."
2026-10-07T05:03:34.000Z,MSFT,2026-08-26,2026-10-06,29,2026-10-06 15:59,529.49,OK,15,ARMED,59,REVERSAL,UPTREND (HH+HL),DOWNTREND (LH+LL),"NEUTRAL: session -0.41%, m30 -0.27%, h2 -0.29%, multi +1.58% vs SPY/QQQ",NORMAL (last 30m at 0.97x its usual volume for that time of day),"MEDIUM: typical daily range 2.05%, recent 5d 1.8%, ATR 12.14, 15/29 days moved 2%+",BUY IF PRICE >= 535.96,535.96,523.63,548.29,2.3,560.62,4.6,12.33,1,2,CANCEL IF PRICE < 523.63 BEFORE ENTRY (structure low 523.9 broken),SELL 100% IF PRICE <= 523.63; SELL 50% AT 548.29 AND MOVE STOP TO 535.96; SELL REMAINING 50% AT 560.62; EXIT (FAILED_SETUP) IF A 5m CLOSE IS BACK BELOW 515.86 AND 5m STRUCTURE TURNS NEGATIVE,"REVERSAL: downtrend to LL 513.66; last LH 515.86 reclaimed and held, HL 523.9, recovery volume strengthening. 5m UPTREND (HH+HL), 15m DOWNTREND (LH+LL). Entry trigger is 1.22% above the current price. Risk 12.33/share (2.3%); Target 1 548.29 = 1R (2.3%), Target 2 560.62 (2R) = 2R (4.6%). Relative strength NEUTRAL. Score parts: setup 19, structure 15, rs 3, volume 8, move 7, rr 7.",15m context is a DOWNTREND,107,NOT INTERESTING,21,,,96.6,535.69,486,-1.16,8.95,508.59,LOW,,,535.69,1.17,498.86,"Current price 529.49 is in the 97th percentile of 29 sessions (2026-08-26..2026-10-06), 1.16% below the period high 535.69 and 8.95% above the period low 486. Nearest strong support 501.37–508.59: 6 separate days touched it, 10 reversal(s) from it, 10 closes inside it, heavy volume there; it is 3.95% below the price. Falling risk LOW. Only 29 sessions of history — confidence 66%. Not a buy because: price is above the history median (97th percentile)."
2026-10-07T05:03:34.000Z,CRWD,2026-08-28,2026-10-06,27,2026-10-06 15:59,278.93,OK,16,ARMED,58,BREAKOUT_RETEST,MIXED (LH+HL),DOWNTREND (LH+LL),"NEUTRAL: session +0.29%, m30 +0.24%, h2 -0.04%, multi +3.72% vs SPY/QQQ",LOW (last 30m at 0.66x its usual volume for that time of day),"HIGH: typical daily range 4.2%, recent 5d 2.98%, ATR 10.69, 27/27 days moved 2%+",BUY IF PRICE >= 287.14,287.14,271.77,302.51,5.35,317.88,10.71,15.37,1,2,CANCEL IF PRICE < 271.77 BEFORE ENTRY (structure low 271.91 broken),SELL 100% IF PRICE <= 271.77; SELL 50% AT 302.51 AND MOVE STOP TO 287.14; SELL REMAINING 50% AT 317.88; EXIT (FAILED_SETUP) IF A 5m CLOSE IS BACK BELOW 272.15 AND 5m STRUCTURE TURNS NEGATIVE,"BREAKOUT_RETEST: broke 272.15, retested to 271.91 and held. 5m MIXED (LH+HL), 15m DOWNTREND (LH+LL). Entry trigger is 2.94% above the current price. Risk 15.37/share (5.35%); Target 1 302.51 = 1R (5.35%), Target 2 317.88 (2R) = 2R (10.71%). Relative strength NEUTRAL. Score parts: setup 19, structure 7, rs 3, volume 6, move 12, rr 11.",15m context is a DOWNTREND,122,NOT INTERESTING,15,,,96.3,286.99,200.6,-2.81,39.05,258.61,LOW,,,286.99,2.89,250.98,"Current price 278.93 is in the 96th percentile of 27 sessions (2026-08-28..2026-10-06), 2.81% below the period high 286.99 and 39.05% above the period low 200.6. Nearest strong support 252.25–258.61: 4 separate days touched it, 6 reversal(s) from it, 3 closes inside it; it is 7.28% below the price. Falling risk LOW. Only 27 sessions of history — confidence 65%. Not a buy because: price is above the history median (96th percentile)."
2026-10-07T05:03:34.000Z,GE,2026-08-28,2026-10-06,27,2026-10-06 15:59,309.37,OK,42,WATCH,53,PULLBACK_CONTINUATION,UPTREND (HH+HL),DOWNTREND (LH+LL),"POSITIVE: session +0.93%, m30 +0.4%, h2 +0.23%, multi -5.14% vs SPY/QQQ",NORMAL (last 30m at 0.83x its usual volume for that time of day),"MEDIUM: typical daily range 2.17%, recent 5d 2.11%, ATR 7.5, 17/27 days moved 2%+",BUY IF PRICE >= 309.76,309.76,307.31,312.21,0.79,314.17,1.42,2.45,1,1.8,CANCEL IF PRICE < 307.31 BEFORE ENTRY (structure low 307.47 broken),SELL 100% IF PRICE <= 307.31; SELL 50% AT 312.21 AND MOVE STOP TO 309.76; SELL REMAINING 50% AT 314.17; EXIT (FAILED_SETUP) IF A 5m CLOSE IS BACK BELOW 307.47 AND 5m STRUCTURE TURNS NEGATIVE,"PULLBACK_CONTINUATION: uptrend HL 309.07 → high 310.07, pulled back 261% to 307.47 (HL held), local high 309.6, pullback on lighter volume. 5m UPTREND (HH+HL), 15m DOWNTREND (LH+LL). Entry trigger is 0.13% above the current price. Risk 2.45/share (0.79%); Target 1 312.21 = 1R (0.79%), Target 2 314.17 (resistance 314.17) = 1.8R (1.42%). Relative strength POSITIVE. Score parts: setup 10, structure 15, rs 6, volume 8, move 7, rr 7.",pullback broke the Higher Low 309.07; significant resistance 310.85 (3 touches) sits before 1.5R (313.43); 15m context is a DOWNTREND,2,BUY NOW,49,BUY NOW AT 309.37,309.37,7.4,345.63,304,-10.49,1.77,313.32,HIGH,322.14,4.13,332.14,7.36,307.51,"Current price 309.37 is in the 7th percentile of 27 sessions (2026-08-28..2026-10-06), 10.49% below the period high 345.63 and 1.77% above the period low 304. Nearest strong support 309.06–313.32: 9 separate days touched it, 10 reversal(s) from it, 7 closes inside it, heavy volume there; the price is inside this zone. Upside to 322.14 (first resistance) is 4.13%, to 332.14 is 7.36%; downside to invalidation 307.51 is 0.6% (ratio 6.87). Falling risk HIGH: 10d slope -0.57%/day, daily lower highs, daily lower lows, 2 new low(s) in the last 10 sessions. Only 27 sessions of history — confidence 65%."
2026-10-07T05:03:34.000Z,ADBE,2026-08-28,2026-10-06,27,2026-10-06 15:59,238.13,OK,44,WATCH,50,BREAKOUT,MIXED (HH+LL),DOWNTREND (LH+LL),"POSITIVE: session -0.74%, m30 +0.43%, h2 +0.57%, multi -0.32% vs SPY/QQQ",LOW (last 30m at 0.51x its usual volume for that time of day),"MEDIUM: typical daily range 2.91%, recent 5d 2.94%, ATR 7.55, 24/27 days moved 2%+",BUY IF PRICE >= 238.39,238.39,236.65,240.13,0.73,241.87,1.46,1.74,1,2,CANCEL IF PRICE < 236.65 BEFORE ENTRY (structure low 236.77 broken),SELL 100% IF PRICE <= 236.65; SELL 50% AT 240.13 AND MOVE STOP TO 238.39; SELL REMAINING 50% AT 241.87; EXIT (FAILED_SETUP) IF A 5m CLOSE IS BACK BELOW 238.27 AND 5m STRUCTURE TURNS NEGATIVE,"BREAKOUT: 180-min base 236.77–238.27 (0.63% tall), resistance tested 4x, volume not contracting in the base. 5m MIXED (HH+LL), 15m DOWNTREND (LH+LL). Entry trigger is 0.11% above the current price. Risk 1.74/share (0.73%); Target 1 240.13 = 1R (0.73%), Target 2 241.87 (2R) = 2R (1.46%). Relative strength POSITIVE. Score parts: setup 10, structure 7, rs 6, volume 1, move 15, rr 11.","structure not positive (5m MIXED, 15m DOWNTREND); significant resistance 239.35 (5 touches) sits before 1.5R (241); 15m context is a DOWNTREND",1,BUY NOW,49,BUY NOW AT 238.13,238.13,14.8,294.53,224.67,-19.15,5.99,239.2,MEDIUM,248.12,4.2,257.68,8.21,233.78,"Current price 238.13 is in the 15th percentile of 27 sessions (2026-08-28..2026-10-06), 19.15% below the period high 294.53 and 5.99% above the period low 224.67. Nearest strong support 234.96–239.2: 8 separate days touched it, 6 reversal(s) from it, 7 closes inside it; the price is inside this zone. Upside to 248.12 (first resistance) is 4.2%, to 257.68 is 8.21%; downside to invalidation 233.78 is 1.83% (ratio 2.30). Falling risk MEDIUM: daily lower highs, daily lower lows, 4 new lows in the last 10 sessions. Only 27 sessions of history — confidence 65%."
2026-10-07T05:03:34.000Z,WFC,2026-08-28,2026-10-06,27,2026-10-06 15:59,81.52,OK,45,WATCH,50,REVERSAL,UPTREND (HH+HL),MIXED (LH+HL),"NEUTRAL: session -0.41%, m30 +0.01%, h2 +0.27%, multi -1.18% vs SPY/QQQ",NORMAL (last 30m at 1.23x its usual volume for that time of day),"MEDIUM: typical daily range 1.85%, recent 5d 1.61%, ATR 1.63, 11/27 days moved 2%+",BUY IF PRICE >= 82.07,82.07,80.89,83.25,1.44,84.43,2.88,1.18,1,2,CANCEL IF PRICE < 80.89 BEFORE ENTRY (structure low 80.94 broken),SELL 100% IF PRICE <= 80.89; SELL 50% AT 83.25 AND MOVE STOP TO 82.07; SELL REMAINING 50% AT 84.43; EXIT (FAILED_SETUP) IF A 5m CLOSE IS BACK BELOW 80.67 AND 5m STRUCTURE TURNS NEGATIVE,"REVERSAL: downtrend to LL 79.81; last LH 80.67 reclaimed and held, HL 80.94, recovery volume strengthening. 5m UPTREND (HH+HL), 15m MIXED (LH+HL). Entry trigger is 0.68% above the current price. Risk 1.18/share (1.44%); Target 1 83.25 = 1R (1.44%), Target 2 84.43 (2R) = 2R (2.88%). Relative strength NEUTRAL. Score parts: setup 10, structure 15, rs 0, volume 8, move 6, rr 11.",significant resistance 82.22 (2 touches) sits before 1.5R (83.84),11,BUY LOWER,49,BUY IF PRICE <= 81.18,81.18,22.2,91.99,78,-11.39,4.51,81.18,MEDIUM,86.26,6.26,88.72,9.29,79.83,"Current price 81.52 is in the 22nd percentile of 27 sessions (2026-08-28..2026-10-06), 11.39% below the period high 91.99 and 4.51% above the period low 78. Nearest strong support 80.24–81.18: 5 separate days touched it, 3 reversal(s) from it, 5 closes inside it; it is 0.41% below the price. Upside to 86.26 (first resistance) is 6.26%, to 88.72 is 9.29%; downside to invalidation 79.83 is 1.66% (ratio 3.76). Falling risk MEDIUM: daily lower lows, 6 new lows in the last 10 sessions. Only 27 sessions of history — confidence 65%."
2026-10-07T05:03:34.000Z,MCD,2026-08-28,2026-10-06,27,2026-10-06 15:59,232.42,OK,68,WATCH,42,BREAKOUT,UPTREND (HH+HL),DOWNTREND (LH+LL),"NEUTRAL: session -0.4%, m30 +0.19%, h2 +0.09%, multi -3.13% vs SPY/QQQ",NORMAL (last 30m at 1.12x its usual volume for that time of day),"LOW: typical daily range 1.4%, recent 5d 1.37%, ATR 4.43, 5/27 days moved 2%+",BUY IF PRICE >= 233.49,233.49,231.78,235.2,0.73,237.31,1.64,1.71,1,2.23,CANCEL IF PRICE < 231.78 BEFORE ENTRY (structure low 231.9 broken),SELL 100% IF PRICE <= 231.78; SELL 50% AT 235.20 AND MOVE STOP TO 233.49; SELL REMAINING 50% AT 237.31; EXIT (FAILED_SETUP) IF A 5m CLOSE IS BACK BELOW 233.37 AND 5m STRUCTURE TURNS NEGATIVE,"BREAKOUT: 170-min base 231.9–233.37 (0.63% tall), resistance tested 6x, volume not contracting in the base. 5m UPTREND (HH+HL), 15m DOWNTREND (LH+LL). Entry trigger is 0.46% above the current price. Risk 1.71/share (0.73%); Target 1 235.2 = 1R (0.73%), Target 2 237.31 (resistance 237.31) = 2.23R (1.64%). Relative strength NEUTRAL. Score parts: setup 10, structure 15, rs 0, volume 3, move 3, rr 11.",significant resistance 234.6 (9 touches) sits before 1.5R (236.06); 15m context is a DOWNTREND,4,BUY NOW,49,BUY NOW AT 232.42,232.42,11.1,266.07,229.2,-12.65,1.4,234.04,HIGH,248.3,6.83,256.69,10.44,230.74,"Current price 232.42 is in the 11th percentile of 27 sessions (2026-08-28..2026-10-06), 12.65% below the period high 266.07 and 1.4% above the period low 229.2. Nearest strong support 231.9–234.04: 4 separate days touched it, 2 reversal(s) from it, 6 closes inside it; the price is inside this zone. Upside to 248.3 (first resistance) is 6.83%, to 256.69 is 10.44%; downside to invalidation 230.74 is 0.72% (ratio 9.45). Falling risk HIGH: 10d slope -0.29%/day, daily lower highs, daily lower lows, heavier volume on down days, 6 new lows in the last 10 sessions. Only 27 sessions of history — confidence 65%."
2026-10-07T05:03:34.000Z,AMGN,2026-08-28,2026-10-06,27,2026-10-06 15:59,402.73,OK,65,WATCH,42,BREAKOUT_RETEST,DOWNTREND (LH+LL),UPTREND (HH+HL),"NEUTRAL: session -0.14%, m30 +0.24%, h2 +0.56%, multi -7.4% vs SPY/QQQ",NORMAL (last 30m at 0.73x its usual volume for that time of day),"MEDIUM: typical daily range 2%, recent 5d 2.2%, ATR 9.92, 15/27 days moved 2%+",BUY IF PRICE >= 403.06,403.06,401.29,404.83,0.44,406.64,0.89,1.77,1,2.02,CANCEL IF PRICE < 401.29 BEFORE ENTRY (structure low 401.5 broken),SELL 100% IF PRICE <= 401.29; SELL 50% AT 404.83 AND MOVE STOP TO 403.06; SELL REMAINING 50% AT 406.64; EXIT (FAILED_SETUP) IF A 5m CLOSE IS BACK BELOW 401.51 AND 5m STRUCTURE TURNS NEGATIVE,"BREAKOUT_RETEST: broke 401.51, retested to 401.5 and held. 5m DOWNTREND (LH+LL), 15m UPTREND (HH+HL). Entry trigger is 0.08% above the current price. Risk 1.77/share (0.44%); Target 1 404.83 = 1R (0.44%), Target 2 406.64 (resistance 406.64) = 2.02R (0.89%). Relative strength NEUTRAL. Score parts: setup 10, structure 0, rs 3, volume 8, move 10, rr 11.",5m structure is a downtrend; significant resistance 404.76 (5 touches) sits before 1.5R (405.72); 5m structure still DOWNTREND; only a confirmed reversal may trigger,5,BUY NOW,46,BUY NOW AT 402.73,402.73,37,445.82,374.46,-9.66,7.55,406.58,MEDIUM,418.99,4.04,443.69,10.17,399.73,"Current price 402.73 is in the 37th percentile of 27 sessions (2026-08-28..2026-10-06), 9.66% below the period high 445.82 and 7.55% above the period low 374.46. Nearest strong support 401.74–406.58: 5 separate days touched it, 8 reversal(s) from it, 6 closes inside it; the price is inside this zone. Upside to 418.99 (first resistance) is 4.04%, to 443.69 is 10.17%; downside to invalidation 399.73 is 0.74% (ratio 5.42). Falling risk MEDIUM: 10d slope -0.21%/day, decline accelerating (5d -4.96% vs prior 3.27%). Only 27 sessions of history — confidence 65%."
2026-10-07T05:03:34.000Z,UNH,2026-08-28,2026-10-06,27,2026-10-06 15:59,376.12,OK,86,WATCH,39,BREAKOUT,DOWNTREND (LH+LL),MIXED (HH+LL),"POSITIVE: session -0.77%, m30 +0.39%, h2 +0.68%, multi -2.14% vs SPY/QQQ",NORMAL (last 30m at 0.95x its usual volume for that time of day),"MEDIUM: typical daily range 1.88%, recent 5d 2.39%, ATR 7.55, 12/27 days moved 2%+",BUY IF PRICE >= 377.25,377.25,374.45,380.05,0.74,384.47,1.91,2.8,1,2.58,CANCEL IF PRICE < 374.45 BEFORE ENTRY (structure low 374.64 broken),SELL 100% IF PRICE <= 374.45; SELL 50% AT 380.05 AND MOVE STOP TO 377.25; SELL REMAINING 50% AT 384.47; EXIT (FAILED_SETUP) IF A 5m CLOSE IS BACK BELOW 377.06 AND 5m STRUCTURE TURNS NEGATIVE,"BREAKOUT: 70-min base 374.64–377.06 (0.64% tall), resistance tested 6x, volume not contracting in the base. 5m DOWNTREND (LH+LL), 15m MIXED (HH+LL). Entry trigger is 0.3% above the current price. Risk 2.8/share (0.74%); Target 1 380.05 = 1R (0.74%), Target 2 384.47 (resistance 384.47) = 2.58R (1.91%). Relative strength POSITIVE. Score parts: setup 10, structure 0, rs 6, volume 3, move 9, rr 11.","structure not positive (5m DOWNTREND, 15m MIXED); significant resistance 378.37 (21 touches) sits before 1.5R (381.45); 5m structure still DOWNTREND; only a confirmed reversal may trigger",8,BUY NOW,41,BUY NOW AT 376.12,376.12,37,406.53,362.6,-7.48,3.73,376.85,MEDIUM,391.3,4.04,406.53,8.09,370.55,"Current price 376.12 is in the 37th percentile of 27 sessions (2026-08-28..2026-10-06), 7.48% below the period high 406.53 and 3.73% above the period low 362.6. Nearest strong support 372.42–376.85: 10 separate days touched it, 12 reversal(s) from it, 13 closes inside it; the price is inside this zone. Upside to 391.3 (first resistance) is 4.04%, to 406.53 is 8.09%; downside to invalidation 370.55 is 1.48% (ratio 2.73). Falling risk MEDIUM: daily lower highs, daily lower lows, 3 new lows in the last 10 sessions. Only 27 sessions of history — confidence 65%."
2026-10-07T05:03:34.000Z,HOOD,2026-08-31,2026-10-06,26,2026-10-06 15:59,112.01,OK,102,WATCH,33,REVERSAL,DOWNTREND (LH+LL),DOWNTREND (LH+LL),"NEGATIVE: session -2.61%, m30 +0.03%, h2 -0.73%, multi -6.08% vs SPY/QQQ",NORMAL (last 30m at 0.75x its usual volume for that time of day),"HIGH: typical daily range 4.01%, recent 5d 4.95%, ATR 5.65, 26/26 days moved 2%+",,,,,,,,,,,,,"REVERSAL: downtrend to LL 111.78; last LH 113 not reclaimed, recovery volume strengthening. 5m DOWNTREND (LH+LL), 15m DOWNTREND (LH+LL). Relative strength NEGATIVE. Score parts: setup 10, structure 0, rs 0, volume 8, move 15, rr 0.",a new low under 111.78 printed after the LL; last Lower High 113 not reclaimed; 15m context is a DOWNTREND,3,BUY NOW,49,BUY NOW AT 112.01,112.01,26.9,126.73,100.69,-11.62,11.24,115.71,MEDIUM,117.43,4.84,121.27,8.27,111.95,"Current price 112.01 is in the 27th percentile of 26 sessions (2026-08-31..2026-10-06), 11.62% below the period high 126.73 and 11.24% above the period low 100.69. Nearest strong support 112.52–115.71: 10 separate days touched it, 8 reversal(s) from it, 10 closes inside it; the price is inside this zone. Upside to 117.43 (first resistance) is 4.84%, to 121.27 is 8.27%; downside to invalidation 111.95 is 0.05% (ratio 90.26). Falling risk MEDIUM: 10d slope -1.03%/day, daily lower highs. Only 26 sessions of history — confidence 65%."
2026-10-07T05:03:34.000Z,FISV,2026-08-31,2026-10-06,26,2026-10-06 15:59,45.47,OK,115,WATCH,30,REVERSAL,DOWNTREND (LH+LL),DOWNTREND (LH+LL),"NEUTRAL: session -1.67%, m30 +0.02%, h2 +0.01%, multi -2.22% vs SPY/QQQ",LOW (last 30m at 0.69x its usual volume for that time of day),"HIGH: typical daily range 3.08%, recent 5d 3.07%, ATR 1.43, 25/26 days moved 2%+",BUY IF PRICE >= 46.31,46.31,45.4,47.22,1.97,47.77,3.15,0.91,1,1.6,CANCEL IF PRICE < 45.40 BEFORE ENTRY (structure low 45.43 broken),SELL 100% IF PRICE <= 45.40; SELL 50% AT 47.22 AND MOVE STOP TO 46.31; SELL REMAINING 50% AT 47.77; EXIT (FAILED_SETUP) IF A 5m CLOSE IS BACK BELOW 44.7 AND 5m STRUCTURE TURNS NEGATIVE,"REVERSAL: downtrend to LL 43.87; last LH 44.7 reclaimed and held, HL 45.43, recovery volume weaker. 5m DOWNTREND (LH+LL), 15m DOWNTREND (LH+LL). Entry trigger is 1.85% above the current price. Risk 0.91/share (1.97%); Target 1 47.22 = 1R (1.97%), Target 2 47.77 (resistance 47.77) = 1.6R (3.15%). Relative strength NEUTRAL. Score parts: setup 10, structure 0, rs 0, volume 1, move 12, rr 7.",significant resistance 46.4 (10 touches) sits before 1.5R (47.68); 15m context is a DOWNTREND,7,BUY NOW,45,BUY NOW AT 45.47,45.47,15.4,53.99,43.87,-15.78,3.65,45.67,HIGH,47.77,5.05,49.2,8.19,44.58,"Current price 45.47 is in the 15th percentile of 26 sessions (2026-08-31..2026-10-06), 15.78% below the period high 53.99 and 3.65% above the period low 43.87. Nearest strong support 44.81–45.67: 9 separate days touched it, 8 reversal(s) from it, 4 closes inside it; the price is inside this zone. Upside to 47.77 (first resistance) is 5.05%, to 49.2 is 8.19%; downside to invalidation 44.58 is 1.96% (ratio 2.58). Falling risk HIGH: 10d slope -0.21%/day, daily lower highs, daily lower lows, 4 new lows in the last 10 sessions. Only 26 sessions of history — confidence 65%."
