symbol,date,time,open,high,low,close,volume
AMD,2026-09-04,09:30,462,462,458.03,458.605,850888
AMD,2026-09-04,09:31,458.65,465.5,458,465.0302,207151
AMD,2026-09-04,09:32,465.16,466,463.15,465.18,152731
AMD,2026-09-04,09:33,465.075,466.8,464.5814,466.755,169012
AMD,2026-09-04,09:34,466.78,468.339,466.34,468.17,149343
AMD,2026-09-04,09:35,468.185,468.47,466.88,467.84,133602
AMD,2026-09-04,09:36,467.84,468.25,464.27,464.27,135174
AMD,2026-09-04,09:37,464.44,466.55,464,466.1317,146180
AMD,2026-09-04,09:38,466.51,466.76,465.53,465.53,76120
AMD,2026-09-04,09:39,465.5923,466.11,465.095,465.7875,54061
AMD,2026-09-04,09:40,465.7712,467.71,465.5,467.25,88565
AMD,2026-09-04,09:41,467.35,467.41,466.32,466.495,59037
AMD,2026-09-04,09:42,466.32,467,466.07,466.37,49992
AMD,2026-09-04,09:43,466.4,467,466.27,466.925,62137
AMD,2026-09-04,09:44,466.925,467.1393,464.14,465.033,103349
AMD,2026-09-04,09:45,465.0282,465.5299,464.5255,465.485,86909
AMD,2026-09-04,09:46,465.34,467.62,465.32,467.49,107125
AMD,2026-09-04,09:47,467.49,468.25,467.16,467.645,136199
AMD,2026-09-04,09:48,467.645,468.33,467.4513,467.83,83340
AMD,2026-09-04,09:49,467.73,468.8295,467.5705,468.009,96239
AMD,2026-09-04,09:50,468.1062,468.76,467.591,468.6,81635
AMD,2026-09-04,09:51,468.69,469.1,467.77,468.665,98658
AMD,2026-09-04,09:52,468.69,469.01,467.99,468.64,78050
AMD,2026-09-04,09:53,468.68,469.7699,467.93,469.7499,71364
AMD,2026-09-04,09:54,469.585,469.7279,468.2101,468.72,74670
AMD,2026-09-04,09:55,468.59,469.7,468.4,469.3901,49323
AMD,2026-09-04,09:56,469.7867,470.4,469.5738,469.79,125639
AMD,2026-09-04,09:57,469.87,470.852,469.76,470.852,105246
AMD,2026-09-04,09:58,470.95,471,470.04,470.56,133669
AMD,2026-09-04,09:59,470.445,470.98,469.26,470.43,109084
AMD,2026-09-04,10:00,470.13,471,469.8901,470.59,116837
AMD,2026-09-04,10:01,470.67,471.06,470.13,470.155,101843
AMD,2026-09-04,10:02,470.0601,470.94,469.9,470.415,70714
AMD,2026-09-04,10:03,470.485,471,469.8001,470.83,91529
AMD,2026-09-04,10:04,470.775,470.8,469.7901,470.65,65827
AMD,2026-09-04,10:05,470.75,471,469.965,470.065,75879
AMD,2026-09-04,10:06,470.088,470.88,470.07,470.55,56934
AMD,2026-09-04,10:07,470.75,471.43,470.13,470.74,82415
AMD,2026-09-04,10:08,470.6589,472.6799,470.61,472.265,143338
AMD,2026-09-04,10:09,472.27,472.415,471.5,472.1057,85637
AMD,2026-09-04,10:10,472.065,472.33,471.01,471.64,71512
AMD,2026-09-04,10:11,471.38,472,471.15,471.695,65401
AMD,2026-09-04,10:12,471.825,471.825,471.1001,471.54,77816
AMD,2026-09-04,10:13,471.59,472.29,471.4583,472.175,138709
AMD,2026-09-04,10:14,472.155,473.88,472.11,473.71,134976
AMD,2026-09-04,10:15,473.8,473.9098,472.0001,472.59,115140
AMD,2026-09-04,10:16,472.52,473.0011,471.21,471.45,93672
AMD,2026-09-04,10:17,471.4,472.17,470.63,471.115,81921
AMD,2026-09-04,10:18,471,472.12,471,471.6801,40999
AMD,2026-09-04,10:19,471.6403,471.74,470.2,470.33,61514
AMD,2026-09-04,10:20,470.33,470.7536,468.96,469.23,93769
AMD,2026-09-04,10:21,469.24,470,469,469.53,65731
AMD,2026-09-04,10:22,469.565,469.778,468.61,469.7378,65918
AMD,2026-09-04,10:23,469.77,469.7999,467.92,468.19,58251
AMD,2026-09-04,10:24,468.18,468.4699,467.845,468.23,62892
AMD,2026-09-04,10:25,468.25,468.6099,467.855,467.96,59075
AMD,2026-09-04,10:26,468.02,468.2,466.43,467.25,77692
AMD,2026-09-04,10:27,467.19,468.4799,467.145,468.05,66004
AMD,2026-09-04,10:28,468.05,468.5894,467.2955,468.5894,42347
AMD,2026-09-04,10:29,468.54,469.24,468.1,469.14,64059
AMD,2026-09-04,10:30,469.24,469.4795,468.59,469.09,81115
AMD,2026-09-04,10:31,469.09,469.29,468.2301,468.495,43117
AMD,2026-09-04,10:32,468.5554,469.19,468.495,468.71,26892
AMD,2026-09-04,10:33,468.66,468.89,468.51,468.635,15152
AMD,2026-09-04,10:34,468.7,468.7,468.19,468.345,19876
AMD,2026-09-04,10:35,468.39,468.89,468.36,468.6025,19736
AMD,2026-09-04,10:36,468.4763,469.6,468.18,469.465,55817
AMD,2026-09-04,10:37,469.5722,470.26,469.1146,470.1716,63403
AMD,2026-09-04,10:38,470.02,470.1055,469.56,469.7,25421
AMD,2026-09-04,10:39,469.6,470.22,469.56,470.22,50078
AMD,2026-09-04,10:40,470.0978,470.7295,469.8795,469.9999,48419
AMD,2026-09-04,10:41,469.915,469.95,468.7883,469.46,44172
AMD,2026-09-04,10:42,469.494,469.494,468.6841,468.6841,24051
AMD,2026-09-04,10:43,468.825,469.2899,468.57,468.865,31719
AMD,2026-09-04,10:44,468.78,468.98,468.3169,468.3801,27886
AMD,2026-09-04,10:45,468.53,468.92,468.3018,468.375,38482
AMD,2026-09-04,10:46,468.36,469.42,468.16,469.3191,42178
AMD,2026-09-04,10:47,469.4718,469.6499,468.52,468.52,22628
AMD,2026-09-04,10:48,468.755,469,467.83,467.83,58099
AMD,2026-09-04,10:49,467.82,468.05,467.2,467.27,37776
AMD,2026-09-04,10:50,467.2,468.5,467.2,468.295,38823
AMD,2026-09-04,10:51,468.37,469.63,468.3246,469.63,26993
AMD,2026-09-04,10:52,469.6299,469.85,469.2101,469.63,35271
AMD,2026-09-04,10:53,469.705,470.66,469.61,470.515,93629
AMD,2026-09-04,10:54,470.54,470.74,470.13,470.41,39053
AMD,2026-09-04,10:55,470.4675,471.19,470.41,471.13,51101
AMD,2026-09-04,10:56,471.06,471.27,470.58,470.71,69205
AMD,2026-09-04,10:57,470.81,472.23,470.6632,472.19,77992
AMD,2026-09-04,10:58,472.15,472.64,471.9541,472.64,61435
AMD,2026-09-04,10:59,472.61,472.96,472.23,472.84,61072
AMD,2026-09-04,11:00,472.79,473.1,472.346,472.64,64618
AMD,2026-09-04,11:01,472.72,472.78,472.2901,472.605,28775
AMD,2026-09-04,11:02,472.5504,472.7699,470.4,470.7,95783
AMD,2026-09-04,11:03,470.88,471.14,470.36,470.935,36212
AMD,2026-09-04,11:04,470.77,471.45,470.4894,471.45,32568
AMD,2026-09-04,11:05,471.345,471.38,470.71,471.09,27004
AMD,2026-09-04,11:06,471.16,471.2699,470.7992,471.2699,30933
AMD,2026-09-04,11:07,471.13,471.64,471,471.15,36150
AMD,2026-09-04,11:08,471.15,471.3,470.7805,470.8026,25187
AMD,2026-09-04,11:09,470.92,471.14,470.75,471.14,26351
AMD,2026-09-04,11:10,470.99,471.14,470.7133,470.94,11003
AMD,2026-09-04,11:11,470.94,471.2,470.64,470.98,21983
AMD,2026-09-04,11:12,471.015,471.86,470.86,471.825,66557
AMD,2026-09-04,11:13,471.88,471.88,471.3048,471.545,25284
AMD,2026-09-04,11:14,471.55,471.62,471.1905,471.44,14743
AMD,2026-09-04,11:15,471.52,471.57,471.1201,471.3,20095
AMD,2026-09-04,11:16,471.28,471.345,470.54,470.68,36360
AMD,2026-09-04,11:17,470.74,470.7898,470.23,470.5507,26154
AMD,2026-09-04,11:18,470.391,470.6478,470.09,470.34,37140
AMD,2026-09-04,11:19,470.375,470.705,470.15,470.385,23571
AMD,2026-09-04,11:20,470.4271,470.81,470.08,470.25,28938
AMD,2026-09-04,11:21,470.1,470.2,469.55,469.76,48032
AMD,2026-09-04,11:22,469.5505,470.2789,469.442,469.63,59099
AMD,2026-09-04,11:23,469.62,469.9253,469.565,469.75,21985
AMD,2026-09-04,11:24,469.845,469.9,469.4,469.4346,140614
AMD,2026-09-04,11:25,469.515,469.7099,469.1831,469.44,19124
AMD,2026-09-04,11:26,469.36,469.5,469.24,469.415,14772
AMD,2026-09-04,11:27,469.28,469.9,469.18,469.8799,36212
AMD,2026-09-04,11:28,469.7,470.05,469.5701,469.93,21573
AMD,2026-09-04,11:29,469.61,469.93,469.38,469.75,28183
AMD,2026-09-04,11:30,469.8,469.8,469.0501,469.195,21533
AMD,2026-09-04,11:31,469.1607,469.5791,469.05,469.27,16085
AMD,2026-09-04,11:32,469.29,469.4617,469.26,469.2825,11776
AMD,2026-09-04,11:33,469.33,469.385,469.0506,469.165,12761
AMD,2026-09-04,11:34,469.165,469.279,468.82,469.06,29225
AMD,2026-09-04,11:35,469.05,469.77,469.05,469.385,31409
AMD,2026-09-04,11:36,469.515,469.8,469.36,469.7999,21882
AMD,2026-09-04,11:37,469.5928,470,469.5907,469.98,24769
AMD,2026-09-04,11:38,469.935,470.3,469.935,470.3,35867
AMD,2026-09-04,11:39,470.265,470.44,470.02,470.38,18219
AMD,2026-09-04,11:40,470.5,470.52,470.12,470.2275,12455
AMD,2026-09-04,11:41,470.24,470.57,470.13,470.495,19633
AMD,2026-09-04,11:42,470.495,471.09,470.495,471.06,59535
AMD,2026-09-04,11:43,470.975,471.02,470.45,470.72,22312
AMD,2026-09-04,11:44,470.775,470.775,470.5,470.7089,11328
AMD,2026-09-04,11:45,470.71,470.71,470.17,470.5,19463
AMD,2026-09-04,11:46,470.46,470.61,470,470.045,13719
AMD,2026-09-04,11:47,470.047,470.2,469.27,469.41,32684
AMD,2026-09-04,11:48,469.2669,469.5699,469.12,469.445,14740
AMD,2026-09-04,11:49,469.58,469.888,469.445,469.765,22070
AMD,2026-09-04,11:50,469.6631,470.13,469.5102,469.61,20356
AMD,2026-09-04,11:51,469.65,469.9,469.5466,469.705,9557
AMD,2026-09-04,11:52,469.71,470.06,469.71,469.85,12535
AMD,2026-09-04,11:53,469.97,469.97,469.62,469.84,11762
AMD,2026-09-04,11:54,469.84,470,469.5619,470,17101
AMD,2026-09-04,11:55,470.1,470.37,470.07,470.105,16502
AMD,2026-09-04,11:56,470.11,470.84,470.11,470.565,22275
AMD,2026-09-04,11:57,470.59,470.69,470.37,470.49,19697
AMD,2026-09-04,11:58,470.5,470.745,470.5,470.5645,17969
AMD,2026-09-04,11:59,470.6,470.79,470.52,470.7,13251
AMD,2026-09-04,12:00,470.73,470.99,470.56,470.83,24917
AMD,2026-09-04,12:01,470.815,471.08,470.6601,470.745,20805
AMD,2026-09-04,12:02,470.745,471.45,470.68,470.884,44056
AMD,2026-09-04,12:03,470.8213,470.98,470.65,470.65,12862
AMD,2026-09-04,12:04,470.62,471.01,470.62,470.905,17904
AMD,2026-09-04,12:05,471.09,471.6,471.04,471.4404,40558
AMD,2026-09-04,12:06,471.57,471.7099,471.01,471.57,36783
AMD,2026-09-04,12:07,471.585,472.335,471.5138,472.19,47237
AMD,2026-09-04,12:08,472.16,472.7441,472.11,472.49,39057
AMD,2026-09-04,12:09,472.365,472.55,472.1301,472.158,22168
AMD,2026-09-04,12:10,472.33,473.97,472.1101,473.895,110318
AMD,2026-09-04,12:11,473.81,473.98,473.67,473.83,27156
AMD,2026-09-04,12:12,473.84,474.1899,473.601,473.69,59974
AMD,2026-09-04,12:13,473.8,474.3,473.55,473.82,67705
AMD,2026-09-04,12:14,473.8699,474.15,473.72,474.045,45005
AMD,2026-09-04,12:15,474.02,474.18,473.6649,474.02,26904
AMD,2026-09-04,12:16,474.1,474.26,473.6688,473.6688,27484
AMD,2026-09-04,12:17,473.6587,473.9599,472.91,473.17,51789
AMD,2026-09-04,12:18,473.175,473.175,472.06,472.29,38871
AMD,2026-09-04,12:19,472.33,472.5498,471.9,472.22,25766
AMD,2026-09-04,12:20,472.1,472.92,472.044,472.9,29070
AMD,2026-09-04,12:21,472.7389,473.25,472.33,472.435,31463
AMD,2026-09-04,12:22,472.4,472.4299,471.7741,471.8005,27020
AMD,2026-09-04,12:23,471.94,472,471.59,471.76,40946
AMD,2026-09-04,12:24,471.8223,473.8199,471.5101,473.45,42980
AMD,2026-09-04,12:25,473.46,473.8,472.815,473.0701,37504
AMD,2026-09-04,12:26,473.25,473.83,472.89,473.5,57807
AMD,2026-09-04,12:27,473.255,473.67,473.0901,473.275,24572
AMD,2026-09-04,12:28,473.245,473.3,472.69,472.79,24515
AMD,2026-09-04,12:29,472.78,473,472.635,472.7275,12929
AMD,2026-09-04,12:30,472.84,473.19,472.7343,473.19,21090
AMD,2026-09-04,12:31,472.99,473.8,472.8801,473.5667,23446
AMD,2026-09-04,12:32,473.8299,473.8299,473.49,473.64,20173
AMD,2026-09-04,12:33,473.62,473.75,473.4401,473.6471,17251
AMD,2026-09-04,12:34,473.705,474,473.52,473.69,24136
AMD,2026-09-04,12:35,473.66,474,473.61,473.765,15780
AMD,2026-09-04,12:36,473.92,473.95,473.61,473.95,20179
AMD,2026-09-04,12:37,473.89,474,473.512,473.765,27941
AMD,2026-09-04,12:38,473.73,474,473.6601,473.71,19573
AMD,2026-09-04,12:39,473.7001,473.98,473.7001,473.78,14549
AMD,2026-09-04,12:40,473.86,474.8,473.86,474.595,63519
AMD,2026-09-04,12:41,474.595,474.74,474.11,474.68,38753
AMD,2026-09-04,12:42,474.74,474.96,474.6,474.93,60450
AMD,2026-09-04,12:43,474.87,475.25,474.72,474.93,99281
AMD,2026-09-04,12:44,474.96,475.55,474.93,475.2415,56315
AMD,2026-09-04,12:45,475.3,475.37,475.0668,475.32,43606
AMD,2026-09-04,12:46,475.23,475.305,474.86,475.204,24144
AMD,2026-09-04,12:47,475.21,475.4451,475.2,475.4451,25234
AMD,2026-09-04,12:48,475.43,475.6499,475.27,475.315,39386
AMD,2026-09-04,12:49,475.36,476.23,475.3006,476.16,92531
AMD,2026-09-04,12:50,476.24,476.6099,476.16,476.46,29795
AMD,2026-09-04,12:51,476.46,476.46,475.91,476.06,120250
AMD,2026-09-04,12:52,476.0366,476.12,475.7402,475.87,24291
AMD,2026-09-04,12:53,475.9501,476.23,475.8,476.16,25708
AMD,2026-09-04,12:54,476.08,476.6779,476.08,476.6168,81172
AMD,2026-09-04,12:55,476.635,476.64,476.3846,476.54,24407
AMD,2026-09-04,12:56,476.45,476.4699,476.1608,476.3101,27036
AMD,2026-09-04,12:57,476.42,476.8,476.3043,476.57,39393
AMD,2026-09-04,12:58,476.69,477.2,476.5308,476.9,56805
AMD,2026-09-04,12:59,476.923,476.99,476.58,476.915,19575
AMD,2026-09-04,13:00,476.8,476.886,476.36,476.4881,26099
AMD,2026-09-04,13:01,476.52,476.61,476.1839,476.43,25799
AMD,2026-09-04,13:02,476.3957,476.3957,475.76,475.9,53324
AMD,2026-09-04,13:03,475.875,476.2399,475.58,475.6001,25412
AMD,2026-09-04,13:04,475.6,475.6823,475.1301,475.65,38650
AMD,2026-09-04,13:05,475.52,475.96,475.52,475.9037,17841
AMD,2026-09-04,13:06,475.93,475.95,475.595,475.85,17982
AMD,2026-09-04,13:07,475.93,475.94,475.405,475.405,13465
AMD,2026-09-04,13:08,475.4,475.4,474.74,474.8,59939
AMD,2026-09-04,13:09,474.865,475.51,474.86,475.3409,21390
AMD,2026-09-04,13:10,475.26,475.5099,475.2,475.29,17188
AMD,2026-09-04,13:11,475.26,475.3,474.88,475,16580
AMD,2026-09-04,13:12,474.81,475.2,474.8,474.955,41930
AMD,2026-09-04,13:13,474.8971,475.21,474.66,474.9,36010
AMD,2026-09-04,13:14,474.9,475.06,474.8,474.97,23067
AMD,2026-09-04,13:15,474.87,475.2399,474.77,474.9737,19891
AMD,2026-09-04,13:16,475,475.1499,474.82,475.02,16812
AMD,2026-09-04,13:17,475.0201,475.079,474.704,474.79,31373
AMD,2026-09-04,13:18,474.79,474.79,474.4104,474.49,15694
AMD,2026-09-04,13:19,474.5368,474.54,474.111,474.2396,31541
AMD,2026-09-04,13:20,474.24,474.3999,473.85,473.995,28497
AMD,2026-09-04,13:21,473.93,473.98,473.38,473.455,43719
AMD,2026-09-04,13:22,473.49,473.87,473.48,473.65,25116
AMD,2026-09-04,13:23,473.692,474.02,473.56,474.01,35572
AMD,2026-09-04,13:24,473.92,473.99,473.73,473.76,24497
AMD,2026-09-04,13:25,473.8,474.25,473.7769,474.16,15818
AMD,2026-09-04,13:26,474.2,474.3521,474.096,474.096,32461
AMD,2026-09-04,13:27,474.17,474.2937,474.1376,474.15,14496
AMD,2026-09-04,13:28,474.1,474.15,473.8225,473.8225,30061
AMD,2026-09-04,13:29,473.8375,473.995,473.6001,473.96,19560
AMD,2026-09-04,13:30,473.83,473.84,473.5,473.72,26123
AMD,2026-09-04,13:31,473.7499,473.7499,473.3601,473.37,18319
AMD,2026-09-04,13:32,473.53,473.6,473.2,473.31,24862
AMD,2026-09-04,13:33,473.34,473.34,472.775,472.84,29189
AMD,2026-09-04,13:34,472.88,472.88,472.62,472.7,32814
AMD,2026-09-04,13:35,472.7,473.22,472.62,473.115,32098
AMD,2026-09-04,13:36,473.115,473.55,473,473.49,17353
AMD,2026-09-04,13:37,473.65,473.75,473.4,473.6582,17844
AMD,2026-09-04,13:38,473.5301,473.55,473.14,473.14,20559
AMD,2026-09-04,13:39,473.31,473.43,473.25,473.335,9026
AMD,2026-09-04,13:40,473.29,473.29,473.0201,473.155,11041
AMD,2026-09-04,13:41,473.325,473.325,473,473.02,18738
AMD,2026-09-04,13:42,473.05,473.05,472.5,472.51,16545
AMD,2026-09-04,13:43,472.5,472.94,472.485,472.85,25183
AMD,2026-09-04,13:44,472.925,472.97,472.775,472.775,13830
AMD,2026-09-04,13:45,472.765,472.765,472.4,472.495,23675
AMD,2026-09-04,13:46,472.495,472.8459,472.45,472.805,19956
AMD,2026-09-04,13:47,472.815,473.41,472.77,473.08,20781
AMD,2026-09-04,13:48,473.2276,473.2276,472.81,472.9501,13955
AMD,2026-09-04,13:49,473.035,473.0775,472.79,472.89,10717
AMD,2026-09-04,13:50,472.89,472.9999,472.5842,472.67,11928
AMD,2026-09-04,13:51,472.635,472.94,472.635,472.93,23480
AMD,2026-09-04,13:52,472.875,473.1,472.875,473,19276
AMD,2026-09-04,13:53,472.915,472.97,472.6485,472.6636,26711
AMD,2026-09-04,13:54,472.71,472.73,472.67,472.7299,5883
AMD,2026-09-04,13:55,472.73,472.7601,472.51,472.62,10642
AMD,2026-09-04,13:56,472.67,472.82,472.5707,472.725,11354
AMD,2026-09-04,13:57,472.66,472.88,472.5903,472.76,10466
AMD,2026-09-04,13:58,472.76,473.2221,472.665,473.2,17236
AMD,2026-09-04,13:59,473.16,473.2,472.8714,472.92,13874
AMD,2026-09-04,14:00,472.92,473.01,472.85,472.9799,10204
AMD,2026-09-04,14:01,472.98,472.98,472.46,472.47,15531
AMD,2026-09-04,14:02,472.47,472.503,472.27,472.27,14236
AMD,2026-09-04,14:03,472.29,472.4023,472.03,472.0701,22771
AMD,2026-09-04,14:04,472.055,472.1899,471.89,472.03,33500
AMD,2026-09-04,14:05,471.9386,472.0499,471.8437,471.975,15403
AMD,2026-09-04,14:06,471.91,472,471.79,471.83,8842
AMD,2026-09-04,14:07,471.795,471.795,471.5907,471.6672,10915
AMD,2026-09-04,14:08,471.655,472,471.645,471.99,37406
AMD,2026-09-04,14:09,471.98,472.4299,471.93,472.32,24901
AMD,2026-09-04,14:10,472.3454,472.37,472.15,472.225,16458
AMD,2026-09-04,14:11,472.215,472.49,472.215,472.2912,13598
AMD,2026-09-04,14:12,472.2665,472.4164,472.1301,472.26,15604
AMD,2026-09-04,14:13,472.18,472.35,471.89,471.89,13692
AMD,2026-09-04,14:14,471.9,471.97,471.67,471.71,10646
AMD,2026-09-04,14:15,471.755,471.84,471.625,471.84,17442
AMD,2026-09-04,14:16,471.84,471.9,471.52,471.585,11184
AMD,2026-09-04,14:17,471.76,471.98,471.74,471.98,9579
AMD,2026-09-04,14:18,471.8851,472.25,471.88,472.16,19260
AMD,2026-09-04,14:19,472.2,472.289,472.07,472.07,13022
AMD,2026-09-04,14:20,472.125,472.125,471.82,472.0868,10608
AMD,2026-09-04,14:21,472.025,472.15,472,472,10041
AMD,2026-09-04,14:22,472.13,472.1325,471.91,471.91,9220
AMD,2026-09-04,14:23,471.96,472.09,471.86,472.06,14251
AMD,2026-09-04,14:24,472.04,472.11,471.78,471.82,11761
AMD,2026-09-04,14:25,471.78,471.96,471.75,471.91,8605
AMD,2026-09-04,14:26,471.89,472.01,471.725,471.765,8258
AMD,2026-09-04,14:27,471.75,472,471.75,471.98,13280
AMD,2026-09-04,14:28,471.98,472.0113,471.8,471.9099,8933
AMD,2026-09-04,14:29,471.9,472.26,471.82,472.1201,18546
AMD,2026-09-04,14:30,472.13,472.48,472.1012,472.29,15163
AMD,2026-09-04,14:31,472.29,472.51,472.23,472.49,19460
AMD,2026-09-04,14:32,472.57,472.67,472.325,472.67,45887
AMD,2026-09-04,14:33,472.585,472.6999,472.4001,472.5394,19372
AMD,2026-09-04,14:34,472.6,472.72,472.6,472.615,11714
AMD,2026-09-04,14:35,472.63,472.67,472.24,472.34,16591
AMD,2026-09-04,14:36,472.34,472.375,472.0001,472.07,13037
AMD,2026-09-04,14:37,472.065,472.27,471.945,471.95,30769
AMD,2026-09-04,14:38,471.8601,472.08,471.8495,472.08,14111
AMD,2026-09-04,14:39,472.055,472.12,471.84,472,11814
AMD,2026-09-04,14:40,471.96,472.1,471.83,471.925,12206
AMD,2026-09-04,14:41,471.8004,471.995,471.7508,471.805,15314
AMD,2026-09-04,14:42,471.7501,471.8851,471.5804,471.5804,14615
AMD,2026-09-04,14:43,471.63,471.88,471.6,471.84,11207
AMD,2026-09-04,14:44,471.885,472.0206,471.86,471.92,16052
AMD,2026-09-04,14:45,471.935,472,471.86,471.91,16979
AMD,2026-09-04,14:46,471.93,472.04,471.85,471.85,8810
AMD,2026-09-04,14:47,471.8151,471.88,471.71,471.79,13184
AMD,2026-09-04,14:48,471.7201,471.75,471.55,471.59,7501
AMD,2026-09-04,14:49,471.605,471.94,471.55,471.8501,18366
AMD,2026-09-04,14:50,471.9,472,471.73,471.8,16772
AMD,2026-09-04,14:51,471.72,471.74,471.59,471.652,10382
AMD,2026-09-04,14:52,471.64,471.9199,471.64,471.825,13155
AMD,2026-09-04,14:53,471.7405,471.93,471.71,471.735,8722
AMD,2026-09-04,14:54,471.75,472.28,471.73,472.01,25877
AMD,2026-09-04,14:55,472.075,472.29,471.935,472.19,10716
AMD,2026-09-04,14:56,472.1198,472.2,472.05,472.155,9297
AMD,2026-09-04,14:57,472.29,472.4,472.135,472.35,16577
AMD,2026-09-04,14:58,472.3,472.3499,472.1,472.11,8139
AMD,2026-09-04,14:59,472.113,472.1223,471.95,472.025,16213
AMD,2026-09-04,15:00,472.12,472.1505,471.89,472.06,12366
AMD,2026-09-04,15:01,472.1,472.44,472,472.25,23404
AMD,2026-09-04,15:02,472.21,472.21,471.74,471.915,24036
AMD,2026-09-04,15:03,471.99,472.2,471.85,472.07,12686
AMD,2026-09-04,15:04,472.01,472.2,471.66,471.66,17285
AMD,2026-09-04,15:05,471.7531,472.18,471.61,472.18,15716
AMD,2026-09-04,15:06,472.09,472.15,471.67,471.72,11281
AMD,2026-09-04,15:07,471.79,472.17,471.61,471.61,28778
AMD,2026-09-04,15:08,471.71,471.8,471.53,471.8,19092
AMD,2026-09-04,15:09,471.84,471.88,471.36,471.6,29324
AMD,2026-09-04,15:10,471.5318,471.67,471.365,471.5106,21730
AMD,2026-09-04,15:11,471.51,471.7468,471.365,471.67,11289
AMD,2026-09-04,15:12,471.7499,471.7499,471.455,471.5,16664
AMD,2026-09-04,15:13,471.52,471.61,471.3,471.41,13532
AMD,2026-09-04,15:14,471.405,471.405,471,471.095,22305
AMD,2026-09-04,15:15,471.095,471.64,471.03,471.64,20406
AMD,2026-09-04,15:16,471.55,471.68,471.46,471.5,22010
AMD,2026-09-04,15:17,471.55,471.79,471.53,471.615,22502
AMD,2026-09-04,15:18,471.53,471.71,471.5,471.605,18322
AMD,2026-09-04,15:19,471.63,471.89,471.48,471.89,29166
AMD,2026-09-04,15:20,471.9,471.9,471.73,471.805,12981
AMD,2026-09-04,15:21,471.88,471.9,471.7,471.75,10213
AMD,2026-09-04,15:22,471.79,471.92,471.71,471.75,15128
AMD,2026-09-04,15:23,471.72,471.85,471.55,471.85,16124
AMD,2026-09-04,15:24,471.83,472.04,471.83,471.93,35738
AMD,2026-09-04,15:25,472.05,472.08,471.66,471.85,15679
AMD,2026-09-04,15:26,471.73,471.85,471.57,471.7,26733
AMD,2026-09-04,15:27,471.705,471.85,471.511,471.69,11956
AMD,2026-09-04,15:28,471.7,471.73,471.5701,471.5701,11278
AMD,2026-09-04,15:29,471.61,471.75,471.57,471.65,8838
AMD,2026-09-04,15:30,471.65,472.25,471.15,472.25,55136
AMD,2026-09-04,15:31,472.3,472.65,472.255,472.43,26875
AMD,2026-09-04,15:32,472.36,472.55,472.355,472.45,17479
AMD,2026-09-04,15:33,472.46,472.74,472.46,472.685,19894
AMD,2026-09-04,15:34,472.6929,472.97,472.6929,472.96,29635
AMD,2026-09-04,15:35,472.88,473.45,472.88,473.35,34569
AMD,2026-09-04,15:36,473.35,473.5805,473,473.16,25790
AMD,2026-09-04,15:37,473.06,473.33,473.06,473.23,23285
AMD,2026-09-04,15:38,473.26,473.305,472.8167,472.925,30174
AMD,2026-09-04,15:39,472.925,473.42,472.85,473.35,29116
AMD,2026-09-04,15:40,473.33,473.7599,473.33,473.6495,36487
AMD,2026-09-04,15:41,473.57,473.7622,473.2,473.2,33686
AMD,2026-09-04,15:42,473.295,473.8,473.27,473.6768,45087
AMD,2026-09-04,15:43,473.7,473.88,473.6,473.88,21483
AMD,2026-09-04,15:44,473.815,474.06,473.61,474,42617
AMD,2026-09-04,15:45,473.94,474.36,473.94,474.354,39025
AMD,2026-09-04,15:46,474.37,474.49,473.62,473.8,49576
AMD,2026-09-04,15:47,473.78,474.08,473.55,473.81,45044
AMD,2026-09-04,15:48,473.785,474.02,473.785,473.98,23810
AMD,2026-09-04,15:49,473.95,474.35,473.9479,474.27,43024
AMD,2026-09-04,15:50,474.33,475.44,474.33,475.3544,106893
AMD,2026-09-04,15:51,475.385,476.15,475.38,475.95,84683
AMD,2026-09-04,15:52,476.04,476.317,475.92,476.1601,65412
AMD,2026-09-04,15:53,476.17,476.28,475.71,475.84,78373
AMD,2026-09-04,15:54,475.84,476.63,475.79,476.53,107060
AMD,2026-09-04,15:55,476.65,478.443,476.65,477.695,275008
AMD,2026-09-04,15:56,477.77,478.5,477.77,478.45,182099
AMD,2026-09-04,15:57,478.46,478.83,478.09,478.12,220390
AMD,2026-09-04,15:58,478.11,478.45,477.49,477.6,215801
AMD,2026-09-04,15:59,477.58,477.69,477.11,477.45,519665
AMD,2026-09-04,16:00,477.57,477.57,477.57,477.57,0
